AE.01.101	Abu Dhabi Municipality
AE.01.102	Al Ain Municipality
AE.01.103	Al Dhafra
AE.03.600	Sector 6
AE.03.200	Sector 2
AE.03.800	Sector 8
AE.03.100	Sector 1
AE.03.500	Sector 5
AE.03.700	Sector 7
AE.03.300	Sector 3
AF.08.609	Gēlān
AF.01.1115	Argō
AF.01.1108	Bahārak
AF.01.1116	Darāyim
AF.01.1117	Darwāz-e Bālā
AF.01.1110	Darwāz-e Pā’īn
AF.01.1101	Faīẕābād
AF.01.1107	Ishkāshim
AF.01.1103	Jurm
AF.01.1118	Khāsh
AF.01.1111	Khwāhān
AF.01.1102	Kishim
AF.01.1119	Kōhistān
AF.01.1120	Kūf Āb
AF.01.1112	Rāghistān
AF.01.1124	Tashkān
AF.01.1106	Wākhān
AF.01.1125	Wardūj
AF.01.1127	Yamgān
AF.01.1128	Yāwān
AF.01.1105	Zaybāk
AF.02.1902	Āb-e Kamarī
AF.02.1905	Ghōrmāch
AF.02.1904	Jowand
AF.02.1907	Muqur
AF.02.1906	Murghāb
AF.02.1903	Qādis
AF.02.1901	Qal‘ah-ye Now
AF.03.1307	Andarāb
AF.03.1311	Baghlān-e Jadīd
AF.03.1310	Būrkah
AF.03.1303	Dahanah-ye Ghōrī
AF.03.1312	Deh-e Şalāḩ
AF.03.1304	Dōshī
AF.03.1306	Khinjān
AF.03.1309	Nahrīn
AF.03.1302	Pul-e Ḩişār
AF.03.1305	Tālah wa Barfak
AF.05.2803	Kahmard
AF.05.2805	Panjāb
AF.05.2807	Sayghān
AF.05.2804	Yakāwlang
AF.06.2107	Anār Darah
AF.06.2102	Bakwāh
AF.06.2103	Gulistān
AF.06.2109	Lāsh-e Juwayn
AF.06.2104	Pur Chaman
AF.06.2108	Qal‘ah-ye Kāh
AF.06.2110	Shayb Kōh
AF.07.1811	Khān-e Chahār Bāgh
AF.07.1803	Almār
AF.07.1812	Andkhōy
AF.07.1806	Bal Chirāgh
AF.07.1809	Dowlatābād
AF.07.1807	Gurzīwān
AF.07.1805	Kōhistān
AF.07.1801	Maīmanah
AF.07.1804	Qaīşār
AF.07.1810	Qaram Qōl
AF.07.1814	Qurghān
AF.07.1808	Shīrīn Tagāb
AF.08.611	Āb Band
AF.08.614	Andaṟ
AF.08.615	Deh Yak
AF.08.601	Ghaznī
AF.08.607	Jāghūrī
AF.08.603	Khwājah ‘Omarī
AF.08.608	Muqêr
AF.08.604	Nāwur
AF.08.613	Qarah Bāgh
AF.08.619	Walī Muḩammad Shahīd Khūgyāṉī
AF.09.2701	Chaghcharān
AF.09.2710	Dū Laīnah
AF.09.2709	Dowlatyār
AF.09.2707	La‘l wa Sar Jangal
AF.09.2706	Pasāband
AF.09.2704	Sāghar
AF.09.2702	Shahrak
AF.09.2705	Taywarah
AF.09.2703	Tūlak
AF.10.2310	Dīshū
AF.10.2301	Lashkar Gāh
AF.10.2304	Mūsá Qal‘ah
AF.10.2308	Nād ‘Alī
AF.10.2302	Nahr-e Sarāj
AF.10.2313	Rēg-e Khān Neshīn
AF.10.2312	Sangīn
AF.10.2307	Wāshēr
AF.11.2011	Adraskan
AF.11.2015	Chisht-e Sharīf
AF.11.2013	Farsī
AF.11.2009	Ghōriyān
AF.11.2007	Gulrān
AF.11.2002	Injīl
AF.11.2005	Karukh
AF.11.2008	Kuhsān
AF.11.2006	Kushk
AF.11.2016	Kushk-e Kuhnah
AF.11.2003	Guz̄arah
AF.11.2012	Ōbêh
AF.11.2014	Shīnḏanḏ
AF.11.2010	Zindah Jān
AF.13.110	Bagrāmī
AF.13.109	Chahār Āsyāb
AF.13.102	Deh-e Sabz
AF.13.115	Farzah
AF.13.113	Gul Darah
AF.13.106	Istālif
AF.13.104	Kalakān
AF.13.111	Khāk-e Jabār
AF.13.103	Mīr Bachah Kōṯ
AF.13.108	Paghmān
AF.13.105	Qarah Bāgh
AF.13.107	Shakar Darah
AF.14.206	Alah Sāy
AF.14.203	Kōh Band
AF.14.201	Maḩmūd-e Rāqī
AF.14.204	Nijrāb
AF.14.205	Tagāb
AF.17.506	Azrah
AF.17.503	Barakī Barak
AF.17.502	Charkh
AF.17.504	Khōshī
AF.17.505	Muḩammad Āghah
AF.17.501	Pul-e ‘Alam
AF.18.810	Achīn
AF.18.817	Batī Kōṯ
AF.18.806	Chaparhār
AF.18.820	Darah-ye Nūr
AF.18.808	Deh Bālā
AF.18.816	Gōshtah
AF.18.801	Jalālābād
AF.18.818	Kāmah
AF.18.805	Khūgyāṉī
AF.18.819	Kūz Kunaṟ
AF.18.814	Mohmand Darah
AF.18.807	Pachīr wa Āgām
AF.18.804	Shērzād
AF.18.802	Surkh Rōd
AF.19.2203	Chahār Burjak
AF.19.2205	Khāsh Rōd
AF.19.2201	Zaranj
AF.23.2404	Arghandāb
AF.23.2412	Arghistān
AF.23.2406	Ghōrak
AF.23.2405	Khākrēz
AF.23.2407	Maywand
AF.23.2414	Myā Neshīn
AF.23.2415	Nēsh
AF.23.2410	Shōrābak
AF.23.2411	Spīn Bōldak
AF.23.2416	Zhaṟêy
AF.24.1405	‘Alīābād
AF.24.1407	Dasht-e Archī
AF.24.1402	Imām Şāḩib
AF.24.1406	Khānābād
AF.26.1202	Bangī
AF.26.1209	Chāh Āb
AF.26.1204	Chāl
AF.26.1211	Darqad
AF.26.1214	Dasht-e Qal‘ah
AF.26.1206	Farkhār
AF.26.1207	Kalafgān
AF.26.1212	Khwājah Ghār
AF.26.1217	Namak Āb
AF.26.1208	Rustāq
AF.26.1201	Tāluqān
AF.26.1210	Yangī Qal‘ah
AF.27.409	Jaghatū
AF.27.402	Jalrayz
AF.27.401	Maīdān Shahr
AF.27.407	Sayyidābād
AF.28.2503	Arghandāb
AF.28.2508	Aṯghar
AF.28.2504	Dāychōpān
AF.28.2510	Kākar
AF.28.2505	Mīzān
AF.28.2502	Shāh Jōy
AF.28.2507	Shīnkaī
AF.28.2506	Tarnêk wa Jaldak
AF.29.2903	Ḏīlah
AF.29.2910	Giyān
AF.29.2906	Gōmal
AF.29.2916	Jānī Khēl
AF.29.2915	Mutā Khān
AF.29.2913	Nīkêh
AF.29.2907	Ōmnah
AF.29.2911	Urgun District
AF.29.2908	Saṟōbī
AF.29.2901	Sharan
AF.29.2918	Yaḩyá Khēl
AF.29.2919	Yōsuf Khēl
AF.29.2902	Zarghūn Shahr
AF.29.2912	Zīṟūk
AF.30.1608	Chimtāl
AF.30.1612	Dehdādī
AF.30.1605	Dowlatābād
AF.30.1613	Kaldār
AF.30.1614	Khulm
AF.30.1610	Kishindeh
AF.30.1604	Shōr Tepah
AF.31.1706	Āqchah
AF.31.1703	Darzāb
AF.31.1708	Faīẕābād
AF.31.1709	Khamyāb
AF.31.1710	Khānaqāh
AF.31.1702	Khwājah Dū Kōh
AF.31.1707	Mardīān
AF.31.1704	Mingajik
AF.31.1705	Qarqīn
AF.31.1701	Shibirghān
AF.32.1501	Aībak
AF.32.1504	Darah-ye Şūf-e Pā’īn
AF.32.1506	Khuram wa Sār Bāgh
AF.32.1505	Rūy Dūāb
AF.33.3104	Balkhāb
AF.33.3103	Kōhistānāt
AF.33.3102	Sangchārak
AF.33.3101	Sar-e Pul
AF.33.3106	Şayād
AF.33.3105	Sōzmah Qal‘ah
AF.34.1001	Asadābād
AF.34.1003	Bar Kunaṟ
AF.34.1009	Chapah Darah
AF.34.1012	Tsowkêy
AF.34.1004	Dāngām
AF.34.1010	Darah-ye Pēch
AF.34.1011	Narang
AF.34.1005	Nāṟay
AF.34.1013	Nūrgal
AF.34.1007	Shīgal wa Shêltan
AF.34.1008	Wuṯahpūr
AF.35.903	‘Alīngār
AF.35.904	Dowlat Shāh
AF.35.901	Mehtar Lām
AF.35.902	Qarghah’ī
AF.36.705	Aḩmadābād
AF.36.708	Tsamkanī
AF.36.707	Ḏanḏ Paṯān
AF.36.701	Gardez
AF.36.711	Jājī
AF.36.706	Jānī Khēl
AF.36.710	Sayyid Karam
AF.36.703	Shwāk
AF.36.702	Zurmat
AF.37.3211	Gurbuz
AF.37.3201	Khōst
AF.37.3205	Mūsá Khēl
AF.37.3209	Şabarī
AF.37.3213	Shamul
AF.37.3204	Spērah
AF.37.3207	Têrayzaī
AF.38.3005	Barg-e Matāl
AF.38.3004	Mandōl
AF.38.3001	Pārūn
AF.39.2603	Khāş Uruzgān
AF.39.2601	Tarīn Kōṯ
AF.40.308	Bagrām
AF.40.301	Chārīkār
AF.40.302	Jabal us Sarāj
AF.40.309	Kōh-e Şāfī
AF.40.303	Sālang
AF.40.310	Sayyid Khēl
AF.40.306	Shaykh ‘Alī
AF.40.304	Shīnwārī
AF.40.305	Siyāhgird Ghōrband
AF.41.3406	Gaytī
AF.41.3402	Gīzāb
AF.41.3403	Ishtarlay
AF.41.3404	Kajrān
AF.41.3405	Khadīr
AF.41.3401	Nīlī
AF.42.3306	‘Unābah
AF.42.3301	Bāzārak
AF.42.3302	Darah-e Hazara
AF.42.3303	Khinj
AF.42.3304	Parīān
AF.13.101	Kabul
AF.24.1401	Kunduz
AF.06.2101	Farah
AF.05.2801	Bamyan
AF.03.1301	Puli Khumri
AF.13.112	Surobi
AF.28.2501	Qalāt
AF.01.1104	Kuran Wa Munjan
AF.05.2802	Shibar
AF.10.2311	Garmsīr
AF.27.405	Day Mirdad
AF.24.1404	Chahar Dara
AF.34.1015	Sirkanay
AF.27.404	Markazi Bihsud
AF.30.1601	Mazār-e Sharīf
AF.11.2001	Herat District
AF.10.2306	Naw Zad
AF.23.2401	Kandahar District
AF.30.1606	Balkh District
AL.40.10944368	Bashkia Berat
AL.40.10944369	Bashkia Kuçovë
AL.40.10944370	Bashkia Poliçan
AL.40.10944371	Bashkia Skrapar
AL.40.10944372	Bashkia Dimal
AL.41.10944373	Bashkia Bulqizë
AL.41.10944374	Bashkia Dibër
AL.41.10944375	Bashkia Klos
AL.41.10944376	Bashkia Mat
AL.42.10944377	Bashkia Durrës
AL.42.10944378	Bashkia Krujë
AL.42.10944379	Bashkia Shijak
AL.43.10944380	Bashkia Elbasan
AL.43.10944381	Bashkia Belsh
AL.43.10944382	Bashkia Cërrik
AL.43.10944383	Bashkia Gramsh
AL.43.10944384	Bashkia Librazhd
AL.43.10944385	Bashkia Peqin
AL.43.10944386	Bashkia Prrenjas
AL.44.10944387	Bashkia Divjakë
AL.44.10944388	Bashkia Fier
AL.44.10944389	Bashkia Lushnje
AL.44.10944390	Bashkia Mallakastër
AL.44.10944391	Bashkia Patos
AL.44.10944392	Bashkia Roskovec
AL.45.10944393	Bashkia Dropull
AL.45.10944394	Bashkia Gjirokastër
AL.45.10944395	Bashkia Kelcyrë
AL.45.10944396	Bashkia Libohovë
AL.45.10944397	Bashkia Memaliaj
AL.45.10944398	Bashkia Përmet
AL.45.10944399	Bashkia Tepelenë
AL.46.10944400	Bashkia Devoll
AL.46.10944401	Bashkia Kolonjë
AL.46.10944402	Bashkia Korçë
AL.46.10944403	Bashkia Maliq
AL.46.10944404	Bashkia Pogradec
AL.46.10944405	Bashkia Pustec
AL.47.10944406	Bashkia Has
AL.47.10944407	Bashkia Kukës
AL.47.10944408	Bashkia Tropojë
AL.48.10944409	Bashkia Kurbin
AL.48.10944410	Bashkia Lezhë
AL.48.10944411	Bashkia Mirditë
AL.49.10944412	Bashkia Fushë Arrës
AL.49.10944413	Bashkia Malësi e Madhe
AL.49.10944414	Bashkia Pukë
AL.49.10944415	Bashkia Shkodër
AL.49.10944416	Bashkia Vau i Dejës
AL.50.10944417	Bashkia Kamëz
AL.50.10944418	Bashkia Kavajë
AL.50.10944419	Bashkia Rrogozhinë
AL.50.10944420	Bashkia Tiranë
AL.50.10944421	Bashkia Vorë
AL.51.10944422	Bashkia Delvinë
AL.51.10944423	Bashkia Finiq
AL.51.10944424	Bashkia Himarë
AL.51.10944425	Bashkia Konispol
AL.51.10944426	Bashkia Sarandë
AL.51.10944427	Bashkia Selenicë
AL.51.10944428	Bashkia Vlorë
AM.11.616205	Arabkir
AM.08.13133004	Kapan Municipality
AM.08.13133005	Goris Municipality
AM.08.13133006	Meghri Municipality
AM.08.13133007	Sisian Municipality
AM.08.13133008	Kajaran Municipality
AM.08.13133009	Tatev Municipality
AM.08.13133010	Tegh Municipality
AM.10.13133019	Yeghegnadzor Municipality
AM.10.13133022	Jermuk Municipality
AM.10.13133023	Vayk Municipality
AM.10.13133025	Areni Municipality
AM.10.13133026	Yeghegis Municipality
AM.02.13133028	Artashat Municipality
AM.02.13133029	Ararat Municipality
AM.02.13133030	Masis Municipality
AM.02.13133031	Vedi Municipality
AM.02.13133032	Verin Dvin Municipality
AM.04.13156120	Gavar Municipality
AM.04.13156121	Chambarak Municipality
AM.04.13156122	Martuni Municipality
AM.04.13156123	Sevan Municipality
AM.04.13156124	Vardenis Municipality
AM.09.13156180	Dilijan Municipality
AM.09.13156181	Ijevan Municipality
AM.09.13156182	Berd Municipality
AM.09.13156183	Noyemberyan Municipality
AM.06.13156275	Alaverdi Municipality
AM.06.13156276	Tumanyan Municipality
AM.06.13156277	Pambak Municipality
AM.06.13156278	Lermontovo Municipality
AM.06.13156279	Fioletovo Municipality
AM.06.13156280	Vanadzor Municipality
AM.06.13156281	Spitak Municipality
AM.06.13156282	Stepanavan Municipality
AM.06.13156283	Tashir Municipality
AM.06.13156284	Gyulagarak Municipality
AM.06.13156285	Lori Berd Municipality
AM.07.13156473	Amasia Municipality
AM.07.13156474	Ashotsk Municipality
AM.07.13156475	Gyumri Municipality
AM.07.13156476	Akhuryan Municipality
AM.07.13156477	Artik Municipality
AM.07.13156478	Ani Municipality
AM.01.13156510	Tsaghkahovit Municipality
AM.01.13156511	Alagyaz Municipality
AM.01.13156512	Aparan Municipality
AM.01.13156513	Ashtarak Municipality
AM.01.13156514	Talin Municipality
AM.01.13156515	Arevut Municipality
AM.01.13156516	Metsadzor Municipality
AM.01.13156517	Shamiram Municipality
AM.05.13156540	Nairi Municipality
AM.05.13156542	Nor Hachn Municipality
AM.05.13156543	Arzni Municipality
AM.05.13156544	Abovyan Municipality
AM.05.13156545	Jrvezh Municipality
AM.05.13156546	Garni Municipality
AM.05.13156547	Byureghavan Municipality
AM.05.13156548	Akunk Municipality
AM.05.13156549	Charentsavan Municipality
AM.05.13156550	Hrazdan Municipality
AM.05.13156551	Tsaghkadzor Municipality
AM.03.13156552	Ferik Municipality
AM.03.13156553	Vagharshapat Municipality
AM.03.13156554	Parakar Municipality
AM.03.13156555	Khoy Municipality
AM.03.13156556	Araks Municipality
AM.03.13156557	Metsamor Municipality
AM.03.13156558	Armavir Municipality
AM.03.13156559	Baghramyan Municipality
AM.11.13156594	Ajapnyak
AM.11.13156596	Davtashen
AM.11.13156597	Erebuni
AM.11.13156601	Nork-Marash
AM.11.13156602	Nor Nork
AM.11.13156604	Shengavit
AO.17.145775	Chitato
AO.14.876125	Cameia
AO.12.2239859	Malanje Municipality
AO.05.2240384	Lucala
AO.20.2240445	Luanda Municipality
AO.03.2240660	Cacongo
AO.05.2242801	Cambambe
AO.19.2243911	Ambriz
AO.08.3345667	Ucuma
AO.08.3345909	Chinjenje
AO.06.3346558	Quilenda
AO.06.3346659	Porto Amboim
AO.12.3347614	Luquembo
AO.09.3347760	Lubango
AO.08.3347879	Londuimbali
AO.06.3347989	Libolo
AO.07.3348986	Cuvelai
AO.07.3349237	Cuanhama
AO.09.3349996	Chibia
AO.13.3351646	Bibala
AO.01.3351661	Benguela
AR.01.06882	Partido de Zárate
AR.08.30113	Departamento de Villaguay
AR.01.06861	Partido de Vicente López
AR.03.22168	Veinticinco de Mayo
AR.14.54119	Departamento de Veinticinco de Mayo
AR.08.30098	Departamento de Uruguay
AR.01.06840	Partido de Tres de Febrero
AR.01.06812	Partido de Tordillo
AR.01.06805	Partido de Tigre
AR.03.22161	Departamento de Tapenagá
AR.01.06791	Partido de Tandil
AR.08.30091	Departamento de Tala
AR.01.06784	Partido de Suipacha
AR.06.18175	Departamento de Sauce
AR.03.22154	Departamento de Sargento Cabral
AR.01.06778	Partido de San Vicente
AR.06.18168	Departamento de Santo Tomé
AR.06.18161	Departamento de San Roque
AR.01.06770	Partido de San Pedro
AR.14.54112	Departamento de San Pedro
AR.06.18154	Departamento de San Miguel
AR.06.18147	Departamento de San Martín
AR.06.18140	Departamento de San Luis del Palmar
AR.21.82098	Departamento de San Javier
AR.14.54105	Departamento de San Javier
AR.01.06756	Partido de San Isidro
AR.14.54098	Departamento de San Ignacio
AR.03.22140	Departamento de San Fernando
AR.06.18133	Departamento de San Cosme
AR.01.06742	Partido de San Cayetano
AR.01.06735	San Antonio de Areco
AR.01.06728	Partido de San Andrés de Giles
AR.01.06707	Partido de Saladillo
AR.06.18126	Departamento de Saladas
AR.01.06693	Partido de Roque Pérez
AR.01.06672	Partido de Rauch
AR.01.06658	Partido de Quilmes
AR.03.22126	Departamento del Primero de Mayo
AR.03.22119	Departamento de Presidencia de la Plaza
AR.09.34056	Departamento de Pirané
AR.09.34049	Departamento de Pilcomayo
AR.01.06638	Partido de Pilar
AR.09.34042	Departamento de Pilagás
AR.01.06630	Partido de Pila
AR.09.34035	Departamento de Patiño
AR.06.18119	Departamento de Paso de los Libres
AR.08.30084	Departamento de Paraná
AR.14.54091	Departamento de Oberá
AR.08.30077	Departamento de Nogoyá
AR.01.06581	Partido de Necochea
AR.01.06574	Partido de Navarro
AR.01.06568	Partido de Morón
AR.01.06560	Partido de Moreno
AR.06.18112	Departamento de Monte Caseros
AR.14.54084	Departamento de Montecarlo
AR.01.06547	Partido de Monte
AR.01.06539	Partido de Merlo
AR.01.06532	Partido de Mercedes
AR.06.18105	Departamento de Mercedes
AR.06.18098	Departamento de Mburucuyá
AR.01.06427	Partido de La Matanza
AR.01.06648	Partido de Presidente Perón
AR.01.06644	Partido de Pinamar
AR.01.06525	Partido de Marcos Paz
AR.01.06518	Partido de Mar Chiquita
AR.01.06511	Partido de Maipú
AR.01.06505	Partido de Magdalena
AR.01.06497	Partido de Luján
AR.01.06490	Partido de Lomas de Zamora
AR.01.06483	Partido de Lobos
AR.01.06476	Partido de Lobería
AR.03.22084	Departamento de Libertador General San Martín
AR.14.54077	Departamento de Libertador General San Martín
AR.03.22077	Departamento de Libertad
AR.14.54070	Departamento de Leandro N. Alem
AR.06.18091	Departamento de Lavalle
AR.01.06455	Partido de Las Flores
AR.01.06441	Partido de La Plata
AR.08.30070	Departamento de La Paz
AR.01.06434	Partido de Lanús
AR.09.34021	Departamento de Laishí
AR.01.06084	Partido de Benito Juárez
AR.01.06412	Partido de José C. Paz
AR.06.18084	Departamento de Ituzaingó
AR.06.18077	Departamento de Itatí
AR.01.06655	Partido de Punta Indio
AR.14.54063	Departamento de Iguazú
AR.14.54056	Departamento de Guaraní
AR.08.30056	Departamento de Gualeguaychú
AR.08.30049	Departamento de Gualeguay
AR.06.18070	Departamento de Goya
AR.01.06371	Partido de General San Martín
AR.01.06364	Partido de General Rodríguez
AR.01.06357	Partido de General Pueyrredón
AR.01.06343	Partido de General Paz
AR.06.18063	Departamento de General Paz
AR.21.82049	General Obligado Department
AR.14.54049	Departamento de General Manuel Belgrano
AR.01.06336	Partido de General Lavalle
AR.01.06329	Partido de General Las Heras
AR.01.06315	Partido de General Madariaga
AR.01.06308	Partido de General Guido
AR.03.22056	Departamento de General Donovan
AR.01.06301	Partido de General Belgrano
AR.06.18056	Departamento de General Alvear
AR.01.06280	Partido de General Alvarado
AR.09.34014	Departamento de Formosa
AR.01.06274	Partido de Florencio Varela
AR.08.30042	Departamento de Feliciano
AR.08.30028	Departamento de Federación
AR.01.06266	Partido de Exaltación de la Cruz
AR.06.18049	Departamento de Esquina
AR.01.06252	Partido de Escobar
AR.01.06245	Partido de Ensenada
AR.06.18042	Departamento de Empedrado
AR.14.54042	Departamento de Eldorado
AR.01.06238	Partido de Dolores
AR.06.18035	Departamento de Curuzú Cuatiá
AR.08.30015	Departamento de Concordia
AR.06.18028	Departamento de Concepción
AR.14.54035	Departamento de Concepción de la Sierra
AR.08.30008	Departamento de Colón
AR.01.06224	Partido de Chivilcoy
AR.01.06218	Partido de Chascomús
AR.01.06168	Partido de Castelli
AR.01.06161	Partido de Carmen de Areco
AR.01.06140	Partido de Capitán Sarmiento
AR.06.18021	Departamento de Capital
AR.14.54028	Departamento de Capital
AR.01.06134	Partido de Canuelas
AR.14.54021	Departamento de Candelaria
AR.01.06126	Partido de Campana
AR.14.54014	Departamento de Cainguás
AR.01.06119	Partido de Brandsen
AR.06.18014	Departamento de Berón de Astrada
AR.03.22014	Departamento de Bermejo
AR.01.06098	Partido de Berisso
AR.01.06091	Partido de Berazategui
AR.06.18007	Departamento de Bella Vista
AR.01.06077	Partido de Arrecifes
AR.01.06070	Partido de Baradero
AR.01.06063	Partido de Balcarce
AR.01.06049	Partido de Azul
AR.01.06042	Partido de Ayacucho
AR.01.06035	Partido de Avellaneda
AR.14.54007	Departamento de Apóstoles
AR.01.06028	Partido de Almirante Brown
AR.18.70133	Departamento de Zonda
AR.15.58112	Departamento de Zapala
AR.10.38112	Departamento de Yaví
AR.01.06875	Partido de Villarino
AR.08.30105	Departamento de Victoria
AR.21.82133	Departamento de Vera
AR.12.46056	Departamento de General Angel Peñaloza
AR.01.06854	Partido de Veinticinco de Mayo
AR.16.62091	Departamento de Veinticinco de Mayo
AR.18.70126	Departamento de Veinticinco de Mayo
AR.02.10112	Departamento de Valle Viejo
AR.10.38105	Departamento de Valle Grande
AR.18.70119	Departamento de Valle Fértil
AR.16.62084	Departamento de Valcheta
AR.11.42154	Departamento de Utracán
AR.23.94014	Departamento de Ushuaia
AR.05.14182	Departamento de Unión
AR.13.50126	Departamento de Tupungato
AR.13.50119	Departamento de Tunuyán
AR.10.38098	Departamento de Tumbaya
AR.05.14175	Departamento de Tulumba
AR.01.06833	Partido de Tres Arroyos
AR.01.06826	Partido de Trenque Lauquen
AR.11.42147	Departamento de Trenel
AR.24.90112	Departamento de Trancas
AR.05.14168	Departamento de Totoral
AR.01.06819	Partido de Tornquist
AR.11.42140	Departamento de Toay
AR.02.10105	Departamento de Tinogasta
AR.10.38094	Departamento de Tilcara
AR.05.14161	Departamento de Tercero Arriba
AR.04.26105	Departamento de Telsen
AR.04.26098	Departamento de Tehuelches
AR.01.06798	Partido de Tapalqué
AR.10.38084	Departamento de Susques
AR.05.14154	Departamento de Sobremonte
AR.22.86189	Departamento de Silípica
AR.04.26091	Departamento de Sarmiento
AR.18.70105	Departamento de Sarmiento
AR.22.86182	Departamento de Sarmiento
AR.17.66161	Departamento de Santa Victoria
AR.13.50112	Departamento de Santa Rosa
AR.02.10098	Departamento de Santa Rosa
AR.05.14147	Departamento de Santa María
AR.02.10091	Departamento de Santa María
AR.18.70098	Departamento de Santa Lucía
AR.10.38077	Departamento de Santa Catalina
AR.10.38070	Departamento de Santa Bárbara
AR.23.94007	Departamento de Río Grande
AR.13.50105	Departamento de San Rafael
AR.10.38063	Departamento de San Pedro
AR.01.06763	Partido de San Nicolás
AR.13.50098	Departamento de San Martín
AR.19.74063	Departamento de Libertador General San Martín
AR.21.82126	Departamento de San Martín
AR.18.70091	Departamento de San Martín
AR.22.86175	Departamento de San Martín
AR.03.22147	Departamento de San Lorenzo
AR.21.82119	Departamento de San Lorenzo
AR.05.14140	Departamento de San Justo
AR.21.82112	Departamento de San Justo
AR.21.82105	San Jerónimo Department
AR.05.14133	Departamento de San Javier
AR.21.82091	Departamento de San Cristóbal
AR.13.50091	Departamento de San Carlos
AR.17.66154	Departamento de San Carlos
AR.12.46119	Departamento de San Blas de los Sauces
AR.16.62077	Departamento de San Antonio
AR.10.38056	Departamento de San Antonio
AR.05.14126	Departamento de San Alberto
AR.12.46126	Departamento de Sanagasta
AR.01.06714	Partido de Salto
AR.01.06721	Partido de Salliqueló
AR.22.86168	Departamento de Salavina
AR.01.06700	Partido de Saavedra
AR.17.66147	Departamento de Rosario de Lerma
AR.17.66140	Departamento de Rosario de la Frontera
AR.21.82084	Rosario Department
AR.01.06686	Partido de Rojas
AR.22.86161	Departamento de Robles
AR.01.06679	Partido de Rivadavia
AR.12.46070	Departamento de General Juan F. Quiroga
AR.18.70084	Departamento de Rivadavia
AR.13.50084	Departamento de Rivadavia
AR.22.86154	Departamento de Rivadavia
AR.17.66133	Departamento de Rivadavia
AR.04.26084	Departamento de Río Senguerr
AR.05.14119	Departamento de Río Segundo
AR.05.14112	Departamento de Río Seco
AR.05.14105	Departamento de Río Primero
AR.22.86147	Departamento de Río Hondo
AR.05.14098	Departamento de Río Cuarto
AR.20.78049	Departamento de Río Chico
AR.24.90077	Departamento de Río Chico
AR.10.38049	Departamento de Rinconada
AR.11.42133	Departamento de Realicó
AR.04.26077	Departamento de Rawson
AR.18.70077	Departamento de Rawson
AR.11.42126	Departamento de Rancul
AR.09.34063	Departamento de Ramón Lista
AR.01.06665	Partido de Ramallo
AR.03.22133	Departamento de Quitilipi
AR.11.42119	Departamento de Quemú Quemú
AR.22.86140	Departamento de Quebrachos
AR.05.14091	Departamento de Punilla
AR.11.42112	Departamento de Puelén
AR.01.06651	Partido de Puan
AR.19.74021	Coronel Pringles
AR.05.14084	Departamento de Presidente Roque Sáenz Peña
AR.02.10084	Departamento de Pomán
AR.18.70070	Departamento de Pocito
AR.05.14077	Departamento de Pocho
AR.16.62070	Departamento de Pilcaniyeu
AR.15.58098	Departamento de Picún Leufú
AR.15.58105	Departamento de Picunches
AR.16.62063	Departamento de Pichi Mahuida
AR.01.06623	Partido de Pergamino
AR.01.06616	Partido de Pellegrini
AR.22.86133	Departamento de Pellegrini
AR.15.58091	Departamento de Pehuenches
AR.01.06609	Partido de Pehuajó
AR.01.06602	Partido de Patagones
AR.04.26070	Departamento de Paso de Indios
AR.02.10077	Departamento de Paclín
AR.17.66126	Departamento de Orán
AR.01.06595	Partido de Olavarría
AR.22.86126	Departamento de Ojo de Agua
AR.03.22112	Departamento de O’Higgins
AR.01.06588	Partido de Nueve de Julio
AR.03.22105	Departamento de Nueve de Julio
AR.16.62049	Departamento de Nueve de Julio
AR.18.70063	Departamento de Nueve de Julio
AR.21.82077	Departamento de Nueve de Julio
AR.16.62056	Departamento de Ñorquincó
AR.15.58084	Departamento de Ñorquín
AR.22.86119	Departamento de Moreno
AR.24.90070	Departamento de Monteros
AR.17.66119	Departamento de Molinos
AR.22.86112	Departamento de Mitre
AR.15.58077	Departamento de Minas
AR.05.14070	Departamento de Minas
AR.17.66112	Departamento de Metán
AR.03.22098	Departamento de Mayor Luis J. Fontana
AR.22.86098	Departamento de Juan F. Ibarra
AR.09.34028	Departamento de Matacos
AR.04.26063	Departamento de Mártires
AR.05.14063	Departamento de Marcos Juárez
AR.11.42105	Departamento de Maracó
AR.13.50077	Departamento de Malargüe
AR.03.22091	Departamento de Maipú
AR.13.50070	Departamento de Maipú
AR.20.78042	Departamento de Magallanes
AR.13.50063	Departamento de Luján
AR.15.58070	Departamento de Los Lagos
AR.17.66105	Departamento de Los Andes
AR.15.58063	Departamento de Loncopué
AR.01.06469	Partido de Lincoln
AR.11.42091	Departamento de Limay Mahuida
AR.11.42084	Departamento de Lihuel-Calel
AR.11.42098	Departamento de Loventué
AR.10.38035	Departamento de Ledesma
AR.01.06462	Partido de Leandro N. Alem
AR.24.90056	Departamento de Leales
AR.17.66098	Departamento de La Viña
AR.13.50056	Departamento de Lavalle
AR.13.50049	Departamento de Las Heras
AR.21.82070	Las Colonias Department
AR.01.06448	Partido de Laprida
AR.17.66091	Departamento de La Poma
AR.13.50042	Departamento de La Paz
AR.02.10070	Departamento de La Paz
AR.04.26056	Departamento de Languiñeo
AR.20.78035	Departamento de Lago Buenos Aires
AR.20.78028	Departamento de Lago Argentino
AR.15.58056	Departamento de Lácar
AR.21.82063	Departamento de La Capital
AR.01.06413	Partido de Junín
AR.13.50035	Departamento de Junín
AR.19.74049	Departamento de Junín
AR.05.14056	Departamento de Juárez Celman
AR.22.86091	Departamento de Jiménez
AR.18.70056	Departamento de Jáchal
AR.05.14049	Departamento de Ischilín
AR.17.66070	Departamento de Iruya
AR.21.82056	Iriondo Department
AR.03.22070	Departamento de Independencia
AR.12.46105	Departamento de Independencia
AR.18.70049	Departamento de Iglesia
AR.10.38028	Departamento de Humahuaca
AR.15.58049	Departamento de Huiliches
AR.11.42077	Departamento de Hucal
AR.01.06406	Partido de Hipólito Yrigoyen
AR.20.78021	Departamento de Güer Aike
AR.13.50028	Departamento de Guaymallén
AR.11.42070	Departamento de Guatraché
AR.22.86084	Departamento de Guasayán
AR.01.06399	Partido de Guaminí
AR.17.66063	Departamento de Guachipas
AR.24.90035	Departamento de Graneros
AR.01.06014	Partido de Adolfo González Chaves
AR.13.50021	Departamento de Godoy Cruz
AR.19.74042	Departamento de Gobernador Vicente Dupuy
AR.12.46035	Departamento de Chamical
AR.01.06392	Partido de General Villegas
AR.01.06385	Partido de General Viamonte
AR.22.86077	Departamento de General Taboada
AR.12.46098	Departamento de Vinchina
AR.05.14042	Departamento de General San Martín
AR.12.46091	Departamento de General San Martín
AR.16.62042	Departamento de General Roca
AR.05.14035	Departamento de General Roca
AR.12.46112	Departamento de Rosario Vera Peñaloza
AR.01.06351	Partido de General Pinto
AR.19.74035	Departamento de General Pedernera
AR.12.46084	Departamento de General Ocampo
AR.17.66049	Departamento de General Güemes
AR.21.82042	General López Department
AR.12.46028	Departamento de Coronel Felipe Varela
AR.01.06322	Partido de General La Madrid
AR.12.46077	Departamento de General Lamadrid
AR.17.66056	Departamento de General José de San Martín
AR.03.22063	Departamento de General Güemes
AR.03.22049	Departamento de General Belgrano
AR.12.46063	Departamento de General Belgrano
AR.01.06294	Partido de General Arenales
AR.01.06287	Partido de General Alvear
AR.13.50014	Departamento de General Alvear
AR.04.26049	Departamento de Gastre
AR.21.82035	Garay Department
AR.04.26042	Departamento de Gaimán
AR.04.26035	Departamento de Futaleufú
AR.02.10063	Departamento de Fray Mamerto Esquiú
AR.03.22043	Fray Justo Santa María de Oro
AR.04.26028	Departamento de Florentino Ameghino
AR.22.86070	Departamento de Figueroa
AR.12.46049	Departamento de Famatina
AR.24.90028	Departamento de Famaillá
AR.04.26021	Departamento de Escalante
AR.16.62035	Departamento de El Cuy
AR.10.38014	Departamento de El Carmen
AR.02.10056	Departamento de El Alto
AR.03.22036	Departamento de Doce de Octubre
AR.08.30021	Departamento de Diamante
AR.20.78014	Departamento de Deseado
AR.04.26014	Departamento de Cushamen
AR.11.42042	Departamento de Curacó
AR.05.14028	Departamento de Cruz del Eje
AR.24.90014	Departamento de Cruz Alta
AR.20.78007	Departamento de Corpen Aike
AR.01.06203	Partido de Coronel Suárez
AR.01.06196	Partido de Coronel Pringles
AR.01.06189	Partido de Coronel Dorrego
AR.01.06182	Partido de Coronel Rosales
AR.22.86056	Departamento de Copo
AR.21.82028	Departamento de Constitución
AR.11.42035	Departamento de Conhelo
AR.15.58035	Departamento de Confluencia
AR.16.62028	Departamento de Conesa
AR.03.22021	Departamento de Comandante Fernández
AR.01.06175	Partido de Colón
AR.05.14021	Departamento de Colón
AR.15.58028	Departamento de Collón-Curá
AR.10.38007	Departamento de Cochinoca
AR.22.86063	Departamento de Choya
AR.15.58042	Departamento de Chos-Malal
AR.18.70042	Departamento de Chimbas
AR.12.46042	Departamento de Chilecito
AR.17.66042	Departamento de Chicoana
AR.24.90021	Departamento de Chicligasta
AR.11.42063	Departamento de Chical-Có
AR.11.42056	Departamento de Chapaleufú
AR.11.42049	Departamento de Chalileo
AR.01.06210	Partido de Chacabuco
AR.03.22028	Chacabuco
AR.19.74028	Departamento de Chacabuco
AR.17.66035	Departamento de Cerrillos
AR.18.70035	Departamento de Caucete
AR.11.42028	Departamento de Catriló
AR.15.58021	Departamento de Catán-Lil
AR.12.46021	Departamento de Castro Barros
AR.21.82021	Departamento de Castellanos
AR.01.06231	Partido de Daireaux
AR.21.82014	Departamento de Caseros
AR.01.06154	Partido de Carlos Tejedor
AR.01.06147	Partido de Carlos Casares
AR.11.42021	Departamento de Capital
AR.18.70028	Departamento de Capital
AR.05.14014	Departamento de Capital
AR.12.46014	Departamento de Capital
AR.02.10049	Departamento de Capital
AR.22.86049	Departamento de Capital
AR.24.90084	Departamento de Capital
AR.17.66028	Departamento Capital
AR.10.38021	Departamento de Doctor Manuel Belgrano
AR.02.10042	Departamento de Capayán
AR.18.70021	Departamento de Calingasta
AR.11.42014	Departamento de Caleu-Caleu
AR.17.66077	La Caldera
AR.05.14007	Departamento de Calamuchita
AR.17.66021	Cafayate
AR.17.66014	Departamento de Cachí
AR.24.90007	Departamento de Burruyacú
AR.01.06112	Partido de Bragado
AR.01.06105	Partido de Bolívar
AR.04.26007	Departamento de Biedma
AR.09.34007	Departamento de Bermejo
AR.19.74014	Departamento de Belgrano
AR.21.82007	Departamento de Belgrano
AR.22.86042	Departamento de Belgrano
AR.02.10035	Departamento de Belén
AR.16.62021	Departamento de Bariloche
AR.22.86035	Departamento de Banda
AR.01.06553	Partido de Monte Hermoso
AR.01.06056	Partido de Bahía Blanca
AR.19.74007	Departamento de Ayacucho
AR.16.62014	Departamento de Avellaneda
AR.22.86028	Departamento de Avellaneda
AR.11.42007	Departamento de Atreucó
AR.22.86021	Departamento de Atamisqui
AR.12.46007	Departamento de Arauco
AR.02.10028	Departamento de Antofagasta de la Sierra
AR.17.66007	Departamento de Anta
AR.18.70014	Departamento de Angaco
AR.15.58014	Departamento de Añelo
AR.02.10021	Departamento de Andalgalá
AR.02.10014	Departamento de Ancasti
AR.02.10007	Departamento de Ambato
AR.15.58007	Departamento de Aluminé
AR.03.22007	Departamento de Almirante Brown
AR.01.06021	Partido de Alberti
AR.22.86014	Departamento de Alberdi
AR.18.70007	Departamento de Albardón
AR.22.86007	Departamento de Aguirre
AR.01.06007	Partido de Adolfo Alsina
AR.16.62007	Departamento de Adolfo Alsina
AR.01.06760	Partido de San Miguel
AR.01.06420	Partido de La Costa
AR.01.06270	Partido de Ezeiza
AR.01.06277	Partido de Florentino Ameghino
AR.01.06408	Partido de Hurlingham
AR.01.06410	Partido de Ituzaingó
AR.01.06847	Partido de Tres Lomas
AR.01.06868	Partido de Villa Gesell
AR.24.90098	Departamento de Tafí del Valle
AR.24.90049	Departamento de La Cocha
AR.24.90091	Departamento de Simoca
AR.24.90105	Departamento de Tafí Viejo
AR.24.90119	Departamento de Yerba Buena
AR.24.90063	Departamento de Lules
AR.03.22039	Departamento de Dos de Abril
AR.08.30035	Departamento de Federal
AR.08.30063	Departamento de Islas del Ibicuy
AR.08.30088	Departamento de San Salvador
AR.10.38042	Departamento de Palpalá
AR.01.06515	Partido de Malvinas Argentinas
AR.01.06466	Partido de Lezama
AR.17.66084	La Candelaria
AR.19.74056	Juan Martín de Pueyrredón
AR.07.02003	Comuna 3
AR.07.02008	Comuna 8
AR.07.02004	Comuna 4
AR.07.02005	Comuna 5
AR.07.02013	Comuna 13
AR.07.02014	Comuna 14
AR.07.02001	Comuna 1
AR.07.02011	Comuna 11
AR.07.02015	Comuna 15
AR.23.94011	Tolhuin
AS.050.5881085	Tūalātai County
AS.020.7267965	Faleasao County
AS.020.8198683	Ofu County
AT.03.325	Politischer Bezirk Zwettl
AT.05.506	Politischer Bezirk Zell am See
AT.02.209	Politischer Bezirk Wolfsberg
AT.09.900	Wien Stadt
AT.03.304	Wiener Neustadt Stadt
AT.03.323	Politischer Bezirk Wiener Neustadt
AT.04.418	Wels-Land
AT.06.617	Politischer Bezirk Weiz
AT.03.322	Politischer Bezirk Waidhofen an der Thaya
AT.02.208	Politischer Bezirk Völkermarkt
AT.06.616	Politischer Bezirk Voitsberg
AT.04.417	Politischer Bezirk Vöcklabruck
AT.02.202	Villach Stadt
AT.02.207	Politischer Bezirk Villach Land
AT.04.416	Politischer Bezirk Urfahr-Umgebung
AT.03.321	Politischer Bezirk Tulln
AT.05.505	Politischer Bezirk Tamsweg
AT.04.402	Steyr Stadt
AT.04.415	Politischer Bezirk Steyr-Land
AT.02.206	Politischer Bezirk Spittal an der Drau
AT.07.709	Politischer Bezirk Schwaz
AT.03.320	Politischer Bezirk Scheibbs
AT.04.414	Politischer Bezirk Schärding
AT.02.205	Politischer Bezirk Sankt Veit an der Glan
AT.03.302	Sankt Pölten Stadt
AT.03.319	Politischer Bezirk Sankt Pölten
AT.05.504	Politischer Bezirk Sankt Johann im Pongau
AT.05.503	Politischer Bezirk Salzburg-Umgebung
AT.05.501	Salzburg Stadt
AT.01.102	Rust
AT.04.413	Politischer Bezirk Rohrbach
AT.04.412	Politischer Bezirk Ried im Innkreis
AT.07.708	Politischer Bezirk Reutte
AT.04.411	Politischer Bezirk Perg
AT.01.109	Politischer Bezirk Oberwart
AT.01.108	Politischer Bezirk Oberpullendorf
AT.01.107	Politischer Bezirk Neusiedl am See
AT.03.318	Politischer Bezirk Neunkirchen
AT.06.614	Politischer Bezirk Murau
AT.03.317	Politischer Bezirk Mödling
AT.03.316	Politischer Bezirk Mistelbach
AT.03.315	Politischer Bezirk Melk
AT.01.106	Politischer Bezirk Mattersburg
AT.04.401	Linz Stadt
AT.04.410	Politischer Bezirk Linz-Land
AT.03.314	Politischer Bezirk Lilienfeld
AT.06.612	Politischer Bezirk Liezen
AT.07.707	Politischer Bezirk Lienz
AT.06.611	Politischer Bezirk Leoben
AT.06.610	Politischer Bezirk Leibnitz
AT.07.706	Politischer Bezirk Landeck
AT.07.705	Politischer Bezirk Kufstein
AT.03.301	Krems an der Donau
AT.03.313	Politischer Bezirk Krems
AT.03.312	Politischer Bezirk Korneuburg
AT.02.201	Klagenfurt am Wörthersee
AT.02.204	Politischer Bezirk Klagenfurt Land
AT.07.704	Politischer Bezirk Kitzbühel
AT.04.409	Politischer Bezirk Kirchdorf an der Krems
AT.01.105	Politischer Bezirk Jennersdorf
AT.07.701	Innsbruck Stadt
AT.07.703	Politischer Bezirk Innsbruck Land
AT.07.702	Politischer Bezirk Imst
AT.03.311	Politischer Bezirk Horn
AT.03.310	Politischer Bezirk Hollabrunn
AT.02.203	Politischer Bezirk Hermagor
AT.05.502	Politischer Bezirk Hallein
AT.01.104	Politischer Bezirk Güssing
AT.04.408	Politischer Bezirk Grieskirchen
AT.06.606	Politischer Bezirk Graz-Umgebung
AT.06.601	Graz Stadt
AT.04.407	Politischer Bezirk Gmunden
AT.03.309	Politischer Bezirk Gmünd
AT.03.308	Politischer Bezirk Gänserndorf
AT.04.406	Politischer Bezirk Freistadt
AT.08.804	Politischer Bezirk Feldkirch
AT.01.101	Eisenstadt
AT.01.103	Eisenstadt-Umgebung
AT.04.405	Politischer Bezirk Eferding
AT.08.803	Politischer Bezirk Dornbirn
AT.06.603	Politischer Bezirk Deutschlandsberg
AT.03.307	Politischer Bezirk Bruck an der Leitha
AT.08.802	Politischer Bezirk Bregenz
AT.04.404	Politischer Bezirk Braunau am Inn
AT.08.801	Politischer Bezirk Bludenz
AT.03.306	Politischer Bezirk Baden
AT.03.305	Politischer Bezirk Amstetten
AT.02.210	Politischer Bezirk Feldkirchen
AT.03.303	Waidhofen an der Ybbs Stadt
AT.04.403	Wels Stadt
AT.06.620	Politischer Bezirk Murtal
AT.06.621	Politischer Bezirk Bruck-Mürzzuschlag
AT.06.622	Politischer Bezirk Hartberg-Fürstenfeld
AT.06.623	Politischer Bezirk Südoststeiermark
AU.05.48410	West Torrens
AU.08.57210	Plantagenet
AU.08.57080	Perth
AU.08.53290	Esperance
AU.05.40700	Burnside
AU.08.50280	Augusta Margaret River
AU.07.27350	Yarra
AU.02.17950	Warren
AU.02.17400	Tenterfield
AU.02.17350	Temora
AU.02.17310	Tamworth
AU.02.16950	Shoalhaven
AU.02.16550	Randwick
AU.02.16400	Port Stephens
AU.02.16350	Penrith
AU.02.16150	Orange
AU.02.15700	Nambucca Valley
AU.07.24780	Mildura
AU.02.15050	Maitland
AU.02.14850	Lismore
AU.02.14650	Lake Macquarie
AU.02.14000	Hornsby
AU.07.21890	Darebin
AU.02.11500	Campbelltown (NSW)
AU.02.11350	Byron
AU.02.11250	Broken Hill
AU.02.10900	Blue Mountains
AU.04.30300	Balonne
AU.07.20570	Ballarat
AU.02.10050	Albury
AU.02.17200	Sydney
AU.04.34860	Maranoa
AU.08.50980	Broome
AU.04.32260	Cassowary Coast
AU.06.60410	Brighton
AU.06.60610	Burnie
AU.06.60810	Central Coast (Tas.)
AU.06.61210	Circular Head
AU.06.61410	Clarence
AU.06.61510	Derwent Valley
AU.02.12700	Dungog
AU.02.12750	Eurobodalla
AU.02.12850	Fairfield
AU.02.12900	Forbes
AU.02.12950	Gilgandra
AU.02.13010	Glen Innes Severn
AU.02.13310	Goulburn Mulwaree
AU.02.13340	Greater Hume
AU.02.17550	Tweed
AU.02.17620	Upper Hunter
AU.06.65410	Waratah-Wynyard
AU.06.65610	West Coast
AU.06.65810	West Tamar
AU.04.35010	Moreton Bay
AU.04.35250	Mornington
AU.04.35300	Mount Isa
AU.04.35600	Murweh
AU.04.35760	North Burnett
AU.04.35780	Northern Peninsula Area
AU.04.35790	Palm Island
AU.04.35800	Paroo
AU.04.36250	Redland
AU.04.36510	Scenic Rim
AU.04.36580	Somerset
AU.04.36630	South Burnett
AU.04.36660	Southern Downs
AU.04.36720	Sunshine Coast
AU.04.36910	Toowoomba
AU.04.36950	Torres
AU.04.37010	Townsville
AU.04.37300	Weipa
AU.04.37310	Western Downs
AU.03.71000	Darwin
AU.03.71300	East Arnhem
AU.03.72200	Katherine
AU.03.72300	Litchfield
AU.03.72800	Palmerston
AU.03.73600	Roper Gulf
AU.03.74050	Tiwi Islands
AU.03.74660	West Arnhem
AU.04.37340	Whitsunday
AU.04.37400	Winton
AU.04.37600	Yarrabah
AU.05.41330	Coober Pedy
AU.05.41830	Flinders Ranges
AU.05.41960	Franklin Harbour
AU.05.42030	Gawler
AU.05.42110	Goyder
AU.05.42250	Grant
AU.05.42600	Holdfast Bay
AU.05.42750	Kangaroo Island
AU.05.43360	Kingston (SA)
AU.05.43650	Light
AU.05.43790	Loxton Waikerie
AU.05.43920	Adelaide Plains
AU.05.44060	Marion
AU.05.44210	Mid Murray
AU.05.44340	Mitcham
AU.05.44550	Mount Barker
AU.05.44620	Mount Gambier
AU.05.45040	Murray Bridge
AU.05.45090	Naracoorte Lucindale
AU.05.45120	Northern Areas
AU.05.45290	Norwood, Payneham & St Peters
AU.05.45340	Onkaparinga
AU.05.45540	Peterborough
AU.05.45680	Playford
AU.05.45890	Port Adelaide Enfield
AU.05.46090	Port Augusta
AU.05.46300	Port Lincoln
AU.05.46450	Port Pirie
AU.05.46510	Prospect
AU.05.46670	Renmark Paringa
AU.05.46860	Robe
AU.05.46970	Roxby Downs
AU.05.47140	Salisbury
AU.05.47490	Streaky Bay
AU.05.47630	Tatiara
AU.05.47700	Tea Tree Gully
AU.05.47800	Coorong
AU.05.47910	Tumby Bay
AU.05.47980	Unley
AU.05.48050	Victor Harbor
AU.05.48130	Wakefield
AU.05.48260	Walkerville
AU.05.48340	Wattle Range
AU.05.48540	Whyalla
AU.05.48750	Yankalilla
AU.05.48830	Yorke Peninsula
AU.08.50840	Bridgetown-Greenbushes
AU.08.51190	Bunbury
AU.08.51260	Busselton
AU.08.51310	Cambridge
AU.08.51330	Canning
AU.08.51400	Capel
AU.08.51540	Carnarvon
AU.08.51680	Chittering
AU.08.51750	Claremont
AU.08.51820	Cockburn
AU.08.51890	Collie
AU.08.51960	Coolgardie
AU.08.52170	Cottesloe
AU.08.52590	Dandaragan
AU.08.52660	Dardanup
AU.08.52730	Denmark
AU.08.52800	Derby-West Kimberley
AU.08.52870	Donnybrook-Balingup
AU.08.53150	East Fremantle
AU.08.53220	East Pilbara
AU.08.53360	Exmouth
AU.08.53430	Fremantle
AU.08.53780	Gosnells
AU.08.53920	Halls Creek
AU.08.53990	Harvey
AU.08.54060	Irwin
AU.08.54170	Joondalup
AU.08.54200	Kalamunda
AU.08.54280	Kalgoorlie-Boulder
AU.08.54340	Katanning
AU.08.54550	Kojonup
AU.07.20110	Alpine
AU.07.20260	Ararat
AU.07.20660	Banyule
AU.07.20740	Bass Coast
AU.07.20830	Baw Baw
AU.07.20910	Bayside (Vic.)
AU.07.21010	Benalla
AU.07.21110	Boroondara
AU.07.21180	Brimbank
AU.07.21270	Buloke
AU.07.21370	Campaspe
AU.07.21450	Cardinia
AU.07.21610	Casey
AU.07.21670	Central Goldfields
AU.07.21750	Colac Otway
AU.07.21830	Corangamite
AU.07.22110	East Gippsland
AU.07.22170	Frankston
AU.07.22250	Gannawarra
AU.07.22310	Glen Eira
AU.07.22410	Glenelg
AU.07.22490	Golden Plains
AU.07.22620	Greater Bendigo
AU.07.22670	Greater Dandenong
AU.07.22750	Greater Geelong
AU.07.22830	Greater Shepparton
AU.07.22910	Hepburn
AU.07.22980	Hindmarsh
AU.07.23110	Hobsons Bay
AU.07.23190	Horsham
AU.07.23270	Hume
AU.04.30250	Aurukun
AU.04.30370	Banana
AU.04.30410	Barcaldine
AU.04.30760	Blackall Tambo
AU.04.31000	Brisbane
AU.04.31820	Bundaberg
AU.04.31900	Burdekin
AU.04.32080	Cairns
AU.04.32250	Carpentaria
AU.04.32270	Central Highlands (Qld)
AU.04.32310	Charters Towers
AU.04.32330	Cherbourg
AU.04.32450	Cloncurry
AU.04.32500	Cook
AU.04.32770	Doomadgee
AU.04.33200	Flinders (Qld)
AU.04.33220	Fraser Coast
AU.04.33360	Gladstone
AU.04.33430	Gold Coast
AU.04.33610	Goondiwindi
AU.04.33620	Gympie
AU.04.33800	Hinchinbrook
AU.04.33830	Hope Vale
AU.04.33960	Ipswich
AU.04.33980	Isaac
AU.04.34580	Lockyer Valley
AU.04.34590	Logan
AU.04.34710	Longreach
AU.04.34770	Mackay
AU.08.54830	Kwinana
AU.08.54970	Laverton
AU.08.55040	Leonora
AU.08.55110	Mandurah
AU.08.55180	Manjimup
AU.08.55320	Melville
AU.08.55460	Merredin
AU.08.55600	Moora
AU.08.55740	Mosman Park
AU.08.56090	Mundaring
AU.08.56230	Murray
AU.08.56460	Narrogin
AU.08.56580	Nedlands
AU.08.56730	Northam
AU.08.56790	Northampton
AU.08.56930	Peppermint Grove
AU.08.57280	Port Hedland
AU.08.57490	Rockingham
AU.08.57700	Serpentine-Jarrahdale
AU.08.57840	South Perth
AU.08.57910	Stirling
AU.08.57980	Subiaco
AU.08.58050	Swan
AU.05.40070	Adelaide
AU.05.40120	Adelaide Hills
AU.05.40220	Alexandrina
AU.05.40310	Barossa
AU.05.40430	Barunga West
AU.05.40520	Berri Barmera
AU.05.40910	Campbelltown (SA)
AU.05.41010	Ceduna
AU.05.41060	Charles Sturt
AU.05.41140	Clare and Gilbert Valleys
AU.05.41190	Cleve
AU.05.41560	Copper Coast
AU.08.50080	Albany
AU.08.50210	Armadale
AU.08.50250	Ashburton
AU.08.50350	Bassendean
AU.08.50420	Bayswater
AU.08.50490	Belmont
AU.08.50630	Boddington
AU.06.60210	Break O'Day
AU.06.61610	Devonport
AU.06.61810	Dorset
AU.06.62210	George Town
AU.06.62610	Glenorchy
AU.06.62810	Hobart
AU.06.63010	Huon Valley
AU.06.63210	Kentish
AU.06.63410	King Island
AU.06.63610	Kingborough
AU.06.63810	Latrobe (Tas.)
AU.06.64010	Launceston
AU.06.64210	Meander Valley
AU.06.64610	Northern Midlands
AU.03.70200	Alice Springs
AU.03.70420	Barkly
AU.02.10250	Ballina
AU.02.10300	Balranald
AU.02.10470	Bathurst
AU.02.17420	The Hills
AU.02.10550	Bega Valley
AU.02.10600	Bellingen
AU.02.10650	Berrigan
AU.02.10750	Blacktown
AU.02.10800	Bland
AU.02.10850	Blayney
AU.02.10950	Bogan
AU.02.11150	Bourke
AU.02.11200	Brewarrina
AU.02.11300	Burwood
AU.02.11400	Cabonne
AU.02.11450	Camden
AU.02.11520	Canada Bay
AU.02.11600	Carrathool
AU.02.11720	Cessnock
AU.02.11730	Clarence Valley
AU.02.11750	Cobar
AU.02.11800	Coffs Harbour
AU.02.12000	Coolamon
AU.02.12150	Coonamble
AU.02.12350	Cowra
AU.02.13450	Griffith
AU.02.13510	Cootamundra-Gundagai
AU.02.13550	Gunnedah
AU.02.13660	Gwydir
AU.02.13800	Hawkesbury
AU.02.13850	Hay
AU.02.14100	Hunters Hill
AU.02.14200	Inverell
AU.02.14300	Junee
AU.02.14350	Kempsey
AU.02.14400	Kiama
AU.02.14500	Ku-ring-gai
AU.02.14550	Kyogle
AU.02.14600	Lachlan
AU.02.14700	Lane Cove
AU.02.14750	Leeton
AU.02.14870	Lithgow
AU.02.14900	Liverpool
AU.02.14920	Liverpool Plains
AU.02.14950	Lockhart
AU.02.15270	Mid-Western
AU.02.15300	Moree Plains
AU.02.15350	Mosman
AU.02.15650	Muswellbrook
AU.02.15750	Narrabri
AU.02.15800	Narrandera
AU.02.15850	Narromine
AU.02.15900	Newcastle
AU.02.15950	North Sydney
AU.02.16100	Oberon
AU.02.16200	Parkes
AU.02.16260	Parramatta
AU.02.16380	Port Macquarie-Hastings
AU.02.16610	Richmond Valley
AU.02.16700	Ryde
AU.02.16900	Shellharbour
AU.02.17000	Singleton
AU.02.17100	Strathfield
AU.02.17150	Sutherland
AU.02.17640	Upper Lachlan
AU.02.17650	Uralla
AU.02.17750	Wagga Wagga
AU.02.17850	Walcha
AU.02.17900	Walgett
AU.02.18020	Warrumbungle
AU.02.18050	Waverley
AU.02.18100	Weddin
AU.02.18200	Wentworth
AU.02.18250	Willoughby
AU.02.18350	Wingecarribee
AU.02.18400	Wollondilly
AU.02.18450	Wollongong
AU.02.18500	Woollahra
AU.02.18710	Yass Valley
AU.07.23350	Indigo
AU.07.23430	Kingston (Vic.)
AU.07.23670	Knox
AU.07.23810	Latrobe (Vic.)
AU.07.24130	Macedon Ranges
AU.07.24210	Manningham
AU.07.24250	Mansfield
AU.07.24330	Maribyrnong
AU.07.24410	Maroondah
AU.07.24600	Melbourne
AU.07.24650	Melton
AU.07.24850	Mitchell
AU.07.24900	Moira
AU.07.24970	Monash
AU.07.25060	Moonee Valley
AU.07.25150	Moorabool
AU.07.25250	Merri-bek
AU.07.25340	Mornington Peninsula
AU.07.25430	Mount Alexander
AU.07.25490	Moyne
AU.07.25620	Murrindindi
AU.07.25710	Nillumbik
AU.07.25810	Northern Grampians
AU.07.25900	Port Phillip
AU.07.25990	Pyrenees
AU.07.26080	Queenscliffe
AU.07.26170	South Gippsland
AU.07.26260	Southern Grampians
AU.07.26350	Stonnington
AU.07.26430	Strathbogie
AU.07.26490	Surf Coast
AU.07.26610	Swan Hill
AU.07.26670	Towong
AU.07.26700	Wangaratta
AU.07.26730	Warrnambool
AU.07.26810	Wellington
AU.07.26980	Whitehorse
AU.07.27070	Whittlesea
AU.07.27170	Wodonga
AU.07.27260	Wyndham
AU.07.27450	Yarra Ranges
AU.07.27630	Yarriambiack
AU.08.58330	Toodyay
AU.08.58510	Victoria Park
AU.08.58570	Vincent
AU.08.58610	Wagin
AU.08.58760	Wanneroo
AU.08.58820	Waroona
AU.08.59340	Wyndham-East Kimberley
AU.08.59370	York
AU.06.64810	Sorell
AU.06.65010	Southern Midlands
AU.02.17040	Snowy Monaro
AU.04.32810	Douglas
AU.08.54310	Karratha
AU.02.16490	Queanbeyan-Palerang
AU.04.34880	Mareeba
AU.04.35740	Noosa
AU.04.36370	Rockhampton
AU.04.36820	Tablelands
AU.02.10130	Armidale
AU.02.17080	Snowy Valleys
AU.02.18230	Dubbo
AU.08.53800	Greater Geraldton
AU.02.13910	Hilltops
AU.02.14170	Inner West
AU.02.15240	Mid-Coast
AU.02.15520	Murray River
AU.02.15560	Murrumbidgee
AU.02.15990	Northern Beaches
AU.02.11570	Canterbury-Bankstown
AU.02.11650	Central Coast (NSW)
AU.02.12380	Cumberland
AU.02.12730	Edward River
AU.02.12870	Federation
AU.02.12930	Georges River
AU.04.34530	Livingstone
AU.03.74680	West Daly
AU.02.10500	Bayside (NSW)
AX.213.941	Vårdö
AX.212.771	Sund
AX.213.766	Sottunga
AX.212.736	Saltvik
AX.212.438	Lumparland
AX.212.417	Lemland
AX.213.295	Kumlinge
AX.213.318	Kökar
AX.213.062	Föglö
AX.213.035	Brändö
AX.211.478	Mariehamn
AX.212.170	Jomala
AX.212.076	Hammarland
AX.212.065	Geta
AX.212.060	Finström
AX.212.043	Eckerö
AZ.35.147212	Shahbuz Rayon
AZ.35.147365	Ordubad Rayon
AZ.35.147997	Sharur Rayon
AZ.35.148132	Julfa Rayon
AZ.35.409387	Sadarak Rayon
AZ.35.7669114	Babek Rayon
AZ.35.8014931	Kangarli Rayon
BA.02.3294911	Opština Modriča
BA.01.3343704	Unsko-Sanski Kanton
BA.01.3343706	Posavski Kanton
BA.01.3343716	Tuzlanski Kanton
BA.01.3343722	Zeničko-Dobojski Kanton
BA.01.3343726	Bosansko-Podrinjski Kanton Goražde
BA.01.3343731	Srednjobosanski Kanton
BA.01.3343736	Zapadnohercegovački Kanton
BA.01.3343737	Canton of Sarajevo
BA.01.3343740	Kanton 10
BD.82.4050	Kushtia
BD.85.1006	Barisal
BD.87.5577	Panchagarh
BD.87.5594	Thakurgaon
BD.87.5527	Dinajpur
BD.87.5573	Nilphamari Zila
BD.87.5552	Lalmonirhat District
BD.87.5549	Kurigram
BD.87.5585	Rangpur
BD.87.5532	Gaibandha
BD.83.5064	Naogaon
BD.83.5038	Joypurhat
BD.83.5010	Bogra
BD.83.5070	Chapai Nababganj
BD.83.5081	Rajshahi
BD.83.5069	Natore
BD.83.5088	Sirajganj
BD.83.5076	Pabna
BD.H.3089	Sherpur
BD.H.3072	Netrakona
BD.H.3039	Jamalpur
BD.H.3061	Mymensingh
BD.81.3093	Tangail
BD.81.3033	Gazipur
BD.81.3048	Kishoregonj
BD.81.3068	Narsingdi
BD.81.3026	Dhaka
BD.81.3029	Faridpur
BD.81.3067	Narayanganj
BD.81.3035	Gopalganj
BD.81.3086	Shariatpur
BD.81.3054	Madaripur
BD.86.6090	Sunamganj
BD.86.6091	Sylhet
BD.86.6058	Maulvibazar
BD.86.6036	Habiganj
BD.84.2012	Brahmanbaria
BD.84.2019	Cumilla
BD.84.2013	Chandpur
BD.84.2051	Lakshmipur
BD.84.2075	Noakhali
BD.84.2030	Feni
BD.84.2046	Khagrachhari
BD.84.2015	Chittagong
BD.84.2003	Bandarban
BD.84.2022	Cox's Bazar
BD.82.4057	Meherpur
BD.82.4044	Jhenaidah
BD.82.4018	Chuadanga
BD.82.4055	Magura
BD.82.4041	Jessore
BD.82.4065	Narail
BD.82.4001	Bagerhat
BD.82.4047	Khulna
BD.82.4087	Satkhira
BD.85.1042	Jhalokati
BD.85.1009	Bhola
BD.85.1078	Patuakhali
BD.85.1004	Barguna
BD.81.3056	Manikganj
BD.85.1079	Pirojpur
BD.84.2084	Rangamati
BE.VLG.VWV	Provincie West-Vlaanderen
BE.VLG.VOV	Provincie Oost-Vlaanderen
BE.WAL.WNA	Province de Namur
BE.WAL.WLX	Province du Luxembourg
BE.VLG.VLI	Provincie Limburg
BE.WAL.WLG	Province de Liège
BE.WAL.WHT	Province du Hainaut
BE.VLG.VAN	Provincie Antwerpen
BE.VLG.VBR	Provincie Vlaams-Brabant
BE.WAL.WBR	Province du Brabant Wallon
BE.BRU.BRU	Bruxelles-Capitale
BF.07.44	Zoundweogo Province
BF.10.76	Province du Yatenga
BF.08.42	Province du Gobnangou
BF.01.73	Province du Sourou
BF.12.40	Province du Djelgodji
BF.06.72	Province de la Sissili
BF.12.71	Province du Séno
BF.05.70	Sandbondtenga
BF.06.36	Province du Sanguié
BF.10.34	Province du Passoré
BF.12.33	Oudalan
BF.11.68	Province du Bassitenga
BF.07.65	Nahouri Province
BF.05.64	Province du Namentenga
BF.01.63	Province du Mouhoun
BF.04.28	Kouritenga Province
BF.01.58	Province de la Koosin
BF.02.55	Province de la Comoé
BF.09.54	Province du Kénédougou
BF.03.53	Kadiogo Province
BF.09.51	Province du Houet
BF.08.50	Province du Gourma
BF.08.21	Gnagna Province
BF.11.20	Province du Ganzourgou
BF.06.19	Province du Boulkiemdé
BF.04.49	Province du Boulgou
BF.13.48	Province de la Bougouriba
BF.07.47	Bazega Province
BF.05.15	Province du Bam
BF.01.45	Province des Balé
BF.01.46	Province des Banwa
BF.13.52	Province du Ioba
BF.08.56	Province de la Komandjoari
BF.08.57	Province de la Kompienga
BF.04.59	Province du Koulpelogo
BF.11.60	Province du Kourwéogo
BF.02.61	Province de la Léraba
BF.10.62	Province du Lorum
BF.01.66	Province du Nayala
BF.13.67	Province du Noumbièl
BF.09.74	Province du Tuy
BF.12.75	Province du Yagha
BF.06.77	Province du Ziro
BF.10.78	Province du Zondoma
BG.57.SML11	Obshtina Zlatograd
BG.62.VTR14	Obshtina Zlataritsa
BG.49.PER19	Obshtina Zemen
BG.52.RAZ11	Obshtina Zavet
BG.65.JAM26	Obshtina Yambol
BG.38.BLG53	Obshtina Yakoruda
BG.47.MON38	Obshtina Yakimovo
BG.46.LOV38	Obshtina Yablanitsa
BG.47.MON12	Obshtina Varshets
BG.54.SHU10	Obshtina Varbitsa
BG.61.VAR09	Obshtina Valchidol
BG.47.MON11	Obshtina Valchedram
BG.64.VRC10	Obshtina Vratsa
BG.63.VID09	Obshtina Vidin
BG.61.VAR08	Obshtina Vetrino
BG.53.RSE05	Obshtina Vetovo
BG.54.SHU07	Obshtina Venets
BG.48.PAZ08	Obshtina Velingrad
BG.62.VTR04	Obshtina Veliko Tŭrnovo
BG.61.VAR06	Obshtina Varna
BG.46.LOV36	Obshtina Ugarchin
BG.56.SLV24	Obshtina Tvarditsa
BG.55.SLS34	Obshtina Tutrakan
BG.60.TGV35	Obshtina Targovishte
BG.53.RSE37	Obshtina Tsenovo
BG.41.GAB35	Obshtina Tryavna
BG.49.PER51	Tran
BG.46.LOV34	Obshtina Troyan
BG.43.HKV32	Obshtina Topolovgrad
BG.40.DOB28	Obshtina Dobrich
BG.46.LOV33	Obshtina Teteven
BG.40.DOB27	Obshtina Tervel
BG.58.SFO43	Obshtina Svoge
BG.62.VTR28	Obshtina Svishtov
BG.43.HKV28	Obshtina Svilengrad
BG.61.VAR26	Obshtina Suvorovo
BG.39.BGS23	Obshtina Sungurlare
BG.62.VTR32	Obshtina Suhindol
BG.51.PDV33	Obshtina Saedinenie
BG.38.BLG49	Obshtina Strumyani
BG.48.PAZ32	Obshtina Strelcha
BG.62.VTR31	Obshtina Strazhitsa
BG.65.JAM22	Obshtina Straldzha
BG.59.SZR31	Obshtina Stara Zagora
BG.45.KNL48	Obshtina Dupnitsa
BG.58.SFO47	Obshtina Zlatitsa
BG.39.BGS21	Obshtina Sozopol
BG.54.SHU25	Obshtina Smyadovo
BG.57.SML31	Obshtina Smolyan
BG.53.RSE33	Obshtina Slivo Pole
BG.58.SFO45	Obshtina Slivnitsa
BG.56.SLV20	Obshtina Sliven
BG.55.SLS32	Obshtina Sitovo
BG.38.BLG44	Obshtina Simitli
BG.43.HKV29	Obshtina Simeonovgrad
BG.55.SLS31	Obshtina Silistra
BG.54.SHU30	Obshtina Shumen
BG.40.DOB29	Obshtina Shabla
BG.41.GAB29	Obshtina Sevlievo
BG.48.PAZ29	Obshtina Septemvri
BG.38.BLG42	Obshtina Satovcha
BG.45.KNL41	Obshtina Sapareva Banya
BG.38.BLG40	Obshtina Sandanski
BG.52.RAZ29	Obshtina Samuil
BG.58.SFO39	Obshtina Samokov
BG.51.PDV28	Obshtina Sadovo
BG.63.VID33	Obshtina Ruzhintsi
BG.53.RSE27	Obshtina Ruse
BG.39.BGS18	Obshtina Ruen
BG.57.SML27	Obshtina Rudozem
BG.64.VRC32	Obshtina Roman
BG.45.KNL38	Obshtina Rila
BG.38.BLG37	Obshtina Razlog
BG.52.RAZ26	Obshtina Razgrad
BG.51.PDV25	Obshtina Rakovski
BG.48.PAZ24	Obshtina Rakitovo
BG.49.PER36	Obshtina Radomir
BG.59.SZR27	Obshtina Radnevo
BG.51.PDV23	Obshtina Parvomay
BG.61.VAR24	Obshtina Provadia
BG.54.SHU23	Obshtina Veliki Preslav
BG.50.PVN27	Obshtina Pordim
BG.60.TGV24	Obshtina Popovo
BG.39.BGS17	Obshtina Pomorie
BG.62.VTR26	Obshtina Polski Trambesh
BG.51.PDV22	Obshtina Plovdiv
BG.50.PVN24	Obshtina Pleven
BG.38.BLG33	Obshtina Petrich
BG.48.PAZ21	Obshtina Peshtera
BG.49.PER32	Obshtina Pernik
BG.50.PVN23	Obshtina Iskar
BG.48.PAZ19	Obshtina Pazardzhik
BG.62.VTR22	Obshtina Pavlikeni
BG.59.SZR24	Obshtina Pavel Banya
BG.48.PAZ20	Obshtina Panagyurishte
BG.64.VRC31	Obshtina Oryahovo
BG.60.TGV23	Obshtina Opaka
BG.60.TGV22	Obshtina Omurtag
BG.63.VID30	Obshtina Novo Selo
BG.54.SHU22	Obshtina Novi Pazar
BG.56.SLV16	Obshtina Nova Zagora
BG.50.PVN21	Obshtina Nikopol
BG.45.KNL31	Obshtina Nevestino
BG.39.BGS15	Obshtina Nesebar
BG.57.SML18	Obshtina Nedelino
BG.59.SZR22	Obshtina Maglizh
BG.64.VRC28	Obshtina Mizia
BG.43.HKV19	Obshtina Mineralni Bani
BG.47.MON29	Obshtina Montana
BG.39.BGS13	Obshtina Tsarevo
BG.64.VRC27	Obshtina Mezdra
BG.47.MON26	Obshtina Medkovets
BG.39.BGS12	Obshtina Malko Tarnovo
BG.63.VID25	Obshtina Makresh
BG.57.SML16	Obshtina Madan
BG.43.HKV17	Obshtina Lyubimets
BG.62.VTR20	Obshtina Lyaskovets
BG.46.LOV19	Obshtina Lukovit
BG.51.PDV15	Obshtina Laki
BG.52.RAZ17	Obshtina Loznitsa
BG.46.LOV18	Obshtina Lovech
BG.47.MON24	Obshtina Lom
BG.50.PVN16	Obshtina Levski
BG.46.LOV17	Obshtina Letnitsa
BG.48.PAZ14	Obshtina Lesichovo
BG.45.KNL29	Obshtina Kyustendil
BG.44.KRZ16	Obshtina Kardzhali
BG.63.VID22	Obshtina Kula
BG.52.RAZ16	Obshtina Kubrat
BG.40.DOB20	Obshtina Krushari
BG.44.KRZ15	Obshtina Krumovgrad
BG.64.VRC21	Obshtina Krivodol
BG.38.BLG28	Obshtina Kresna
BG.64.VRC20	Obshtina Kozloduy
BG.56.SLV11	Obshtina Kotel
BG.58.SFO26	Obshtina Kostinbrod
BG.58.SFO24	Obshtina Koprivshtitsa
BG.45.KNL27	Obshtina Kocherinovo
BG.50.PVN39	Obshtina Knezha
BG.44.KRZ14	Obshtina Kirkovo
BG.52.RAZ36	Obshtina Tsar Kaloyan
BG.51.PDV37	Obshtina Hisarya
BG.43.HKV34	Obshtina Haskovo
BG.43.HKV33	Obshtina Harmanli
BG.38.BLG52	Hadzhidimovo
BG.59.SZR12	Obshtina Kazanlŭk
BG.55.SLS15	Obshtina Kaynardzha
BG.40.DOB17	Obshtina Kavarna
BG.54.SHU19	Obshtina Kaspichan
BG.39.BGS09	Obshtina Karnobat
BG.51.PDV13	Obshtina Karlovo
BG.54.SHU18	Obshtina Kaolinovo
BG.39.BGS08	Obshtina Kameno
BG.51.PDV12	Obshtina Kaloyanovo
BG.43.HKV11	Obshtina Ivaylovgrad
BG.53.RSE13	Obshtina Ivanovo
BG.52.RAZ14	Obshtina Isperih
BG.58.SFO20	Ihtiman
BG.38.BLG13	Obshtina Garmen
BG.59.SZR37	Obshtina Gurkovo
BG.50.PVN08	Obshtina Gulyantsi
BG.59.SZR07	Obshtina Galabovo
BG.39.BGS06	Obshtina Sredets
BG.63.VID15	Obshtina Gramada
BG.38.BLG11	Obshtina Gotse Delchev
BG.62.VTR06	Obshtina Gorna Oryahovitsa
BG.58.SFO10	Obshtina Gorna Malina
BG.58.SFO09	Obshtina Godech
BG.55.SLS07	Obshtina Glavinitsa
BG.61.VAR13	Obshtina Dolni Chiflik
BG.40.DOB12	Obshtina General Toshevo
BG.54.SHU11	Obshtina Hitrino
BG.41.GAB05	Obshtina Gabrovo
BG.58.SFO18	Obshtina Etropole
BG.65.JAM07	Obshtina Elhovo
BG.58.SFO17	Obshtina Elin Pelin
BG.62.VTR13	Obshtina Elena
BG.44.KRZ08	Obshtina Dzhebel
BG.53.RSE08	Obshtina Dve Mogili
BG.55.SLS10	Obshtina Dulovo
BG.61.VAR16	Obshtina Dalgopol
BG.41.GAB12	Obshtina Dryanovo
BG.58.SFO16	Obshtina Dragoman
BG.57.SML10	Obshtina Dospat
BG.50.PVN11	Obshtina Dolni Dabnik
BG.50.PVN10	Obshtina Dolna Mitropolia
BG.58.SFO59	Obshtina Dolna Banya
BG.63.VID16	Obshtina Dimovo
BG.43.HKV09	Obshtina Dimitrovgrad
BG.61.VAR14	Obshtina Devnya
BG.57.SML09	Obshtina Devin
BG.63.VID37	Obshtina Chuprene
BG.59.SZR36	Obshtina Chirpan
BG.47.MON36	Obshtina Chiprovtsi
BG.50.PVN37	Obshtina Cherven Bryag
BG.44.KRZ35	Obshtina Chernoochene
BG.57.SML38	Obshtina Chepelare
BG.64.VRC08	Obshtina Byala Slatina
BG.61.VAR05	Obshtina Byala
BG.39.BGS04	Obshtina Burgas
BG.47.MON07	Obshtina Brusartsi
BG.51.PDV07	Obshtina Brezovo
BG.49.PER08	Obshtina Breznik
BG.63.VID06	Obshtina Bregovo
BG.48.PAZ06	Obshtina Bratsigovo
BG.58.SFO06	Obshtina Bozhurishte
BG.63.VID03	Obshtina Boynitsa
BG.47.MON04	Obshtina Boychinovtsi
BG.58.SFO07	Obshtina Botevgrad
BG.53.RSE03	Obshtina Borovo
BG.64.VRC05	Obshtina Borovan
BG.57.SML05	Obshtina Borino
BG.65.JAM03	Obshtina Bolyarovo
BG.45.KNL04	Obshtina Bobov Dol
BG.45.KNL05	Obshtina Boboshevo
BG.38.BLG03	Obshtina Blagoevgrad
BG.47.MON02	Obshtina Berkovitsa
BG.48.PAZ04	Obshtina Belovo
BG.61.VAR04	Obshtina Beloslav
BG.63.VID01	Obshtina Belogradchik
BG.38.BLG02	Obshtina Belitsa
BG.50.PVN03	Obshtina Belene
BG.48.PAZ03	Obshtina Batak
BG.38.BLG01	Obshtina Bansko
BG.57.SML02	Obshtina Banite
BG.40.DOB03	Obshtina Balchik
BG.39.BGS01	Obshtina Aytos
BG.51.PDV01	Obshtina Asenovgrad
BG.44.KRZ02	Obshtina Ardino
BG.46.LOV02	Obshtina Apriltsi
BG.60.TGV02	Obshtina Antonovo
BG.55.SLS01	Obshtina Alfatar
BG.61.VAR02	Obshtina Aksakovo
BG.39.BGS27	Obshtina Primorsko
BG.64.VRC35	Obshtina Hayredin
BG.51.PDV40	Obshtina Perushtitsa
BG.51.PDV39	Obshtina Krichim
BG.51.PDV41	Obshtina Stamboliyski
BG.58.SFO56	Obshtina Mirkovo
BG.58.SFO57	Obshtina Chavdar
BG.58.SFO58	Obshtina Chelopech
BG.58.SFO55	Obshtina Pirdop
BG.58.SFO54	Obshtina Anton
BG.58.SFO34	Obshtina Pravets
BG.59.SZR38	Obshtina Nikolaevo
BG.43.HKV18	Obshtina Madzharovo
BG.42.SOF46	Stolichna Obshtina
BI.09.7670587	Bubanza
BI.11.7670593	Cendajuru
BI.13.7670597	Gitega
BI.18.7670598	Giteranyi
BI.15.7670600	Kayanza
BI.13.7670601	Kayokwe
BI.17.7670603	Mabanda
BI.25.7670608	Commune of Mutimbuzi
BI.18.7670609	Muyinga
BI.13.7670611	Nyabikere
BI.12.7670613	Commune of Rugombo
BI.21.7670616	Ruyigi
BI.19.7670822	Ngozi
BI.12.8334579	Commune of Buganda
BI.16.9072886	Commune of Kirundo
BI.09.9072887	Commune of Mpanda
BI.16.9072890	Commune of Bwambarangwe
BI.17.9072891	Commune of Makamba
BI.20.9072892	Commune of Rutana
BI.11.9072894	Commune of Cankuzo
BI.10.9157454	Commune of Matana
BI.26.9158023	Commune of Rumonge
BI.10.9171804	Bururi
BI.25.9171805	Kanyosha1
BI.10.9171811	Vyanda
BI.25.9171815	Mugongomanga
BI.25.9171821	Isale
BI.09.9171822	Rugazi
BI.13.9171879	Buhiga
BI.24.12237757	Mukaza
BJ.12.2391090	Dogbo Tota
BJ.16.7668892	Commune of Adjohoun
BJ.18.7668908	Commune of Ouinhi
BJ.18.7668909	Commune of Zangnanado
BJ.08.7668910	Kouande
BJ.08.7668916	Pehonko
BJ.08.7668918	Kerou
BJ.15.7668924	Lokossa
BJ.15.7668926	Commune of Athieme
BJ.18.7668931	Commune of Bohicon
BJ.18.7668932	Commune of Za-Kpota
BJ.07.7668935	Commune of Banikoara
BJ.09.7668936	Commune of Ouidah
BJ.09.7668937	Commune of Kpomasse
BJ.09.7668938	Commune of Tori-Bossito
BJ.16.7668941	Seme-Kpodji
BJ.13.7669263	Ouake
BJ.10.7669265	Commune of Tchaourou
BJ.10.7669269	Ndali
BJ.10.7669270	Bembereke
BJ.13.7669275	Copargo
BJ.10.7669349	Kalalè
BJ.10.7669352	Pèrèrè
BJ.10.7669355	Nikki
BJ.10.7669357	Sinendé
BJ.17.7670840	Commune of Ketou
BJ.17.7670841	Commune of Pobe
BJ.09.7874152	Commune of Abomey-Calavi
BJ.09.7874154	Commune of So-Ava
BJ.08.7874156	Tanguieta
BJ.08.7874157	Toucountouna
BJ.08.7874158	Materi
BJ.11.7874167	Commune of Glazoue
BJ.07.7874170	Malanville
BJ.07.7911056	Kandi
BJ.11.8260649	Commune of Ouesse
BJ.18.8260654	Commune of Djidja
BJ.09.8260655	Commune of Allada
BJ.09.8260656	Commune of Toffo
BJ.09.8260657	Commune of Ze
BJ.16.9063966	Avrankou
BJ.17.9063970	Ifangni
BJ.15.9166075	Grand-Popo
BJ.08.10344466	Cobly
BJ.08.10344467	Boukoumbé
BJ.07.10344468	Ségbana
BJ.07.10344469	Gogounou
BJ.13.10344470	Bassila
BJ.12.10344472	Aplahoué
BJ.12.10344474	Klouékanmè
BJ.12.10344475	Lalo
BJ.12.10344476	Toviklin
BN.02.11821300	Gadong A
BN.02.11821301	Gadong B
BN.02.11821303	Berakas B
BN.02.11821304	Serasa
BN.02.11821306	Kota Batu
BN.02.11821309	Sengkurong
BN.02.11821310	Pengkalan Batu
BN.04.13606570	Mukim Keriam
BO.08.0705	Provincia Chiquitos
BO.08.0712	Provincia Ángel Sandoval
BO.01.0106	Provincia Yamparáez
BO.03.0802	Provincia Vaca Diez
BO.01.0107	Provincia Nor Cinti
BO.08.0713	Provincia Manuel María Caballero
BO.04.0212	Provincia Los Andes
BO.04.0206	Provincia Larecaja
BO.04.0208	Provincia Ingavi
BO.08.0704	Provincia Ichilo
BO.09.0603	Provincia Gran Chaco
BO.03.3915596	Provincia General José Ballivián
BO.06.3915598	Federico Román
BO.01.0108	Provincia Belisario Boeto
BO.02.0303	Provincia Ayopaya
BO.04.11184247	Caranavi
BO.05.11184250	Litoral de Atacama
BR.06.2314102	Viçosa do Ceará
BR.06.2314003	Várzea Alegre
BR.06.2313708	Umari
BR.06.2313609	Ubajara
BR.13.2112506	Tutóia
BR.02.2709202	Traipu
BR.30.2615300	Timbaúba
BR.06.2313401	Tianguá
BR.06.2313302	Tauá
BR.06.2313203	Tamboril
BR.06.2313005	Solonópole
BR.06.2312908	Sobral
BR.06.2312700	Senador Pompeu
BR.06.2312304	São Benedito
BR.06.2312205	Santa Quitéria
BR.02.2708006	Santana do Ipanema
BR.06.2312106	Santana do Cariri
BR.06.2311900	Saboeiro
BR.06.2311801	Russas
BR.06.2311702	Reriutaba
BR.06.2311405	Quixeramobim
BR.06.2311306	Quixadá
BR.28.2805604	Porto da Folha
BR.06.2311108	Porteiras
BR.28.2805406	Poço Redondo
BR.02.2707107	Piranhas
BR.06.2310803	Pereiro
BR.06.2310704	Pentecoste
BR.06.2310506	Pedra Branca
BR.06.2310308	Parambu
BR.02.2706406	Pão de Açúcar
BR.06.2309805	Pacoti
BR.06.2309706	Pacatuba
BR.02.2705705	Olho d'Água das Flores
BR.06.2309300	Nova Russas
BR.28.2804409	Neópolis
BR.06.2309003	Mucambo
BR.17.2509701	Monteiro
BR.06.2308609	Monsenhor Tabosa
BR.06.2308500	Mombaça
BR.06.2308401	Missão Velha
BR.06.2308302	Milagres
BR.06.2308203	Meruoca
BR.06.2308104	Mauriti
BR.02.2705002	Mata Grande
BR.06.2308005	Massapê
BR.06.2307700	Maranguape
BR.02.2704401	Major Isidoro
BR.06.2307601	Limoeiro do Norte
BR.02.2704203	Limoeiro de Anadia
BR.06.2307502	Lavras da Mangabeira
BR.02.2704005	Junqueiro
BR.06.2307403	Jucás
BR.06.2307304	Juazeiro do Norte
BR.06.2307205	Jati
BR.06.2307106	Jardim
BR.06.2307007	Jaguaruana
BR.06.2306900	Jaguaribe
BR.06.2306702	Jaguaretama
BR.06.2306603	Itatira
BR.06.2306306	Itapajé
BR.16.1503606	Itaituba
BR.06.2306207	Itaiçaba
BR.06.2306009	Iracema
BR.06.2305902	Ipueiras
BR.06.2305803	Ipu
BR.06.2305704	Ipaumirim
BR.06.2305605	Independência
BR.06.2305506	Iguatu
BR.06.2305407	Icó
BR.06.2305308	Ibiapina
BR.31.1709302	Guaraí
BR.06.2305001	Guaraciaba do Norte
BR.06.2304509	Frecheirinha
BR.30.2605459	Fernando de Noronha
BR.02.2702603	Feira Grande
BR.06.2304301	Farias Brito
BR.02.2702405	Delmiro Gouveia
BR.06.2304202	Crato
BR.06.2304103	Crateús
BR.06.2304004	Coreaú
BR.06.2303808	Cedro
BR.16.1502400	Castanhal
BR.06.2303303	Cariús
BR.06.2303204	Caririaçu
BR.06.2303105	Cariré
BR.06.2302909	Capistrano
BR.06.2302800	Canindé
BR.06.2302701	Campos Sales
BR.06.2302503	Brejo Santo
BR.16.1501709	Bragança
BR.06.2302404	Boa Viagem
BR.06.2302107	Baturité
BR.02.2700706	Batalha
BR.06.2302008	Barro
BR.06.2301901	Barbalha
BR.06.2301802	Baixio
BR.06.2301703	Aurora
BR.06.2301604	Assaré
BR.17.2501104	Areia
BR.06.2301307	Araripe
BR.02.2700300	Arapiraca
BR.06.2301208	Aracoiaba
BR.02.2700201	Anadia
BR.06.2300408	Aiuaba
BR.02.2700102	Água Branca
BR.28.2807501	Tomar do Geru
BR.28.2807402	Tobias Barreto
BR.27.3554201	Tejupá
BR.23.4320800	Soledade
BR.28.2807105	Simão Dias
BR.27.3551702	Sertãozinho
BR.27.3551009	São Vicente
BR.27.3550407	São Pedro
BR.23.4318200	São Francisco de Paula
BR.02.2708204	São Brás
BR.23.4315602	Rio Grande
BR.28.2806008	Ribeirópolis
BR.28.2805802	Riachão do Dantas
BR.18.4121406	Realeza
BR.28.2805703	Propriá
BR.02.2707503	Porto Real do Colégio
BR.28.2805505	Poço Verde
BR.28.2805208	Pinhão
BR.02.2706703	Penedo
BR.23.4314407	Pelotas
BR.27.3536307	Patrocínio Paulista
BR.15.3146008	Ouro Fino
BR.28.2804607	Nossa Senhora das Dores
BR.28.2804508	Nossa Senhora da Glória
BR.28.2804201	Monte Alegre de Sergipe
BR.15.3140803	Matias Barbosa
BR.15.3139805	Mar de Espanha
BR.28.2803708	Macambira
BR.14.5105309	Luciara
BR.27.3527009	Lindóia
BR.23.4311304	Lagoa Vermelha
BR.28.2803500	Lagarto
BR.15.3136702	Juiz de Fora
BR.27.3523701	Itirapuã
BR.26.4208302	Itapema
BR.28.2803104	Itabi
BR.28.2803005	Itabaianinha
BR.02.2703205	Igreja Nova
BR.23.4307104	Herval
BR.28.2802403	Gararu
BR.28.2802304	Frei Paulo
BR.20.2203206	Curimatá
BR.28.2801900	Cumbe
BR.26.4204301	Concórdia
BR.15.3117504	Conceição do Mato Dentro
BR.27.3511706	Charqueada
BR.28.2801603	Cedro de São João
BR.28.2801405	Carira
BR.23.4304705	Carazinho
BR.28.2801108	Canhoba
BR.05.2906501	Candeias
BR.27.3509601	Campo Limpo Paulista
BR.28.2801009	Campo do Brito
BR.23.4303905	Campo Bom
BR.05.2903201	Barreiras
BR.28.2800209	Aquidabã
BR.23.4300802	Antônio Prado
BR.27.3502002	Analândia
BR.28.2800100	Amparo de São Francisco
BR.27.3501905	Amparo
BR.27.3501806	Américo de Campos
BR.27.3501608	Americana
BR.27.3501400	Álvaro de Carvalho
BR.27.3501301	Álvares Machado
BR.27.3501202	Álvares Florence
BR.27.3501103	Alto Alegre
BR.27.3501004	Altinópolis
BR.27.3500808	Alfredo Marcondes
BR.05.2900702	Alagoinhas
BR.27.3500709	Agudos
BR.27.3500600	Águas de São Pedro
BR.27.3500402	Águas da Prata
BR.27.3500303	Aguaí
BR.27.3500105	Adamantina
BR.04.1302405	Lábrea
BR.24.1100106	Guajará-Mirim
BR.11.5003900	Figueirão
BR.23.4318614	São José do Sul
BR.23.4304655	Capão do Cipó
BR.04.1303700	Santo Antônio do Içá
BR.16.1506138	Redenção
BR.16.1506401	Santa Cruz do Arari
BR.16.1506559	Santa Luzia do Pará
BR.16.1507607	São Miguel do Guamá
BR.31.1716307	Pau d'Arco
BR.31.1718865	Santa Fé do Araguaia
BR.31.1718881	Santa Maria do Tocantins
BR.13.2100055	Açailândia
BR.13.2100477	Alto Alegre do Pindaré
BR.13.2101509	Barão de Grajaú
BR.13.2103208	Chapadinha
BR.13.2103554	Conceição do Lago-Açu
BR.13.2104503	Governador Archer
BR.13.2106904	Monção
BR.13.2107209	Nina Rodrigues
BR.13.2110005	Santa Luzia
BR.13.2110039	Santa Luzia do Paruá
BR.13.2110203	Santa Rita
BR.13.2111052	São João do Paraíso
BR.20.2201606	Beneditinos
BR.20.2202554	Caridade do Piauí
BR.20.2203271	Curral Novo do Piauí
BR.20.2203354	Dirceu Arcoverde
BR.20.2204303	Fronteiras
BR.20.2205276	Jatobá do Piauí
BR.20.2205300	Jerumenha
BR.20.2207603	Parnaguá
BR.20.2207934	Pedro Laurentino
BR.20.2209153	Santa Cruz dos Milagres
BR.20.2209609	São Félix do Piauí
BR.20.2210201	São José do Piauí
BR.20.2210706	Simões
BR.22.2400505	Alexandria
BR.22.2400802	Angicos
BR.22.2401701	Bom Jesus
BR.22.2402402	Carnaúba dos Dantas
BR.22.2403400	Equador
BR.22.2405009	Jaçanã
BR.22.2406106	Jucurutu
BR.22.2407500	Maxaranguape
BR.22.2408003	Mossoró
BR.22.2408201	Nísia Floresta
BR.22.2408706	Paraú
BR.22.2409308	Patu
BR.22.2410405	Pureza
BR.22.2412906	São Tomé
BR.22.2414407	Touros
BR.17.2500601	Alhandra
BR.17.2500775	Aparecida
BR.17.2502508	Boqueirão
BR.17.2503308	Cachoeira dos Índios
BR.17.2503704	Cajazeiras
BR.17.2504405	Conceição
BR.17.2504900	Cruz do Espírito Santo
BR.17.2505279	Curral de Cima
BR.17.2506202	Frei Martinho
BR.17.2506608	Ibiara
BR.17.2508109	Lagoa
BR.17.2508307	Lagoa Seca
BR.17.2508901	Mamanguape
BR.17.2509305	Mataraca
BR.17.2512002	Pocinhos
BR.17.2512101	Pombal
BR.17.2512903	Rio Tinto
BR.17.2513703	Santa Rita
BR.17.2514602	São José do Bonfim
BR.17.2516201	Sousa
BR.17.2516805	Triunfo
BR.17.2517407	Zabelê
BR.30.2601102	Araripina
BR.30.2604700	Correntes
BR.30.2612901	São Benedito do Sul
BR.02.2700508	Barra de Santo Antônio
BR.02.2701605	Canapi
BR.02.2708808	São Sebastião
BR.05.2903409	Belmonte
BR.05.2904308	Brejões
BR.05.2910057	Dias d'Ávila
BR.05.2910107	Dom Basílio
BR.05.2911907	Iaçu
BR.05.2917300	Ituberá
BR.05.2918753	Lagoa Real
BR.05.2922250	Muquém do São Francisco
BR.05.2922607	Nilo Peçanha
BR.05.2922656	Nordestina
BR.05.2923001	Nova Viçosa
BR.05.2923209	Oliveira dos Brejinhos
BR.05.2925105	Poções
BR.05.2925758	Presidente Tancredo Neves
BR.05.2928109	Santa Maria da Vitória
BR.05.2928208	Santana
BR.05.2931806	Tremedal
BR.05.2932457	Umburanas
BR.05.2932507	Una
BR.15.3101508	Além Paraíba
BR.15.3103207	Araçaí
BR.15.3118502	Consolação
BR.15.3128808	Guidoval
BR.15.3128907	Guimarânia
BR.15.3148202	Patrocínio do Muriaé
BR.15.3157302	Santa Bárbara do Tugúrio
BR.15.3160900	São Brás do Suaçuí
BR.08.3204807	São José do Calçado
BR.21.3300225	Areal
BR.21.3300233	Armação dos Búzios
BR.21.3301405	Conceição de Macabu
BR.27.3504008	Assis
BR.27.3513900	Divinolândia
BR.27.3517802	Guaraçaí
BR.27.3520103	Igarapava
BR.27.3525706	José Bonifácio
BR.27.3527603	Luís Antônio
BR.27.3527801	Lupércio
BR.27.3527900	Lutécia
BR.27.3532843	Nova Canaã Paulista
BR.27.3532868	Nova Castilho
BR.27.3545159	Saltinho
BR.18.4111407	Ivaí
BR.18.4111506	Ivaiporã
BR.18.4113809	Lupionópolis
BR.18.4119707	Planaltina do Paraná
BR.18.4123204	Santa Cecília do Pavão
BR.18.4123303	Santa Cruz de Monte Castelo
BR.18.4123402	Santa Fé
BR.18.4124004	Santana do Itararé
BR.18.4124301	Santo Antônio do Paraíso
BR.18.4125407	São José da Boa Vista
BR.18.4125456	São José das Palmeiras
BR.18.4126355	Serranópolis do Iguaçu
BR.18.4127858	Três Barras do Paraná
BR.26.4203501	Campo Erê
BR.26.4204558	Correia Pinto
BR.26.4204608	Criciúma
BR.26.4212239	Paraíso
BR.26.4212270	Passos Maia
BR.26.4216909	São Lourenço do Oeste
BR.23.4302006	Barros Cassal
BR.23.4302451	Boqueirão do Leão
BR.23.4305157	Cerro Grande
BR.23.4306304	David Canabarro
BR.23.4306320	Derrubadas
BR.23.4311106	Jaguari
BR.23.4312054	Marques de Souza
BR.23.4312385	Monte Belo do Sul
BR.23.4312427	Mormaço
BR.23.4312955	Nova Boa Vista
BR.23.4313011	Nova Candelária
BR.14.5107297	São José do Povo
BR.14.5108857	Nova Marilândia
BR.14.5108907	Nova Maringá
BR.29.5200175	Água Fria de Goiás
BR.29.5200605	Alto Paraíso de Goiás
BR.29.5202601	Aurilândia
BR.29.5203104	Baliza
BR.29.5205471	Chapadão do Céu
BR.29.5208301	Divinópolis de Goiás
BR.29.5219100	Santa Bárbara de Goiás
BR.29.5219753	Santo Antônio do Descoberto
BR.29.5219803	São Domingos
BR.29.5219902	São Francisco de Goiás
BR.29.5220454	Senador Canedo
BR.29.5220504	Serranópolis
BR.29.5220686	Simolândia
BR.14.5107354	São José do Xingu
BR.29.5208152	Gameleira de Goiás
BR.02.2702306	Coruripe
BR.17.2510907	Paulista
BR.18.4124806	São João
BR.06.2300903	Apuiarés
BR.06.2311355	Quixelô
BR.06.2311603	Redenção
BR.28.2801207	Canindé de São Francisco
BR.23.4318903	São Luiz Gonzaga
BR.23.4303301	Caibaté
BR.23.4315958	Rolador
BR.23.4312179	Mato Queimado
BR.23.4323770	Westfália
BR.23.4321451	Teutônia
BR.23.4321436	Terra de Areia
BR.23.4320701	Sobradinho
BR.05.2930501	Serrinha
BR.14.5107883	Serra Nova Dourada
BR.23.4319364	São Pedro das Missões
BR.23.4319158	São Miguel das Missões
BR.14.5107859	São Félix do Araguaia
BR.23.4317400	Santiago
BR.23.4316972	Santa Margarida do Sul
BR.23.4316501	Salvador do Sul
BR.23.4315800	Roca Sales
BR.14.5107180	Ribeirão Cascalheira
BR.23.4315453	Relvado
BR.23.4315313	Quatro Irmãos
BR.23.4315156	Progresso
BR.23.4314787	Ponte Preta
BR.23.4314134	Paulo Bento
BR.20.2207793	Pau D'arco do Piauí
BR.23.4313706	Palmeira das Missões
BR.14.5106315	Novo Santo Antônio
BR.14.5106174	Nova Nazaré
BR.21.3303500	Nova Iguaçu
BR.23.4313003	Nova Bréscia
BR.23.4312401	Montenegro
BR.23.4311791	Maratá
BR.23.4311403	Lajeado
BR.23.4311239	Lagoa Bonita do Sul
BR.02.2703759	Jequiá da Praia
BR.23.4310900	Jacutinga
BR.23.4310652	Itati
BR.23.4310363	Imigrante
BR.23.4308607	Garibaldi
BR.23.4308433	Forquetinha
BR.23.4307005	Erechim
BR.23.4306130	Cruzaltense
BR.23.4305934	Coronel Pilar
BR.23.4305835	Coqueiro Baixo
BR.14.5103106	Cocalinho
BR.23.4304614	Canudos do Vale
BR.23.4303806	Campinas do Sul
BR.14.5101852	Bom Jesus do Araguaia
BR.23.4302105	Bento Gonçalves
BR.05.2903276	Barrocas
BR.20.2200400	Altos
BR.14.5100359	Alto Boa Vista
BR.14.5100201	Água Boa
BR.23.4300034	Aceguá
BR.14.5105622	Mirassol d'Oeste
BR.14.5105234	Lambari d'Oeste
BR.14.5103437	Curvelândia
BR.14.5102504	Cáceres
BR.24.1100015	Alta Floresta d'Oeste
BR.24.1100023	Ariquemes
BR.24.1100031	Cabixi
BR.24.1100049	Cacoal
BR.24.1100056	Cerejeiras
BR.24.1100064	Colorado do Oeste
BR.24.1100072	Corumbiara
BR.24.1100080	Costa Marques
BR.24.1100098	Espigão d'Oeste
BR.24.1100122	Ji-Paraná
BR.24.1100130	Machadinho d'Oeste
BR.24.1100155	Ouro Preto do Oeste
BR.24.1100189	Pimenta Bueno
BR.24.1100205	Porto Velho
BR.24.1100254	Presidente Médici
BR.24.1100262	Rio Crespo
BR.24.1100288	Rolim de Moura
BR.24.1100296	Santa Luzia d'Oeste
BR.24.1100304	Vilhena
BR.24.1100320	São Miguel do Guaporé
BR.24.1100346	Alvorada d'Oeste
BR.24.1100379	Alto Alegre dos Parecis
BR.24.1100403	Alto Paraíso
BR.24.1100452	Buritis
BR.24.1100502	Novo Horizonte do Oeste
BR.24.1100601	Cacaulândia
BR.24.1100700	Campo Novo de Rondônia
BR.24.1100809	Candeias do Jamari
BR.24.1100908	Castanheiras
BR.24.1100924	Chupinguaia
BR.24.1100940	Cujubim
BR.24.1101104	Itapuã do Oeste
BR.24.1101203	Ministro Andreazza
BR.24.1101401	Monte Negro
BR.24.1101435	Nova União
BR.24.1101450	Parecis
BR.24.1101468	Pimenteiras do Oeste
BR.24.1101476	Primavera de Rondônia
BR.24.1101484	São Felipe d'Oeste
BR.24.1101492	São Francisco do Guaporé
BR.24.1101500	Seringueiras
BR.24.1101559	Teixeirópolis
BR.24.1101609	Theobroma
BR.24.1101708	Urupá
BR.24.1101757	Vale do Anari
BR.24.1101807	Vale do Paraíso
BR.01.1200013	Acrelândia
BR.01.1200054	Assis Brasil
BR.01.1200104	Brasiléia
BR.01.1200138	Bujari
BR.01.1200179	Capixaba
BR.01.1200203	Cruzeiro do Sul
BR.01.1200252	Epitaciolândia
BR.01.1200328	Jordão
BR.01.1200336	Mâncio Lima
BR.01.1200351	Marechal Thaumaturgo
BR.01.1200385	Plácido de Castro
BR.01.1200393	Porto Walter
BR.01.1200401	Rio Branco
BR.01.1200427	Rodrigues Alves
BR.01.1200450	Senador Guiomard
BR.01.1200609	Tarauacá
BR.01.1200708	Xapuri
BR.01.1200807	Porto Acre
BR.04.1300029	Alvarães
BR.04.1300060	Amaturá
BR.04.1300086	Anamã
BR.04.1300102	Anori
BR.04.1300144	Apuí
BR.04.1300201	Atalaia do Norte
BR.04.1300300	Autazes
BR.04.1300409	Barcelos
BR.04.1300508	Barreirinha
BR.04.1300607	Benjamin Constant
BR.04.1300631	Beruri
BR.04.1300680	Boa Vista do Ramos
BR.04.1300706	Boca do Acre
BR.04.1300805	Borba
BR.04.1300839	Caapiranga
BR.04.1301001	Carauari
BR.04.1301100	Careiro
BR.04.1301159	Careiro da Várzea
BR.04.1301308	Codajás
BR.04.1301407	Eirunepé
BR.04.1301605	Fonte Boa
BR.04.1301654	Guajará
BR.04.1301704	Humaitá
BR.04.1301803	Ipixuna
BR.04.1301852	Iranduba
BR.04.1301902	Itacoatiara
BR.04.1301951	Itamarati
BR.04.1302009	Itapiranga
BR.04.1302108	Japurá
BR.04.1302207	Juruá
BR.04.1302306	Jutaí
BR.04.1302504	Manacapuru
BR.04.1302553	Manaquiri
BR.04.1302603	Manaus
BR.04.1302702	Manicoré
BR.04.1302801	Maraã
BR.04.1302900	Maués
BR.04.1303007	Nhamundá
BR.04.1303106	Nova Olinda do Norte
BR.04.1303205	Novo Airão
BR.04.1303304	Novo Aripuanã
BR.04.1303403	Parintins
BR.04.1303502	Pauini
BR.04.1303536	Presidente Figueiredo
BR.04.1303569	Rio Preto da Eva
BR.04.1303601	Santa Isabel do Rio Negro
BR.04.1303809	São Gabriel da Cachoeira
BR.04.1303908	São Paulo de Olivença
BR.04.1303957	São Sebastião do Uatumã
BR.04.1304005	Silves
BR.04.1304062	Tabatinga
BR.04.1304203	Tefé
BR.04.1304237	Tonantins
BR.04.1304260	Uarini
BR.04.1304302	Urucará
BR.04.1304401	Urucurituba
BR.25.1400027	Amajari
BR.25.1400100	Boa Vista
BR.25.1400159	Bonfim
BR.25.1400175	Cantá
BR.25.1400233	Caroebe
BR.25.1400308	Mucajaí
BR.25.1400407	Normandia
BR.25.1400456	Pacaraima
BR.25.1400506	São João da Baliza
BR.25.1400605	São Luiz
BR.25.1400704	Uiramutã
BR.16.1500107	Abaetetuba
BR.16.1500131	Abel Figueiredo
BR.16.1500206	Acará
BR.16.1500305	Afuá
BR.16.1500347	Água Azul do Norte
BR.16.1500404	Alenquer
BR.16.1500701	Anajás
BR.16.1500800	Ananindeua
BR.16.1500859	Anapu
BR.16.1500909	Augusto Corrêa
BR.16.1500958	Aurora do Pará
BR.16.1501105	Bagre
BR.16.1501204	Baião
BR.16.1501253	Bannach
BR.16.1501303	Barcarena
BR.16.1501402	Belém
BR.16.1501451	Belterra
BR.16.1501501	Benevides
BR.16.1501576	Bom Jesus do Tocantins
BR.16.1501600	Bonito
BR.16.1501725	Brasil Novo
BR.16.1501758	Brejo Grande do Araguaia
BR.16.1501782	Breu Branco
BR.16.1501808	Breves
BR.16.1501907	Bujaru
BR.16.1501956	Cachoeira do Piriá
BR.16.1502004	Cachoeira do Arari
BR.16.1502103	Cametá
BR.16.1502152	Canaã dos Carajás
BR.16.1502202	Capanema
BR.16.1502301	Capitão Poço
BR.16.1502509	Chaves
BR.16.1502608	Colares
BR.16.1502707	Conceição do Araguaia
BR.16.1502756	Concórdia do Pará
BR.16.1502764	Cumaru do Norte
BR.16.1502772	Curionópolis
BR.16.1502806	Curralinho
BR.16.1502855	Curuá
BR.16.1502905	Curuçá
BR.16.1502939	Dom Eliseu
BR.16.1502954	Eldorado do Carajás
BR.16.1503002	Faro
BR.16.1503044	Floresta do Araguaia
BR.16.1503077	Garrafão do Norte
BR.16.1503093	Goianésia do Pará
BR.16.1503101	Gurupá
BR.16.1503200	Igarapé-Açu
BR.16.1503309	Igarapé-Miri
BR.16.1503457	Ipixuna do Pará
BR.16.1503507	Irituia
BR.16.1503705	Itupiranga
BR.16.1503754	Jacareacanga
BR.16.1503804	Jacundá
BR.16.1503903	Juruti
BR.16.1504000	Limoeiro do Ajuru
BR.16.1504059	Mãe do Rio
BR.16.1504109	Magalhães Barata
BR.16.1504208	Marabá
BR.16.1504307	Maracanã
BR.16.1504406	Marapanim
BR.16.1504422	Marituba
BR.16.1504455	Medicilândia
BR.16.1504505	Melgaço
BR.16.1504604	Mocajuba
BR.16.1504703	Moju
BR.16.1504802	Monte Alegre
BR.16.1504901	Muaná
BR.16.1504950	Nova Esperança do Piriá
BR.16.1504976	Nova Ipixuna
BR.16.1505007	Nova Timboteua
BR.16.1505031	Novo Progresso
BR.16.1505064	Novo Repartimento
BR.16.1505106	Óbidos
BR.16.1505205	Oeiras do Pará
BR.16.1505304	Oriximiná
BR.16.1505403	Ourém
BR.16.1505437	Ourilândia do Norte
BR.16.1505486	Pacajá
BR.16.1505494	Palestina do Pará
BR.16.1505502	Paragominas
BR.16.1505536	Parauapebas
BR.16.1505551	Pau d'Arco
BR.16.1505601	Peixe-Boi
BR.16.1505635	Piçarra
BR.16.1505650	Placas
BR.16.1505700	Ponta de Pedras
BR.16.1505809	Portel
BR.16.1505908	Porto de Moz
BR.16.1506005	Prainha
BR.16.1506104	Primavera
BR.16.1506112	Quatipuru
BR.16.1506161	Rio Maria
BR.16.1506187	Rondon do Pará
BR.16.1506195	Rurópolis
BR.16.1506203	Salinópolis
BR.16.1506302	Salvaterra
BR.16.1506351	Santa Bárbara do Pará
BR.16.1506500	Santa Izabel do Pará
BR.16.1506583	Santa Maria das Barreiras
BR.16.1506609	Santa Maria do Pará
BR.16.1506708	Santana do Araguaia
BR.16.1506807	Santarém
BR.16.1506906	Santarém Novo
BR.16.1507003	Santo Antônio do Tauá
BR.16.1507102	São Caetano de Odivelas
BR.16.1507151	São Domingos do Araguaia
BR.16.1507201	São Domingos do Capim
BR.16.1507300	São Félix do Xingu
BR.16.1507409	São Francisco do Pará
BR.16.1507458	São Geraldo do Araguaia
BR.16.1507466	São João da Ponta
BR.16.1507474	São João de Pirabas
BR.16.1507508	São João do Araguaia
BR.16.1507706	São Sebastião da Boa Vista
BR.16.1507755	Sapucaia
BR.16.1507805	Senador José Porfírio
BR.16.1507904	Soure
BR.16.1507953	Tailândia
BR.16.1507961	Terra Alta
BR.16.1507979	Terra Santa
BR.16.1508001	Tomé-Açu
BR.16.1508035	Tracuateua
BR.16.1508050	Trairão
BR.16.1508084	Tucumã
BR.16.1508100	Tucuruí
BR.16.1508126	Ulianópolis
BR.16.1508159	Uruará
BR.16.1508209	Vigia
BR.16.1508357	Vitória do Xingu
BR.16.1508407	Xinguara
BR.03.1600105	Amapá
BR.03.1600204	Calçoene
BR.03.1600212	Cutias
BR.03.1600808	Vitória do Jari
BR.03.1600303	Macapá
BR.03.1600402	Mazagão
BR.03.1600501	Oiapoque
BR.03.1600550	Pracuúba
BR.03.1600600	Santana
BR.03.1600709	Tartarugalzinho
BR.31.1700251	Abreulândia
BR.31.1700301	Aguiarnópolis
BR.31.1700350	Aliança do Tocantins
BR.31.1700400	Almas
BR.31.1700707	Alvorada
BR.31.1701002	Ananás
BR.31.1701051	Angico
BR.31.1701101	Aparecida do Rio Negro
BR.31.1701309	Aragominas
BR.31.1701903	Araguacema
BR.31.1702000	Araguaçu
BR.31.1702109	Araguaína
BR.31.1702158	Araguanã
BR.31.1702208	Araguatins
BR.31.1702307	Arapoema
BR.31.1702406	Arraias
BR.31.1702703	Aurora do Tocantins
BR.31.1702901	Axixá do Tocantins
BR.31.1703008	Babaçulândia
BR.31.1703057	Bandeirantes do Tocantins
BR.31.1703073	Barra do Ouro
BR.31.1703107	Barrolândia
BR.31.1703206	Bernardo Sayão
BR.31.1703305	Bom Jesus do Tocantins
BR.31.1703602	Brasilândia do Tocantins
BR.31.1703701	Brejinho de Nazaré
BR.31.1703800	Buriti do Tocantins
BR.31.1703826	Cachoeirinha
BR.31.1703842	Campos Lindos
BR.31.1703867	Cariri do Tocantins
BR.31.1703883	Carmolândia
BR.31.1703891	Carrasco Bonito
BR.31.1703909	Caseara
BR.31.1704105	Centenário
BR.31.1704600	Chapada de Areia
BR.31.1705508	Colinas do Tocantins
BR.31.1705557	Combinado
BR.31.1705607	Conceição do Tocantins
BR.31.1706001	Couto Magalhães
BR.31.1706100	Cristalândia
BR.31.1706506	Darcinópolis
BR.31.1707009	Dianópolis
BR.31.1707108	Divinópolis do Tocantins
BR.31.1707207	Dois Irmãos do Tocantins
BR.31.1707306	Dueré
BR.31.1707405	Esperantina
BR.31.1707553	Fátima
BR.31.1707652	Figueirópolis
BR.31.1707702	Filadélfia
BR.31.1708205	Formoso do Araguaia
BR.31.1708254	Fortaleza do Tabocão
BR.31.1708304	Goianorte
BR.31.1709005	Goiatins
BR.31.1709500	Gurupi
BR.31.1710508	Itacajá
BR.31.1710706	Itaguatins
BR.31.1710904	Itapiratins
BR.31.1711100	Itaporã do Tocantins
BR.31.1711506	Jaú do Tocantins
BR.31.1711803	Juarina
BR.31.1711951	Lagoa do Tocantins
BR.31.1712009	Lajeado
BR.31.1712157	Lavandeira
BR.31.1712405	Lizarda
BR.31.1712454	Luzinópolis
BR.31.1712504	Marianópolis do Tocantins
BR.31.1712702	Mateiros
BR.31.1712801	Maurilândia do Tocantins
BR.31.1713205	Miracema do Tocantins
BR.31.1713304	Miranorte
BR.31.1713700	Monte Santo do Tocantins
BR.31.1713809	Palmeiras do Tocantins
BR.31.1713957	Muricilândia
BR.31.1714302	Nazaré
BR.31.1714880	Nova Olinda
BR.31.1715002	Nova Rosalândia
BR.31.1715101	Novo Acordo
BR.31.1715150	Novo Alegre
BR.31.1715259	Novo Jardim
BR.31.1715507	Oliveira de Fátima
BR.31.1715705	Palmeirante
BR.31.1715754	Palmeirópolis
BR.31.1716109	Paraíso do Tocantins
BR.31.1716208	Paranã
BR.31.1716505	Pedro Afonso
BR.31.1716604	Peixe
BR.31.1716653	Pequizeiro
BR.31.1716703	Colméia
BR.31.1717008	Pindorama do Tocantins
BR.31.1717206	Piraquê
BR.31.1717503	Pium
BR.31.1717800	Ponte Alta do Bom Jesus
BR.31.1717909	Ponte Alta do Tocantins
BR.31.1718006	Porto Alegre do Tocantins
BR.31.1718204	Porto Nacional
BR.31.1718303	Praia Norte
BR.31.1718451	Pugmil
BR.31.1718501	Recursolândia
BR.31.1718550	Riachinho
BR.31.1718659	Rio da Conceição
BR.31.1718709	Rio dos Bois
BR.31.1718758	Rio Sono
BR.31.1718808	Sampaio
BR.31.1718840	Sandolândia
BR.31.1718907	Santa Rosa do Tocantins
BR.31.1719004	Santa Tereza do Tocantins
BR.31.1720101	São Bento do Tocantins
BR.31.1720150	São Félix do Tocantins
BR.31.1720200	São Miguel do Tocantins
BR.31.1720259	São Salvador do Tocantins
BR.31.1720309	São Sebastião do Tocantins
BR.31.1720655	Silvanópolis
BR.31.1720804	Sítio Novo do Tocantins
BR.31.1720853	Sucupira
BR.31.1720903	Taguatinga
BR.31.1720937	Taipas do Tocantins
BR.31.1720978	Talismã
BR.31.1721000	Palmas
BR.31.1721109	Tocantínia
BR.31.1721208	Tocantinópolis
BR.31.1721257	Tupirama
BR.31.1722081	Wanderlândia
BR.31.1722107	Xambioá
BR.13.2100105	Afonso Cunha
BR.13.2100154	Água Doce do Maranhão
BR.13.2100204	Alcântara
BR.13.2100303	Aldeias Altas
BR.13.2100402	Altamira do Maranhão
BR.13.2100436	Alto Alegre do Maranhão
BR.13.2100501	Alto Parnaíba
BR.13.2100550	Amapá do Maranhão
BR.13.2100600	Amarante do Maranhão
BR.13.2100709	Anajatuba
BR.13.2100808	Anapurus
BR.13.2100832	Apicum-Açu
BR.13.2100873	Araguanã
BR.13.2100907	Araioses
BR.13.2100956	Arame
BR.13.2101004	Arari
BR.13.2101103	Axixá
BR.13.2101202	Bacabal
BR.13.2101251	Bacabeira
BR.13.2101301	Bacuri
BR.13.2101350	Bacurituba
BR.13.2101400	Balsas
BR.13.2101608	Barra do Corda
BR.13.2101707	Barreirinhas
BR.13.2101731	Belágua
BR.13.2101772	Bela Vista do Maranhão
BR.13.2101806	Benedito Leite
BR.13.2101905	Bequimão
BR.13.2101939	Bernardo do Mearim
BR.13.2101970	Boa Vista do Gurupi
BR.13.2102002	Bom Jardim
BR.13.2102036	Bom Jesus das Selvas
BR.13.2102077	Bom Lugar
BR.13.2102101	Brejo
BR.13.2102150	Brejo de Areia
BR.13.2102200	Buriti
BR.13.2102309	Buriti Bravo
BR.13.2102325	Buriticupu
BR.13.2102358	Buritirana
BR.13.2102408	Cajapió
BR.13.2102507	Cajari
BR.13.2102556	Campestre do Maranhão
BR.13.2102606	Cândido Mendes
BR.13.2102705	Cantanhede
BR.13.2102754	Capinzal do Norte
BR.13.2102804	Carolina
BR.13.2102903	Carutapera
BR.13.2103000	Caxias
BR.13.2103109	Cedral
BR.13.2103125	Central do Maranhão
BR.13.2103158	Centro do Guilherme
BR.13.2103174	Centro Novo do Maranhão
BR.13.2103257	Cidelândia
BR.13.2103307	Codó
BR.13.2103406	Coelho Neto
BR.13.2103505	Colinas
BR.13.2103604	Coroatá
BR.13.2103703	Cururupu
BR.13.2103752	Davinópolis
BR.13.2103802	Dom Pedro
BR.13.2103901	Duque Bacelar
BR.13.2104008	Esperantinópolis
BR.13.2104057	Estreito
BR.13.2104073	Feira Nova do Maranhão
BR.13.2104081	Fernando Falcão
BR.13.2104099	Formosa da Serra Negra
BR.13.2104107	Fortaleza dos Nogueiras
BR.13.2104206	Fortuna
BR.13.2104305	Godofredo Viana
BR.13.2104552	Governador Edison Lobão
BR.13.2104602	Governador Eugênio Barros
BR.13.2104628	Governador Luiz Rocha
BR.13.2104651	Governador Newton Bello
BR.13.2104677	Governador Nunes Freire
BR.13.2104800	Grajaú
BR.13.2104909	Guimarães
BR.13.2105005	Humberto de Campos
BR.13.2105104	Icatu
BR.13.2105153	Igarapé do Meio
BR.13.2105302	Imperatriz
BR.13.2105401	Itapecuru Mirim
BR.13.2105427	Itinga do Maranhão
BR.13.2105450	Jatobá
BR.13.2105476	Jenipapo dos Vieiras
BR.13.2105500	João Lisboa
BR.13.2105609	Joselândia
BR.13.2105658	Junco do Maranhão
BR.13.2105708	Lago da Pedra
BR.13.2105807	Lago do Junco
BR.13.2105906	Lago Verde
BR.13.2105922	Lagoa do Mato
BR.13.2105948	Lago dos Rodrigues
BR.13.2105963	Lagoa Grande do Maranhão
BR.13.2105989	Lajeado Novo
BR.13.2106003	Lima Campos
BR.13.2106102	Loreto
BR.13.2106201	Luís Domingues
BR.13.2106300	Magalhães de Almeida
BR.13.2106326	Maracaçumé
BR.13.2106359	Marajá do Sena
BR.13.2106409	Mata Roma
BR.13.2106508	Matinha
BR.13.2106607	Matões
BR.13.2106631	Matões do Norte
BR.13.2106672	Milagres do Maranhão
BR.13.2106706	Mirador
BR.13.2106755	Miranda do Norte
BR.13.2106805	Mirinzal
BR.13.2107001	Montes Altos
BR.13.2107100	Morros
BR.13.2107258	Nova Colinas
BR.13.2107308	Nova Iorque
BR.13.2107357	Nova Olinda do Maranhão
BR.13.2107407	Olho d'Água das Cunhãs
BR.13.2107456	Olinda Nova do Maranhão
BR.13.2107506	Paço do Lumiar
BR.13.2107605	Palmeirândia
BR.13.2107704	Paraibano
BR.13.2107803	Parnarama
BR.13.2107902	Passagem Franca
BR.13.2108009	Pastos Bons
BR.13.2108058	Paulino Neves
BR.13.2108108	Paulo Ramos
BR.13.2108207	Pedreiras
BR.13.2108256	Pedro do Rosário
BR.13.2108306	Penalva
BR.13.2108405	Peri Mirim
BR.13.2108454	Peritoró
BR.13.2108504	Pindaré-Mirim
BR.13.2108603	Pinheiro
BR.13.2108702	Pio XII
BR.13.2108801	Pirapemas
BR.13.2108900	Poção de Pedras
BR.13.2109007	Porto Franco
BR.13.2109056	Porto Rico do Maranhão
BR.13.2109106	Presidente Dutra
BR.13.2109205	Presidente Juscelino
BR.13.2109239	Presidente Médici
BR.13.2109270	Presidente Sarney
BR.13.2109304	Presidente Vargas
BR.13.2109403	Primeira Cruz
BR.13.2109452	Raposa
BR.13.2109502	Riachão
BR.13.2109551	Ribamar Fiquene
BR.13.2109601	Rosário
BR.13.2109700	Sambaíba
BR.13.2109759	Santa Filomena do Maranhão
BR.13.2109809	Santa Helena
BR.13.2109908	Santa Inês
BR.13.2110104	Santa Quitéria do Maranhão
BR.13.2110237	Santana do Maranhão
BR.13.2110278	Santo Amaro do Maranhão
BR.13.2110302	Santo Antônio dos Lopes
BR.13.2110401	São Benedito do Rio Preto
BR.13.2110500	São Bento
BR.13.2110609	São Bernardo
BR.13.2110658	São Domingos do Azeitão
BR.13.2110708	São Domingos do Maranhão
BR.13.2110807	São Félix de Balsas
BR.13.2110856	São Francisco do Brejão
BR.13.2110906	São Francisco do Maranhão
BR.13.2111003	São João Batista
BR.13.2111029	São João do Carú
BR.13.2111078	São João do Soter
BR.13.2111102	São João dos Patos
BR.13.2111201	São José de Ribamar
BR.13.2111250	São José dos Basílios
BR.13.2111300	São Luís
BR.13.2111409	São Luís Gonzaga do Maranhão
BR.13.2111508	São Mateus do Maranhão
BR.13.2111532	São Pedro da Água Branca
BR.13.2111573	São Pedro dos Crentes
BR.13.2111607	São Raimundo das Mangabeiras
BR.13.2111706	São Vicente Ferrer
BR.13.2111722	Satubinha
BR.13.2111748	Senador Alexandre Costa
BR.13.2111763	Senador La Rocque
BR.13.2111789	Serrano do Maranhão
BR.13.2111805	Sítio Novo
BR.13.2111904	Sucupira do Norte
BR.13.2111953	Sucupira do Riachão
BR.13.2112001	Tasso Fragoso
BR.13.2112100	Timbiras
BR.13.2112209	Timon
BR.13.2112233	Trizidela do Vale
BR.13.2112274	Tufilândia
BR.13.2112308	Tuntum
BR.13.2112407	Turiaçu
BR.13.2112456	Turilândia
BR.13.2112605	Urbano Santos
BR.13.2112704	Vargem Grande
BR.13.2112803	Viana
BR.13.2112852	Vila Nova dos Martírios
BR.13.2112902	Vitória do Mearim
BR.13.2113009	Vitorino Freire
BR.13.2114007	Zé Doca
BR.20.2200053	Acauã
BR.20.2200103	Agricolândia
BR.20.2200251	Alagoinha do Piauí
BR.20.2200277	Alegrete do Piauí
BR.20.2200301	Alto Longá
BR.20.2200459	Alvorada do Gurguéia
BR.20.2200509	Amarante
BR.20.2200608	Angical do Piauí
BR.20.2200707	Anísio de Abreu
BR.20.2200806	Antônio Almeida
BR.20.2200905	Aroazes
BR.20.2201002	Arraial
BR.20.2201051	Assunção do Piauí
BR.20.2201150	Baixa Grande do Ribeiro
BR.20.2201176	Barra d'Alcântara
BR.20.2201200	Barras
BR.20.2201309	Barreiras do Piauí
BR.20.2201408	Barro Duro
BR.20.2201556	Bela Vista do Piauí
BR.20.2201572	Belém do Piauí
BR.20.2201705	Bertolínia
BR.20.2201739	Betânia do Piauí
BR.20.2201770	Boa Hora
BR.20.2201804	Bocaina
BR.20.2201903	Bom Jesus
BR.20.2201919	Bom Princípio do Piauí
BR.20.2201929	Bonfim do Piauí
BR.20.2201945	Boqueirão do Piauí
BR.20.2201960	Brasileira
BR.20.2201988	Brejo do Piauí
BR.20.2202000	Buriti dos Lopes
BR.20.2202026	Buriti dos Montes
BR.20.2202059	Cabeceiras do Piauí
BR.20.2202075	Cajazeiras do Piauí
BR.20.2202083	Cajueiro da Praia
BR.20.2202091	Caldeirão Grande do Piauí
BR.20.2202109	Campinas do Piauí
BR.20.2202117	Campo Alegre do Fidalgo
BR.20.2202133	Campo Grande do Piauí
BR.20.2202174	Campo Largo do Piauí
BR.20.2202208	Campo Maior
BR.20.2202251	Canavieira
BR.20.2202307	Canto do Buriti
BR.20.2202406	Capitão de Campos
BR.20.2202455	Capitão Gervásio Oliveira
BR.20.2202505	Caracol
BR.20.2202539	Caraúbas do Piauí
BR.20.2202604	Castelo do Piauí
BR.20.2202653	Caxingó
BR.20.2202703	Cocal
BR.20.2202711	Cocal de Telha
BR.20.2202729	Cocal dos Alves
BR.20.2202737	Coivaras
BR.20.2202752	Colônia do Gurguéia
BR.20.2202778	Colônia do Piauí
BR.20.2202802	Conceição do Canindé
BR.20.2202851	Coronel José Dias
BR.20.2202901	Corrente
BR.20.2203008	Cristalândia do Piauí
BR.20.2203107	Cristino Castro
BR.20.2203230	Currais
BR.20.2203255	Curralinhos
BR.20.2203305	Demerval Lobão
BR.20.2203404	Dom Expedito Lopes
BR.20.2203420	Domingos Mourão
BR.20.2203453	Dom Inocêncio
BR.20.2203503	Elesbão Veloso
BR.20.2203602	Eliseu Martins
BR.20.2203701	Esperantina
BR.20.2203750	Fartura do Piauí
BR.20.2203800	Flores do Piauí
BR.20.2203859	Floresta do Piauí
BR.20.2204006	Francinópolis
BR.20.2204105	Francisco Ayres
BR.20.2204154	Francisco Macedo
BR.20.2204204	Francisco Santos
BR.20.2204352	Geminiano
BR.20.2204402	Gilbués
BR.20.2204501	Guadalupe
BR.20.2204550	Guaribas
BR.20.2204600	Hugo Napoleão
BR.20.2204659	Ilha Grande
BR.20.2204709	Inhuma
BR.20.2204808	Ipiranga do Piauí
BR.20.2204907	Isaías Coelho
BR.20.2205003	Itainópolis
BR.20.2205102	Itaueira
BR.20.2205151	Jacobina do Piauí
BR.20.2205201	Jaicós
BR.20.2205250	Jardim do Mulato
BR.20.2205359	João Costa
BR.20.2205409	Joaquim Pires
BR.20.2205458	Joca Marques
BR.20.2205508	José de Freitas
BR.20.2205516	Juazeiro do Piauí
BR.20.2205524	Júlio Borges
BR.20.2205532	Jurema
BR.20.2205540	Lagoinha do Piauí
BR.20.2205557	Lagoa Alegre
BR.20.2205565	Lagoa do Barro do Piauí
BR.20.2205573	Lagoa de São Francisco
BR.20.2205581	Lagoa do Piauí
BR.20.2205599	Lagoa do Sítio
BR.20.2205607	Landri Sales
BR.20.2205706	Luís Correia
BR.20.2205805	Luzilândia
BR.20.2205854	Madeiro
BR.20.2205904	Manoel Emídio
BR.20.2205953	Marcolândia
BR.20.2206050	Massapê do Piauí
BR.20.2206100	Matias Olímpio
BR.20.2206209	Miguel Alves
BR.20.2206308	Miguel Leão
BR.20.2206357	Milton Brandão
BR.20.2206407	Monsenhor Gil
BR.20.2206506	Monsenhor Hipólito
BR.20.2206605	Monte Alegre do Piauí
BR.20.2206670	Morro do Chapéu do Piauí
BR.20.2206696	Murici dos Portelas
BR.20.2206704	Nazaré do Piauí
BR.20.2206753	Nossa Senhora de Nazaré
BR.20.2206803	Nossa Senhora dos Remédios
BR.20.2206902	Novo Oriente do Piauí
BR.20.2206951	Novo Santo Antônio
BR.20.2207009	Oeiras
BR.20.2207108	Olho d'Água do Piauí
BR.20.2207207	Padre Marcos
BR.20.2207306	Paes Landim
BR.20.2207355	Pajeú do Piauí
BR.20.2207405	Palmeira do Piauí
BR.20.2207504	Palmeirais
BR.20.2207553	Paquetá
BR.20.2207702	Parnaíba
BR.20.2207751	Passagem Franca do Piauí
BR.20.2207777	Patos do Piauí
BR.20.2207801	Paulistana
BR.20.2207850	Pavussu
BR.20.2207900	Pedro II
BR.20.2207959	Nova Santa Rita
BR.20.2208007	Picos
BR.20.2208106	Pimenteiras
BR.20.2208205	Pio IX
BR.20.2208304	Piracuruca
BR.20.2208403	Piripiri
BR.20.2208502	Porto
BR.20.2208551	Porto Alegre do Piauí
BR.20.2208601	Prata do Piauí
BR.20.2208650	Queimada Nova
BR.20.2208700	Redenção do Gurguéia
BR.20.2208809	Regeneração
BR.20.2208858	Riacho Frio
BR.20.2208874	Ribeira do Piauí
BR.20.2208908	Ribeiro Gonçalves
BR.20.2209005	Rio Grande do Piauí
BR.20.2209104	Santa Cruz do Piauí
BR.20.2209203	Santa Filomena
BR.20.2209302	Santa Luz
BR.20.2209351	Santana do Piauí
BR.20.2209377	Santa Rosa do Piauí
BR.20.2209401	Santo Antônio de Lisboa
BR.20.2209450	Santo Antônio dos Milagres
BR.20.2209500	Santo Inácio do Piauí
BR.20.2209559	São Braz do Piauí
BR.20.2209658	São Francisco de Assis do Piauí
BR.20.2209708	São Francisco do Piauí
BR.20.2209757	São Gonçalo do Gurguéia
BR.20.2209807	São Gonçalo do Piauí
BR.20.2209906	São João da Serra
BR.20.2209955	São João da Varjota
BR.20.2209971	São João do Arraial
BR.20.2210003	São João do Piauí
BR.20.2210052	São José do Divino
BR.20.2210102	São José do Peixe
BR.20.2210300	São Julião
BR.20.2210359	São Lourenço do Piauí
BR.20.2210375	São Luis do Piauí
BR.20.2210383	São Miguel da Baixa Grande
BR.20.2210391	São Miguel do Fidalgo
BR.20.2210409	São Miguel do Tapuio
BR.20.2210508	São Pedro do Piauí
BR.20.2210607	São Raimundo Nonato
BR.20.2210623	Sebastião Barros
BR.20.2210631	Sebastião Leal
BR.20.2210656	Sigefredo Pacheco
BR.20.2210805	Simplício Mendes
BR.20.2210904	Socorro do Piauí
BR.20.2210953	Tamboril do Piauí
BR.20.2210979	Tanque do Piauí
BR.20.2211001	Teresina
BR.20.2211100	União
BR.20.2211209	Uruçuí
BR.20.2211308	Valença do Piauí
BR.20.2211357	Várzea Branca
BR.20.2211407	Várzea Grande
BR.20.2211506	Vera Mendes
BR.20.2211605	Vila Nova do Piauí
BR.20.2211704	Wall Ferraz
BR.06.2300101	Abaiara
BR.06.2300150	Acarape
BR.06.2300200	Acaraú
BR.06.2300507	Alcântaras
BR.06.2300606	Altaneira
BR.06.2300705	Alto Santo
BR.06.2306405	Itapipoca
BR.06.2300804	Antonina do Norte
BR.06.2301000	Aquiraz
BR.06.2301406	Aratuba
BR.06.2301505	Arneiroz
BR.06.2301950	Barreira
BR.06.2302057	Barroquinha
BR.06.2302206	Beberibe
BR.06.2302305	Bela Cruz
BR.06.2302602	Camocim
BR.06.2303006	Caridade
BR.06.2303402	Carnaubal
BR.06.2303501	Cascavel
BR.06.2303600	Catarina
BR.06.2303659	Catunda
BR.06.2303709	Caucaia
BR.06.2303907	Chaval
BR.06.2303931	Choró
BR.06.2303956	Chorozinho
BR.06.2304251	Cruz
BR.06.2304269	Deputado Irapuan Pinheiro
BR.06.2304285	Eusébio
BR.06.2304400	Fortaleza
BR.06.2304459	Fortim
BR.06.2304608	General Sampaio
BR.06.2304806	Granjeiro
BR.06.2304905	Groaíras
BR.06.2304954	Guaiúba
BR.06.2305100	Guaramiranga
BR.06.2305233	Horizonte
BR.06.2305266	Ibaretama
BR.06.2305332	Ibicuitinga
BR.06.2305357	Icapuí
BR.06.2305654	Ipaporanga
BR.06.2300754	Amontada
BR.06.2306553	Itarema
BR.06.2307254	Jijoca de Jericoacoara
BR.06.2307650	Maracanaú
BR.06.2307809	Marco
BR.06.2307908	Martinópole
BR.06.2308377	Miraíma
BR.06.2308708	Morada Nova
BR.06.2308807	Moraújo
BR.06.2308906	Morrinhos
BR.06.2309102	Mulungu
BR.06.2309409	Novo Oriente
BR.06.2309508	Orós
BR.06.2309607	Pacajus
BR.06.2309904	Pacujá
BR.06.2310100	Palmácia
BR.06.2310209	Paracuru
BR.06.2310258	Paraipaba
BR.06.2310407	Paramoti
BR.06.2310852	Pindoretama
BR.06.2310902	Piquet Carneiro
BR.06.2310951	Pires Ferreira
BR.06.2311009	Poranga
BR.06.2311207	Potengi
BR.06.2311264	Quiterianópolis
BR.06.2311504	Quixeré
BR.06.2311959	Salitre
BR.06.2312007	Santana do Acaraú
BR.06.2312403	São Gonçalo do Amarante
BR.06.2312502	São João do Jaguaribe
BR.06.2312601	São Luís do Curu
BR.06.2313252	Tarrafas
BR.06.2313351	Tejuçuoca
BR.06.2313500	Trairi
BR.06.2313559	Tururu
BR.06.2313757	Umirim
BR.06.2313807	Uruburetama
BR.06.2313906	Uruoca
BR.22.2400109	Acari
BR.22.2400208	Açu
BR.22.2400307	Afonso Bezerra
BR.22.2400406	Água Nova
BR.22.2400604	Almino Afonso
BR.22.2400703	Alto do Rodrigues
BR.22.2400901	Antônio Martins
BR.22.2401008	Apodi
BR.22.2401107	Areia Branca
BR.22.2401206	Arês
BR.22.2401305	Campo Grande
BR.22.2401404	Baía Formosa
BR.22.2401453	Baraúna
BR.22.2401503	Barcelona
BR.22.2401602	Bento Fernandes
BR.22.2401651	Bodó
BR.22.2401800	Brejinho
BR.22.2401859	Caiçara do Norte
BR.22.2402006	Caicó
BR.22.2402105	Campo Redondo
BR.22.2402204	Canguaretama
BR.22.2402303	Caraúbas
BR.22.2402501	Carnaubais
BR.22.2402600	Ceará-Mirim
BR.22.2402709	Cerro Corá
BR.22.2402808	Coronel Ezequiel
BR.22.2402907	Coronel João Pessoa
BR.22.2403004	Cruzeta
BR.22.2403103	Currais Novos
BR.22.2403202	Doutor Severiano
BR.22.2403251	Parnamirim
BR.22.2403301	Encanto
BR.22.2403608	Extremoz
BR.22.2403707	Felipe Guerra
BR.22.2403756	Fernando Pedroza
BR.22.2403806	Florânia
BR.22.2403905	Francisco Dantas
BR.22.2404002	Frutuoso Gomes
BR.22.2404101	Galinhos
BR.22.2404200	Goianinha
BR.22.2404309	Governador Dix-Sept Rosado
BR.22.2404408	Grossos
BR.22.2404507	Guamaré
BR.22.2404606	Ielmo Marinho
BR.22.2404705	Ipanguaçu
BR.22.2404804	Ipueira
BR.22.2404853	Itajá
BR.22.2404903	Itaú
BR.22.2405108	Jandaíra
BR.22.2405207	Janduís
BR.22.2405306	Januário Cicco
BR.22.2405405	Japi
BR.22.2405504	Jardim de Angicos
BR.22.2405603	Jardim de Piranhas
BR.22.2405702	Jardim do Seridó
BR.22.2405801	João Câmara
BR.22.2405900	João Dias
BR.22.2406007	José da Penha
BR.22.2406205	Lagoa d'Anta
BR.22.2406304	Lagoa de Pedras
BR.22.2406403	Lagoa de Velhos
BR.22.2406502	Lagoa Nova
BR.22.2406601	Lagoa Salgada
BR.22.2406700	Lajes
BR.22.2406809	Lajes Pintadas
BR.22.2406908	Lucrécia
BR.22.2407005	Luís Gomes
BR.22.2407104	Macaíba
BR.22.2407203	Macau
BR.22.2407252	Major Sales
BR.22.2407302	Marcelino Vieira
BR.22.2407401	Martins
BR.22.2407609	Messias Targino
BR.22.2407708	Montanhas
BR.22.2407807	Monte Alegre
BR.22.2407906	Monte das Gameleiras
BR.22.2408102	Natal
BR.22.2408300	Nova Cruz
BR.22.2408409	Olho-d'Água do Borges
BR.22.2408508	Ouro Branco
BR.22.2408607	Paraná
BR.22.2408805	Parazinho
BR.22.2408904	Parelhas
BR.22.2408953	Rio do Fogo
BR.22.2409100	Passa e Fica
BR.22.2409209	Passagem
BR.22.2409332	Santa Maria
BR.22.2409407	Pau dos Ferros
BR.22.2409506	Pedra Grande
BR.22.2409605	Pedra Preta
BR.22.2409704	Pedro Avelino
BR.22.2409803	Pedro Velho
BR.22.2409902	Pendências
BR.22.2410108	Poço Branco
BR.22.2410207	Portalegre
BR.22.2410256	Porto do Mangue
BR.22.2410306	Serra Caiada
BR.22.2410504	Rafael Fernandes
BR.22.2410603	Rafael Godeiro
BR.22.2410702	Riacho da Cruz
BR.22.2410801	Riacho de Santana
BR.22.2410900	Riachuelo
BR.22.2411007	Rodolfo Fernandes
BR.22.2411056	Tibau
BR.22.2411106	Ruy Barbosa
BR.22.2411205	Santa Cruz
BR.22.2411403	Santana do Matos
BR.22.2411429	Santana do Seridó
BR.22.2411502	Santo Antônio
BR.22.2411601	São Bento do Norte
BR.22.2411700	São Bento do Trairí
BR.22.2411809	São Fernando
BR.22.2411908	São Francisco do Oeste
BR.22.2412005	São Gonçalo do Amarante
BR.22.2412104	São João do Sabugi
BR.22.2412203	São José de Mipibu
BR.22.2412302	São José do Campestre
BR.22.2412401	São José do Seridó
BR.22.2412500	São Miguel
BR.22.2412559	São Miguel do Gostoso
BR.22.2412609	São Paulo do Potengi
BR.22.2412807	São Rafael
BR.22.2413102	Senador Elói de Souza
BR.22.2413201	Senador Georgino Avelino
BR.22.2413300	Serra de São Bento
BR.22.2413359	Serra do Mel
BR.22.2413409	Serra Negra do Norte
BR.22.2413508	Serrinha
BR.22.2413557	Serrinha dos Pintos
BR.22.2413607	Severiano Melo
BR.22.2413706	Sítio Novo
BR.22.2413805	Taboleiro Grande
BR.22.2413904	Taipu
BR.22.2414001	Tangará
BR.22.2414100	Tenente Ananias
BR.22.2414159	Tenente Laurentino Cruz
BR.22.2414209	Tibau do Sul
BR.22.2414308	Timbaúba dos Batistas
BR.22.2414456	Triunfo Potiguar
BR.22.2414506	Umarizal
BR.22.2414605	Upanema
BR.22.2414753	Venha-Ver
BR.22.2414803	Vera Cruz
BR.22.2414902	Viçosa
BR.22.2415008	Vila Flor
BR.17.2500205	Aguiar
BR.17.2500304	Alagoa Grande
BR.17.2500403	Alagoa Nova
BR.17.2500502	Alagoinha
BR.17.2500536	Alcantil
BR.17.2500577	Algodão de Jandaíra
BR.17.2500700	São João do Rio do Peixe
BR.17.2500809	Araçagi
BR.17.2500908	Arara
BR.17.2501005	Araruna
BR.17.2501153	Areia de Baraúnas
BR.17.2501203	Areial
BR.17.2501302	Aroeiras
BR.17.2501351	Assunção
BR.17.2501401	Baía da Traição
BR.17.2501500	Bananeiras
BR.17.2501534	Baraúna
BR.17.2501575	Barra de Santana
BR.17.2501609	Barra de Santa Rosa
BR.17.2501708	Barra de São Miguel
BR.17.2501807	Bayeux
BR.17.2501906	Belém
BR.17.2502003	Belém do Brejo do Cruz
BR.17.2502052	Bernardino Batista
BR.17.2502102	Boa Ventura
BR.17.2502151	Boa Vista
BR.17.2502201	Bom Jesus
BR.17.2502300	Bom Sucesso
BR.17.2502409	Bonito de Santa Fé
BR.17.2502607	Igaracy
BR.17.2502706	Borborema
BR.17.2502805	Brejo do Cruz
BR.17.2502904	Brejo dos Santos
BR.17.2503001	Caaporã
BR.17.2503100	Cabaceiras
BR.17.2503209	Cabedelo
BR.17.2503407	Cacimba de Areia
BR.17.2503506	Cacimba de Dentro
BR.17.2503555	Cacimbas
BR.17.2503605	Caiçara
BR.17.2503753	Cajazeirinhas
BR.17.2503803	Caldas Brandão
BR.17.2503902	Camalaú
BR.17.2504009	Campina Grande
BR.17.2504033	Capim
BR.17.2504074	Caraúbas
BR.17.2504108	Carrapateira
BR.17.2504157	Casserengue
BR.17.2504207	Catingueira
BR.17.2504306	Catolé do Rocha
BR.17.2504355	Caturité
BR.17.2504603	Conde
BR.17.2504702	Congo
BR.17.2504801	Coremas
BR.17.2504850	Coxixola
BR.17.2505006	Cubati
BR.17.2505105	Cuité
BR.17.2505204	Cuitegi
BR.17.2505238	Cuité de Mamanguape
BR.17.2505303	Curral Velho
BR.17.2505352	Damião
BR.17.2505402	Desterro
BR.17.2505501	Vista Serrana
BR.17.2505600	Diamante
BR.17.2505709	Dona Inês
BR.17.2505808	Duas Estradas
BR.17.2505907	Emas
BR.17.2506004	Esperança
BR.17.2506103	Fagundes
BR.17.2506251	Gado Bravo
BR.17.2506301	Guarabira
BR.17.2506400	Gurinhém
BR.17.2506707	Imaculada
BR.17.2506806	Ingá
BR.17.2506905	Itabaiana
BR.17.2507002	Itaporanga
BR.17.2507101	Itapororoca
BR.17.2507200	Itatuba
BR.17.2507309	Jacaraú
BR.17.2507408	Jericó
BR.17.2507507	João Pessoa
BR.17.2507606	Juarez Távora
BR.17.2507804	Junco do Seridó
BR.17.2507903	Juripiranga
BR.17.2508000	Juru
BR.17.2508208	Lagoa de Dentro
BR.17.2508406	Lastro
BR.17.2508505	Livramento
BR.17.2508554	Logradouro
BR.17.2508604	Lucena
BR.17.2508703	Mãe d'Água
BR.17.2508802	Malta
BR.17.2509008	Manaíra
BR.17.2509057	Marcação
BR.17.2509107	Mari
BR.17.2509156	Marizópolis
BR.17.2509206	Massaranduba
BR.17.2509339	Matinhas
BR.17.2509396	Maturéia
BR.17.2509404	Mogeiro
BR.17.2509503	Montadas
BR.17.2509602	Monte Horebe
BR.17.2509800	Mulungu
BR.17.2509909	Natuba
BR.17.2510006	Nazarezinho
BR.17.2510105	Nova Floresta
BR.17.2510204	Nova Olinda
BR.17.2510303	Nova Palmeira
BR.17.2510402	Olho d'Água
BR.17.2510501	Olivedos
BR.17.2510600	Ouro Velho
BR.17.2510659	Parari
BR.17.2510709	Passagem
BR.17.2510808	Patos
BR.17.2511103	Pedra Lavrada
BR.17.2511202	Pedras de Fogo
BR.17.2511400	Picuí
BR.17.2511509	Pilar
BR.17.2511608	Pilões
BR.17.2511707	Pilõezinhos
BR.17.2511806	Pirpirituba
BR.17.2511905	Pitimbu
BR.17.2512036	Poço Dantas
BR.17.2512077	Poço de José de Moura
BR.17.2512309	Princesa Isabel
BR.17.2512408	Puxinanã
BR.17.2512507	Queimadas
BR.17.2512606	Quixaba
BR.17.2512705	Remígio
BR.17.2512747	Riachão
BR.17.2512754	Riachão do Bacamarte
BR.17.2512762	Riachão do Poço
BR.17.2512788	Riacho de Santo Antônio
BR.17.2512804	Riacho dos Cavalos
BR.17.2513000	Salgadinho
BR.17.2513109	Salgado de São Félix
BR.17.2513158	Santa Cecília
BR.17.2513208	Santa Cruz
BR.17.2513307	Santa Helena
BR.17.2513356	Santa Inês
BR.17.2513406	Santa Luzia
BR.17.2513505	Santana de Mangueira
BR.17.2513604	Santana dos Garrotes
BR.17.2513802	Santa Teresinha
BR.17.2513851	Santo André
BR.17.2513927	São Bentinho
BR.17.2513943	São Domingos do Cariri
BR.17.2513968	São Domingos
BR.17.2514008	São João do Cariri
BR.17.2514107	São João do Tigre
BR.17.2514206	São José da Lagoa Tapada
BR.17.2514305	São José de Caiana
BR.17.2514404	São José de Espinharas
BR.17.2514453	São José dos Ramos
BR.17.2514503	São José de Piranhas
BR.17.2514552	São José de Princesa
BR.17.2514651	São José do Brejo do Cruz
BR.17.2514701	São José do Sabugi
BR.17.2514800	São José dos Cordeiros
BR.17.2514909	São Mamede
BR.17.2515005	São Miguel de Taipu
BR.17.2515104	São Sebastião de Lagoa de Roça
BR.17.2515203	São Sebastião do Umbuzeiro
BR.17.2515302	Sapé
BR.17.2515401	São Vicente do Seridó
BR.17.2515500	Serra Branca
BR.17.2515609	Serra da Raiz
BR.17.2515708	Serra Grande
BR.17.2515807	Serra Redonda
BR.17.2515906	Serraria
BR.17.2515971	Sobrado
BR.17.2516003	Solânea
BR.17.2516151	Sossêgo
BR.17.2516300	Sumé
BR.17.2516409	Tacima
BR.17.2516508	Taperoá
BR.17.2516607	Tavares
BR.17.2516706	Teixeira
BR.17.2516755	Tenório
BR.17.2516904	Uiraúna
BR.17.2517001	Umbuzeiro
BR.17.2517100	Várzea
BR.17.2517209	Vieirópolis
BR.30.2600054	Abreu e Lima
BR.30.2600104	Afogados da Ingazeira
BR.30.2600203	Afrânio
BR.30.2600302	Agrestina
BR.30.2600401	Água Preta
BR.30.2600500	Águas Belas
BR.30.2600609	Alagoinha
BR.30.2600708	Aliança
BR.30.2600807	Altinho
BR.30.2600906	Amaraji
BR.30.2601003	Angelim
BR.30.2601201	Arcoverde
BR.30.2601300	Barra de Guabiraba
BR.30.2601409	Barreiros
BR.30.2601508	Belém de Maria
BR.30.2601607	Belém do São Francisco
BR.30.2601706	Belo Jardim
BR.30.2601805	Betânia
BR.30.2601904	Bezerros
BR.30.2602001	Bodocó
BR.30.2602100	Bom Conselho
BR.30.2602209	Bom Jardim
BR.30.2602308	Bonito
BR.30.2602407	Brejão
BR.30.2602506	Brejinho
BR.30.2602605	Brejo da Madre de Deus
BR.30.2602803	Buíque
BR.30.2602902	Cabo de Santo Agostinho
BR.30.2603009	Cabrobó
BR.30.2603108	Cachoeirinha
BR.30.2603207	Caetés
BR.30.2603306	Calçado
BR.30.2603405	Calumbi
BR.30.2603454	Camaragibe
BR.30.2603504	Camocim de São Félix
BR.30.2603603	Camutanga
BR.30.2603702	Canhotinho
BR.30.2603801	Capoeiras
BR.30.2603900	Carnaíba
BR.30.2603926	Carnaubeira da Penha
BR.30.2604007	Carpina
BR.30.2604106	Caruaru
BR.30.2604155	Casinhas
BR.30.2604205	Catende
BR.30.2604403	Chã de Alegria
BR.30.2604502	Chã Grande
BR.30.2604601	Condado
BR.30.2604809	Cortês
BR.30.2604908	Cumaru
BR.30.2605004	Cupira
BR.30.2605103	Custódia
BR.30.2605152	Dormentes
BR.30.2605202	Escada
BR.30.2605301	Exu
BR.30.2605400	Feira Nova
BR.30.2605707	Floresta
BR.30.2605806	Frei Miguelinho
BR.30.2605905	Gameleira
BR.30.2606002	Garanhuns
BR.30.2606101	Glória do Goitá
BR.30.2606200	Goiana
BR.30.2606309	Granito
BR.30.2606408	Gravatá
BR.30.2606507	Iati
BR.30.2606606	Ibimirim
BR.30.2606705	Ibirajuba
BR.30.2606804	Igarassu
BR.30.2606903	Iguaracy
BR.30.2607000	Inajá
BR.30.2607208	Ipojuca
BR.30.2607307	Ipubi
BR.30.2607406	Itacuruba
BR.30.2607505	Itaíba
BR.30.2607604	Ilha de Itamaracá
BR.30.2607703	Itapetim
BR.30.2607752	Itapissuma
BR.30.2607802	Itaquitinga
BR.30.2607901	Jaboatão dos Guararapes
BR.30.2607950	Jaqueira
BR.30.2608008	Jataúba
BR.30.2608057	Jatobá
BR.30.2608107	João Alfredo
BR.30.2608206	Joaquim Nabuco
BR.30.2608255	Jucati
BR.30.2608305	Jupi
BR.30.2608404	Jurema
BR.30.2608453	Lagoa do Carro
BR.30.2608503	Lagoa de Itaenga
BR.30.2608602	Lagoa do Ouro
BR.30.2608701	Lagoa dos Gatos
BR.30.2608750	Lagoa Grande
BR.30.2608800	Lajedo
BR.30.2608909	Limoeiro
BR.30.2609006	Macaparana
BR.30.2609105	Machados
BR.30.2609154	Manari
BR.30.2609204	Maraial
BR.30.2609303	Mirandiba
BR.30.2609402	Moreno
BR.30.2609501	Nazaré da Mata
BR.30.2609600	Olinda
BR.30.2609709	Orobó
BR.30.2609808	Orocó
BR.30.2609907	Ouricuri
BR.30.2610004	Palmares
BR.30.2610103	Palmeirina
BR.30.2610202	Panelas
BR.30.2610301	Paranatama
BR.30.2610400	Parnamirim
BR.30.2610509	Passira
BR.30.2610608	Paudalho
BR.30.2610806	Pedra
BR.30.2610905	Pesqueira
BR.30.2611002	Petrolândia
BR.30.2611101	Petrolina
BR.30.2611200	Poção
BR.30.2611309	Pombos
BR.30.2611408	Primavera
BR.30.2611507	Quipapá
BR.30.2611533	Quixaba
BR.30.2611606	Recife
BR.30.2611705	Riacho das Almas
BR.30.2611804	Ribeirão
BR.30.2611903	Rio Formoso
BR.30.2612000	Sairé
BR.30.2612109	Salgadinho
BR.30.2612208	Salgueiro
BR.30.2612307	Saloá
BR.30.2612406	Sanharó
BR.30.2612455	Santa Cruz
BR.30.2612471	Santa Cruz da Baixa Verde
BR.30.2612505	Santa Cruz do Capibaribe
BR.30.2612554	Santa Filomena
BR.30.2612604	Santa Maria da Boa Vista
BR.30.2612703	Santa Maria do Cambucá
BR.30.2612802	Santa Terezinha
BR.30.2613008	São Bento do Una
BR.30.2613107	São Caitano
BR.30.2613305	São Joaquim do Monte
BR.30.2613404	São José da Coroa Grande
BR.30.2613503	São José do Belmonte
BR.30.2613602	São José do Egito
BR.30.2613701	São Lourenço da Mata
BR.30.2613800	São Vicente Férrer
BR.30.2613909	Serra Talhada
BR.30.2614105	Sertânia
BR.30.2614204	Sirinhaém
BR.30.2614303	Moreilândia
BR.30.2614402	Solidão
BR.30.2614501	Surubim
BR.30.2614600	Tabira
BR.30.2614709	Tacaimbó
BR.30.2614808	Tacaratu
BR.30.2614857	Tamandaré
BR.30.2615003	Taquaritinga do Norte
BR.30.2615102	Terezinha
BR.30.2615201	Terra Nova
BR.30.2615409	Toritama
BR.30.2615508	Tracunhaém
BR.30.2615607	Trindade
BR.30.2615706	Triunfo
BR.30.2615805	Tupanatinga
BR.30.2615904	Tuparetama
BR.30.2616001	Venturosa
BR.30.2616100	Verdejante
BR.30.2616183	Vertente do Lério
BR.30.2616209	Vertentes
BR.30.2616308	Vicência
BR.30.2616407	Vitória de Santo Antão
BR.30.2616506	Xexéu
BR.02.2700409	Atalaia
BR.02.2700607	Barra de São Miguel
BR.02.2700805	Belém
BR.02.2701001	Boca da Mata
BR.02.2701100	Branquinha
BR.02.2701308	Cajueiro
BR.02.2701357	Campestre
BR.02.2701407	Campo Alegre
BR.02.2701704	Capela
BR.02.2701803	Carneiros
BR.02.2701902	Chã Preta
BR.02.2702009	Coité do Nóia
BR.02.2702207	Coqueiro Seco
BR.02.2702504	Dois Riachos
BR.02.2702702	Feliz Deserto
BR.02.2702801	Flexeiras
BR.02.2703007	Ibateguara
BR.02.2703304	Inhapi
BR.02.2703502	Jacuípe
BR.02.2703601	Japaratinga
BR.02.2703700	Jaramataia
BR.02.2703809	Joaquim Gomes
BR.02.2703908	Jundiá
BR.02.2704104	Lagoa da Canoa
BR.02.2704302	Maceió
BR.02.2704500	Maragogi
BR.02.2704609	Maravilha
BR.02.2704708	Marechal Deodoro
BR.02.2704906	Mar Vermelho
BR.02.2705101	Matriz de Camaragibe
BR.02.2705200	Messias
BR.02.2705309	Minador do Negrão
BR.02.2705408	Monteirópolis
BR.02.2705507	Murici
BR.02.2705606	Novo Lino
BR.02.2705903	Olho d'Água Grande
BR.02.2706000	Olivença
BR.02.2706109	Ouro Branco
BR.02.2706208	Palestina
BR.02.2706422	Pariconha
BR.02.2706448	Paripueira
BR.02.2706505	Passo de Camaragibe
BR.02.2706604	Paulo Jacinto
BR.02.2706802	Piaçabuçu
BR.02.2706901	Pilar
BR.02.2707008	Pindoba
BR.02.2707305	Porto Calvo
BR.02.2707404	Porto de Pedras
BR.02.2707602	Quebrangulo
BR.02.2707701	Rio Largo
BR.02.2707800	Roteiro
BR.02.2707909	Santa Luzia do Norte
BR.02.2708105	Santana do Mundaú
BR.02.2708501	São Luís do Quitunde
BR.02.2708709	São Miguel dos Milagres
BR.02.2708907	Satuba
BR.02.2709004	Tanque d'Arca
BR.02.2709103	Taquarana
BR.02.2709152	Teotônio Vilela
BR.02.2709301	União dos Palmares
BR.02.2709400	Viçosa
BR.28.2800308	Aracaju
BR.28.2800407	Arauá
BR.28.2800506	Areia Branca
BR.28.2800605	Barra dos Coqueiros
BR.28.2800670	Boquim
BR.28.2800704	Brejo Grande
BR.28.2801306	Capela
BR.28.2801504	Carmópolis
BR.28.2801702	Cristinápolis
BR.28.2802007	Divina Pastora
BR.28.2802106	Estância
BR.28.2802502	General Maynard
BR.28.2802700	Ilha das Flores
BR.28.2802809	Indiaroba
BR.28.2802908	Itabaiana
BR.28.2803203	Itaporanga d'Ajuda
BR.28.2803302	Japaratuba
BR.28.2803609	Laranjeiras
BR.28.2803807	Malhada dos Bois
BR.28.2803906	Malhador
BR.28.2804003	Maruim
BR.28.2804102	Moita Bonita
BR.28.2804300	Muribeca
BR.28.2804458	Nossa Senhora Aparecida
BR.28.2804706	Nossa Senhora de Lourdes
BR.28.2804805	Nossa Senhora do Socorro
BR.28.2805109	Pedrinhas
BR.28.2805307	Pirambu
BR.28.2805901	Riachuelo
BR.28.2806107	Rosário do Catete
BR.28.2806206	Salgado
BR.28.2806305	Santa Luzia do Itanhy
BR.28.2806404	Santana do São Francisco
BR.28.2806503	Santa Rosa de Lima
BR.28.2806602	Santo Amaro das Brotas
BR.28.2806701	São Cristóvão
BR.28.2807204	Siriri
BR.28.2807303	Telha
BR.28.2807600	Umbaúba
BR.05.2900108	Abaíra
BR.05.2900207	Abaré
BR.05.2900306	Acajutiba
BR.05.2900355	Adustina
BR.05.2900405	Água Fria
BR.05.2900504	Érico Cardoso
BR.05.2900603	Aiquara
BR.05.2900801	Alcobaça
BR.05.2900900	Almadina
BR.05.2901007	Amargosa
BR.05.2901106	Amélia Rodrigues
BR.05.2901155	América Dourada
BR.05.2901205	Anagé
BR.05.2901304	Andaraí
BR.05.2901353	Andorinha
BR.05.2901403	Angical
BR.05.2901502	Anguera
BR.05.2901601	Antas
BR.05.2901700	Antônio Cardoso
BR.05.2901809	Antônio Gonçalves
BR.05.2901908	Aporá
BR.05.2901957	Apuarema
BR.05.2902005	Aracatu
BR.05.2902054	Araçás
BR.05.2902104	Araci
BR.05.2902252	Arataca
BR.05.2902302	Aratuípe
BR.05.2902401	Aurelino Leal
BR.05.2902500	Baianópolis
BR.05.2902609	Baixa Grande
BR.05.2902658	Banzaê
BR.05.2902708	Barra
BR.05.2902807	Barra da Estiva
BR.05.2902906	Barra do Choça
BR.05.2903102	Barra do Rocha
BR.05.2903235	Barro Alto
BR.05.2903300	Barro Preto
BR.05.2903508	Belo Campo
BR.05.2903607	Biritinga
BR.05.2903706	Boa Nova
BR.05.2903805	Boa Vista do Tupim
BR.05.2903904	Bom Jesus da Lapa
BR.05.2903953	Bom Jesus da Serra
BR.05.2904001	Boninal
BR.05.2904050	Bonito
BR.05.2904100	Boquira
BR.05.2904209	Botuporã
BR.05.2904407	Brejolândia
BR.05.2904506	Brotas de Macaúbas
BR.05.2904605	Brumado
BR.05.2904704	Buerarema
BR.05.2904753	Buritirama
BR.05.2904803	Caatiba
BR.05.2904852	Cabaceiras do Paraguaçu
BR.05.2904902	Cachoeira
BR.05.2905008	Caculé
BR.05.2905107	Caém
BR.05.2905156	Caetanos
BR.05.2905206	Caetité
BR.05.2905305	Cafarnaum
BR.05.2905404	Cairu
BR.05.2905503	Caldeirão Grande
BR.05.2905602	Camacan
BR.05.2905701	Camaçari
BR.05.2905800	Camamu
BR.05.2905909	Campo Alegre de Lourdes
BR.05.2906006	Campo Formoso
BR.05.2906105	Canápolis
BR.05.2906204	Canarana
BR.05.2906303	Canavieiras
BR.05.2906402	Candeal
BR.05.2906600	Candiba
BR.05.2906709	Cândido Sales
BR.05.2906808	Cansanção
BR.05.2906824	Canudos
BR.05.2906857	Capela do Alto Alegre
BR.05.2906873	Capim Grosso
BR.05.2906899	Caraíbas
BR.05.2906907	Caravelas
BR.05.2907004	Cardeal da Silva
BR.05.2907103	Carinhanha
BR.05.2907202	Casa Nova
BR.05.2907301	Castro Alves
BR.05.2907400	Catolândia
BR.05.2907509	Catu
BR.05.2907558	Caturama
BR.05.2907608	Central
BR.05.2907806	Cícero Dantas
BR.05.2907905	Cipó
BR.05.2908002	Coaraci
BR.05.2908101	Cocos
BR.05.2908200	Conceição da Feira
BR.05.2908309	Conceição do Almeida
BR.05.2908408	Conceição do Coité
BR.05.2908507	Conceição do Jacuípe
BR.05.2908606	Conde
BR.05.2908705	Condeúba
BR.05.2908804	Contendas do Sincorá
BR.05.2908903	Coração de Maria
BR.05.2909000	Cordeiros
BR.05.2909109	Coribe
BR.05.2909208	Coronel João Sá
BR.05.2909307	Correntina
BR.05.2909406	Cotegipe
BR.05.2909505	Cravolândia
BR.05.2909604	Crisópolis
BR.05.2909703	Cristópolis
BR.05.2909802	Cruz das Almas
BR.05.2909901	Curaçá
BR.05.2910008	Dário Meira
BR.05.2910206	Dom Macedo Costa
BR.05.2910305	Elísio Medrado
BR.05.2910404	Encruzilhada
BR.05.2910503	Entre Rios
BR.05.2910602	Esplanada
BR.05.2910701	Euclides da Cunha
BR.05.2910727	Eunápolis
BR.05.2910750	Fátima
BR.05.2910776	Feira da Mata
BR.05.2910800	Feira de Santana
BR.05.2910859	Filadélfia
BR.05.2910909	Firmino Alves
BR.05.2911006	Floresta Azul
BR.05.2911105	Formosa do Rio Preto
BR.05.2911204	Gandu
BR.05.2911253	Gavião
BR.05.2911303	Gentio do Ouro
BR.05.2911501	Gongogi
BR.05.2911600	Governador Mangabeira
BR.05.2911659	Guajeru
BR.05.2911709	Guanambi
BR.05.2911857	Heliópolis
BR.05.2912004	Ibiassucê
BR.05.2912103	Ibicaraí
BR.05.2912202	Ibicoara
BR.05.2912301	Ibicuí
BR.05.2912400	Ibipeba
BR.05.2912509	Ibipitanga
BR.05.2912608	Ibiquera
BR.05.2912707	Ibirapitanga
BR.05.2912806	Ibirapuã
BR.05.2912905	Ibirataia
BR.05.2913002	Ibitiara
BR.05.2913101	Ibititá
BR.05.2913200	Ibotirama
BR.05.2913309	Ichu
BR.05.2913408	Igaporã
BR.05.2913457	Igrapiúna
BR.05.2913507	Iguaí
BR.05.2913606	Ilhéus
BR.05.2913705	Inhambupe
BR.05.2913804	Ipecaetá
BR.05.2913903	Ipiaú
BR.05.2914000	Ipirá
BR.05.2914109	Ipupiara
BR.05.2914208	Irajuba
BR.05.2914307	Iramaia
BR.05.2914406	Iraquara
BR.05.2914505	Irará
BR.05.2914604	Irecê
BR.05.2914653	Itabela
BR.05.2914703	Itaberaba
BR.05.2914802	Itabuna
BR.05.2914901	Itacaré
BR.05.2915007	Itaeté
BR.05.2915106	Itagi
BR.05.2915205	Itagibá
BR.05.2915304	Itagimirim
BR.05.2915353	Itaguaçu da Bahia
BR.05.2915403	Itaju do Colônia
BR.05.2915502	Itajuípe
BR.05.2915601	Itamaraju
BR.05.2915700	Itamari
BR.05.2915809	Itambé
BR.05.2915908	Itanagra
BR.05.2916005	Itanhém
BR.05.2916104	Itaparica
BR.05.2916203	Itapé
BR.05.2916302	Itapebi
BR.05.2916401	Itapetinga
BR.05.2916609	Itapitanga
BR.05.2916708	Itaquara
BR.05.2916807	Itarantim
BR.05.2916856	Itatim
BR.05.2916906	Itiruçu
BR.05.2917003	Itiúba
BR.05.2917102	Itororó
BR.05.2917201	Ituaçu
BR.05.2917334	Iuiu
BR.05.2917359	Jaborandi
BR.05.2917409	Jacaraci
BR.05.2917508	Jacobina
BR.05.2917607	Jaguaquara
BR.05.2917706	Jaguarari
BR.05.2917805	Jaguaripe
BR.05.2917904	Jandaíra
BR.05.2918001	Jequié
BR.05.2918100	Jeremoabo
BR.05.2918209	Jiquiriçá
BR.05.2918308	Jitaúna
BR.05.2918357	João Dourado
BR.05.2918407	Juazeiro
BR.05.2918456	Jucuruçu
BR.05.2918506	Jussara
BR.05.2918555	Jussari
BR.05.2918605	Jussiape
BR.05.2918704	Lafaiete Coutinho
BR.05.2918803	Laje
BR.05.2918902	Lajedão
BR.05.2919009	Lajedinho
BR.05.2919058	Lajedo do Tabocal
BR.05.2919108	Lamarão
BR.05.2919157	Lapão
BR.05.2919207	Lauro de Freitas
BR.05.2919306	Lençóis
BR.05.2919405	Licínio de Almeida
BR.05.2919504	Livramento de Nossa Senhora
BR.05.2919603	Macajuba
BR.05.2919702	Macarani
BR.05.2919801	Macaúbas
BR.05.2919926	Madre de Deus
BR.05.2919959	Maetinga
BR.05.2920007	Maiquinique
BR.05.2920106	Mairi
BR.05.2920205	Malhada
BR.05.2920304	Malhada de Pedras
BR.05.2920403	Manoel Vitorino
BR.05.2920452	Mansidão
BR.05.2920502	Maracás
BR.05.2920601	Maragogipe
BR.05.2920700	Maraú
BR.05.2920809	Marcionílio Souza
BR.05.2920908	Mascote
BR.05.2921005	Mata de São João
BR.05.2921054	Matina
BR.05.2921104	Medeiros Neto
BR.05.2921203	Miguel Calmon
BR.05.2921401	Mirangaba
BR.05.2921450	Mirante
BR.05.2921500	Monte Santo
BR.05.2921609	Morpará
BR.05.2921708	Morro do Chapéu
BR.05.2921807	Mortugaba
BR.05.2921906	Mucugê
BR.05.2922003	Mucuri
BR.05.2922052	Mulungu do Morro
BR.05.2922102	Mundo Novo
BR.05.2922201	Muniz Ferreira
BR.05.2922300	Muritiba
BR.05.2922409	Mutuípe
BR.05.2922508	Nazaré
BR.05.2922706	Nova Canaã
BR.05.2922730	Nova Fátima
BR.05.2922755	Nova Ibiá
BR.05.2922805	Nova Itarana
BR.05.2922854	Nova Redenção
BR.05.2922904	Nova Soure
BR.05.2923035	Novo Horizonte
BR.05.2923050	Novo Triunfo
BR.05.2923100	Olindina
BR.05.2923308	Ouriçangas
BR.05.2923357	Ourolândia
BR.05.2923407	Palmas de Monte Alto
BR.05.2923506	Palmeiras
BR.05.2923605	Paramirim
BR.05.2923704	Paratinga
BR.05.2923803	Paripiranga
BR.05.2923902	Pau Brasil
BR.05.2924058	Pé de Serra
BR.05.2924108	Pedrão
BR.05.2924207	Pedro Alexandre
BR.05.2924306	Piatã
BR.05.2924405	Pilão Arcado
BR.05.2924504	Pindaí
BR.05.2924603	Pindobaçu
BR.05.2924652	Pintadas
BR.05.2924678	Piraí do Norte
BR.05.2924702	Piripá
BR.05.2924801	Piritiba
BR.05.2924900	Planaltino
BR.05.2925006	Planalto
BR.05.2925204	Pojuca
BR.05.2925253	Ponto Novo
BR.05.2925303	Porto Seguro
BR.05.2925402	Potiraguá
BR.05.2925600	Presidente Dutra
BR.05.2925709	Presidente Jânio Quadros
BR.05.2925808	Queimadas
BR.05.2925907	Quijingue
BR.05.2925931	Quixabeira
BR.05.2925956	Rafael Jambeiro
BR.05.2926004	Remanso
BR.05.2926103	Retirolândia
BR.05.2926202	Riachão das Neves
BR.05.2926301	Riachão do Jacuípe
BR.05.2926400	Riacho de Santana
BR.05.2926509	Ribeira do Amparo
BR.05.2926608	Ribeira do Pombal
BR.05.2926657	Ribeirão do Largo
BR.05.2926707	Rio de Contas
BR.05.2926806	Rio do Antônio
BR.05.2926905	Rio do Pires
BR.05.2927200	Ruy Barbosa
BR.05.2927309	Salinas da Margarida
BR.05.2927408	Salvador
BR.05.2927507	Santa Bárbara
BR.05.2927606	Santa Brígida
BR.05.2927705	Santa Cruz Cabrália
BR.05.2927804	Santa Cruz da Vitória
BR.05.2927903	Santa Inês
BR.05.2928000	Santaluz
BR.05.2928059	Santa Luzia
BR.05.2928307	Santanópolis
BR.05.2928406	Santa Rita de Cássia
BR.05.2928505	Santa Terezinha
BR.05.2928604	Santo Amaro
BR.05.2928703	Santo Antônio de Jesus
BR.05.2928802	Santo Estêvão
BR.05.2928901	São Desidério
BR.05.2928950	São Domingos
BR.05.2929008	São Félix
BR.05.2929057	São Félix do Coribe
BR.05.2929107	São Felipe
BR.05.2929206	São Francisco do Conde
BR.05.2929255	São Gabriel
BR.05.2929305	São Gonçalo dos Campos
BR.05.2929354	São José da Vitória
BR.05.2929370	São José do Jacuípe
BR.05.2929404	São Miguel das Matas
BR.05.2929503	São Sebastião do Passé
BR.05.2929602	Sapeaçu
BR.05.2929701	Sátiro Dias
BR.05.2929750	Saubara
BR.05.2929800	Saúde
BR.05.2929909	Seabra
BR.05.2930006	Sebastião Laranjeiras
BR.05.2930105	Senhor do Bonfim
BR.05.2930154	Serra do Ramalho
BR.05.2930204	Sento Sé
BR.05.2930303	Serra Dourada
BR.05.2930402	Serra Preta
BR.05.2930600	Serrolândia
BR.05.2930709	Simões Filho
BR.05.2930758	Sítio do Mato
BR.05.2930766	Sítio do Quinto
BR.05.2930774	Sobradinho
BR.05.2930907	Tabocas do Brejo Velho
BR.05.2931004	Tanhaçu
BR.05.2931053	Tanque Novo
BR.05.2931103	Tanquinho
BR.05.2931202	Taperoá
BR.05.2931301	Tapiramutá
BR.05.2931350	Teixeira de Freitas
BR.05.2931400	Teodoro Sampaio
BR.05.2931509	Teofilândia
BR.05.2931608	Teolândia
BR.05.2931707	Terra Nova
BR.05.2931905	Tucano
BR.05.2932002	Uauá
BR.05.2932101	Ubaíra
BR.05.2932200	Ubaitaba
BR.05.2932309	Ubatã
BR.05.2932408	Uibaí
BR.05.2932606	Urandi
BR.05.2932705	Uruçuca
BR.05.2932804	Utinga
BR.05.2932903	Valença
BR.05.2933000	Valente
BR.05.2933059	Várzea da Roça
BR.05.2933109	Várzea do Poço
BR.05.2933158	Várzea Nova
BR.05.2933174	Varzedo
BR.05.2933208	Vera Cruz
BR.05.2933257	Vereda
BR.05.2933307	Vitória da Conquista
BR.05.2933406	Wagner
BR.05.2933455	Wanderley
BR.05.2933505	Wenceslau Guimarães
BR.05.2933604	Xique-Xique
BR.15.3100104	Abadia dos Dourados
BR.15.3100203	Abaeté
BR.15.3100302	Abre Campo
BR.15.3100401	Acaiaca
BR.15.3100500	Açucena
BR.15.3100609	Água Boa
BR.15.3100708	Água Comprida
BR.15.3100807	Aguanil
BR.15.3100906	Águas Formosas
BR.15.3101003	Águas Vermelhas
BR.15.3101102	Aimorés
BR.15.3101201	Aiuruoca
BR.15.3101300	Alagoa
BR.15.3101409	Albertina
BR.15.3101607	Alfenas
BR.15.3101631	Alfredo Vasconcelos
BR.15.3101706	Almenara
BR.15.3101805	Alpercata
BR.15.3101904	Alpinópolis
BR.15.3102001	Alterosa
BR.15.3102050	Alto Caparaó
BR.15.3102100	Alto Rio Doce
BR.15.3102209	Alvarenga
BR.15.3102308	Alvinópolis
BR.15.3102407	Alvorada de Minas
BR.15.3102506	Amparo da Serra
BR.15.3102605	Andradas
BR.15.3102704	Cachoeira de Pajeú
BR.15.3102803	Andrelândia
BR.15.3102852	Angelândia
BR.15.3102902	Antônio Carlos
BR.15.3103009	Antônio Dias
BR.15.3103108	Antônio Prado de Minas
BR.15.3103306	Aracitaba
BR.15.3103405	Araçuaí
BR.15.3103504	Araguari
BR.15.3103603	Arantina
BR.15.3103702	Araponga
BR.15.3103751	Araporã
BR.15.3103801	Arapuá
BR.15.3103900	Araújos
BR.15.3104007	Araxá
BR.15.3104106	Arceburgo
BR.15.3104205	Arcos
BR.15.3104304	Areado
BR.15.3104403	Argirita
BR.15.3104452	Aricanduva
BR.15.3104502	Arinos
BR.15.3104601	Astolfo Dutra
BR.15.3104700	Ataléia
BR.15.3104908	Baependi
BR.15.3105004	Baldim
BR.15.3105103	Bambuí
BR.15.3105202	Bandeira
BR.15.3105301	Bandeira do Sul
BR.15.3105400	Barão de Cocais
BR.15.3105509	Barão de Monte Alto
BR.15.3105608	Barbacena
BR.15.3105707	Barra Longa
BR.15.3105905	Barroso
BR.15.3106002	Bela Vista de Minas
BR.15.3106200	Belo Horizonte
BR.15.3106309	Belo Oriente
BR.15.3106408	Belo Vale
BR.15.3106507	Berilo
BR.15.3106606	Bertópolis
BR.15.3106655	Berizal
BR.15.3106705	Betim
BR.15.3106804	Bias Fortes
BR.15.3106903	Bicas
BR.15.3107000	Biquinhas
BR.15.3107109	Boa Esperança
BR.15.3107208	Bocaina de Minas
BR.15.3107307	Bocaiúva
BR.15.3107406	Bom Despacho
BR.15.3107505	Bom Jardim de Minas
BR.15.3107604	Bom Jesus da Penha
BR.15.3107703	Bom Jesus do Amparo
BR.15.3107802	Bom Jesus do Galho
BR.15.3107901	Bom Repouso
BR.15.3108008	Bom Sucesso
BR.15.3108107	Bonfim
BR.15.3108255	Bonito de Minas
BR.15.3108305	Borda da Mata
BR.15.3108404	Botelhos
BR.15.3108503	Botumirim
BR.15.3108552	Brasilândia de Minas
BR.15.3108602	Brasília de Minas
BR.15.3108701	Brás Pires
BR.15.3108800	Braúnas
BR.15.3108909	Brazópolis
BR.15.3109006	Brumadinho
BR.15.3109105	Bueno Brandão
BR.15.3109253	Bugre
BR.15.3109303	Buritis
BR.15.3109402	Buritizeiro
BR.15.3109451	Cabeceira Grande
BR.15.3109501	Cabo Verde
BR.15.3109600	Cachoeira da Prata
BR.15.3109709	Cachoeira de Minas
BR.15.3109808	Cachoeira Dourada
BR.15.3109907	Caetanópolis
BR.15.3110004	Caeté
BR.15.3110103	Caiana
BR.15.3110202	Cajuri
BR.15.3110301	Caldas
BR.15.3110400	Camacho
BR.15.3110509	Camanducaia
BR.15.3110608	Cambuí
BR.15.3110707	Cambuquira
BR.15.3110806	Campanário
BR.15.3110905	Campanha
BR.15.3111002	Campestre
BR.15.3111101	Campina Verde
BR.15.3111150	Campo Azul
BR.15.3111200	Campo Belo
BR.15.3111309	Campo do Meio
BR.15.3111408	Campo Florido
BR.15.3111507	Campos Altos
BR.15.3111606	Campos Gerais
BR.15.3111705	Canaã
BR.15.3111804	Canápolis
BR.15.3111903	Cana Verde
BR.15.3112059	Cantagalo
BR.15.3112109	Caparaó
BR.15.3112208	Capela Nova
BR.15.3112307	Capelinha
BR.15.3112406	Capetinga
BR.15.3112505	Capim Branco
BR.15.3112604	Capinópolis
BR.15.3112653	Capitão Andrade
BR.15.3112703	Capitão Enéas
BR.15.3112802	Capitólio
BR.15.3112901	Caputira
BR.15.3113008	Caraí
BR.15.3113107	Caranaíba
BR.15.3113206	Carandaí
BR.15.3113305	Carangola
BR.15.3113404	Caratinga
BR.15.3113503	Carbonita
BR.15.3113602	Careaçu
BR.15.3113701	Carlos Chagas
BR.15.3113800	Carmésia
BR.15.3113909	Carmo da Cachoeira
BR.15.3114006	Carmo da Mata
BR.15.3114105	Carmo de Minas
BR.15.3114204	Carmo do Cajuru
BR.15.3114303	Carmo do Paranaíba
BR.15.3114402	Carmo do Rio Claro
BR.15.3114501	Carmópolis de Minas
BR.15.3114550	Carneirinho
BR.15.3114600	Carrancas
BR.15.3114709	Carvalhópolis
BR.15.3114808	Carvalhos
BR.15.3114907	Casa Grande
BR.15.3115003	Cascalho Rico
BR.15.3115102	Cássia
BR.15.3115201	Conceição da Barra de Minas
BR.15.3115300	Cataguases
BR.15.3115359	Catas Altas
BR.15.3115409	Catas Altas da Noruega
BR.15.3115458	Catuji
BR.15.3115474	Catuti
BR.15.3115508	Caxambu
BR.15.3115607	Cedro do Abaeté
BR.15.3115706	Central de Minas
BR.15.3115805	Centralina
BR.15.3115904	Chácara
BR.15.3116001	Chalé
BR.15.3116100	Chapada do Norte
BR.15.3116159	Chapada Gaúcha
BR.15.3116209	Chiador
BR.15.3116308	Cipotânea
BR.15.3116407	Claraval
BR.15.3116506	Claro dos Poções
BR.15.3116605	Cláudio
BR.15.3116704	Coimbra
BR.15.3116803	Coluna
BR.15.3116902	Comendador Gomes
BR.15.3117009	Comercinho
BR.15.3117108	Conceição da Aparecida
BR.15.3117207	Conceição das Pedras
BR.15.3117306	Conceição das Alagoas
BR.15.3117405	Conceição de Ipanema
BR.15.3117603	Conceição do Pará
BR.15.3117702	Conceição do Rio Verde
BR.15.3117801	Conceição dos Ouros
BR.15.3117836	Cônego Marinho
BR.15.3117876	Confins
BR.15.3117900	Congonhal
BR.15.3118007	Congonhas
BR.15.3118106	Congonhas do Norte
BR.15.3118205	Conquista
BR.15.3118304	Conselheiro Lafaiete
BR.15.3118403	Conselheiro Pena
BR.15.3118601	Contagem
BR.15.3118700	Coqueiral
BR.15.3118809	Coração de Jesus
BR.15.3118908	Cordisburgo
BR.15.3119005	Cordislândia
BR.15.3119104	Corinto
BR.15.3119203	Coroaci
BR.15.3119302	Coromandel
BR.15.3119401	Coronel Fabriciano
BR.15.3119500	Coronel Murta
BR.15.3119609	Coronel Pacheco
BR.15.3119708	Coronel Xavier Chaves
BR.15.3119807	Córrego Danta
BR.15.3119906	Córrego do Bom Jesus
BR.15.3119955	Córrego Fundo
BR.15.3120003	Córrego Novo
BR.15.3120102	Couto de Magalhães de Minas
BR.15.3120151	Crisólita
BR.15.3120201	Cristais
BR.15.3120300	Cristália
BR.15.3120409	Cristiano Otoni
BR.15.3120508	Cristina
BR.15.3120607	Crucilândia
BR.15.3120706	Cruzeiro da Fortaleza
BR.15.3120805	Cruzília
BR.15.3120839	Cuparaque
BR.15.3120870	Curral de Dentro
BR.15.3120904	Curvelo
BR.15.3121001	Datas
BR.15.3121100	Delfim Moreira
BR.15.3121209	Delfinópolis
BR.15.3121258	Delta
BR.15.3121308	Descoberto
BR.15.3121407	Desterro de Entre Rios
BR.15.3121506	Desterro do Melo
BR.15.3121704	Diogo de Vasconcelos
BR.15.3121803	Dionísio
BR.15.3121902	Divinésia
BR.15.3122009	Divino
BR.15.3122108	Divino das Laranjeiras
BR.15.3122207	Divinolândia de Minas
BR.15.3122306	Divinópolis
BR.15.3122355	Divisa Alegre
BR.15.3122405	Divisa Nova
BR.15.3122454	Divisópolis
BR.15.3122470	Dom Bosco
BR.15.3122504	Dom Cavati
BR.15.3122603	Dom Joaquim
BR.15.3122702	Dom Silvério
BR.15.3122801	Dom Viçoso
BR.15.3122900	Dona Eusébia
BR.15.3123007	Dores de Campos
BR.15.3123106	Dores de Guanhães
BR.15.3123205	Dores do Indaiá
BR.15.3123304	Dores do Turvo
BR.15.3123403	Doresópolis
BR.15.3123502	Douradoquara
BR.15.3123528	Durandé
BR.15.3123601	Elói Mendes
BR.15.3123700	Engenheiro Caldas
BR.15.3123809	Engenheiro Navarro
BR.15.3123858	Entre Folhas
BR.15.3123908	Entre Rios de Minas
BR.15.3124005	Ervália
BR.15.3124104	Esmeraldas
BR.15.3124203	Espera Feliz
BR.15.3124302	Espinosa
BR.15.3124401	Espírito Santo do Dourado
BR.15.3124500	Estiva
BR.15.3124609	Estrela Dalva
BR.15.3124708	Estrela do Indaiá
BR.15.3124807	Estrela do Sul
BR.15.3124906	Eugenópolis
BR.15.3125002	Ewbank da Câmara
BR.15.3125101	Extrema
BR.15.3125200	Fama
BR.15.3125309	Faria Lemos
BR.15.3125408	Felício dos Santos
BR.15.3125507	São Gonçalo do Rio Preto
BR.15.3125606	Felisburgo
BR.15.3125705	Felixlândia
BR.15.3125804	Fernandes Tourinho
BR.15.3125903	Ferros
BR.15.3125952	Fervedouro
BR.15.3126000	Florestal
BR.15.3126109	Formiga
BR.15.3126208	Formoso
BR.15.3126307	Fortaleza de Minas
BR.15.3126406	Fortuna de Minas
BR.15.3126505	Francisco Badaró
BR.15.3126604	Francisco Dumont
BR.15.3126703	Francisco Sá
BR.15.3126752	Franciscópolis
BR.15.3126802	Frei Gaspar
BR.15.3126901	Frei Inocêncio
BR.15.3126950	Frei Lagonegro
BR.15.3127008	Fronteira
BR.15.3127057	Fronteira dos Vales
BR.15.3127073	Fruta de Leite
BR.15.3127107	Frutal
BR.15.3127206	Funilândia
BR.15.3127305	Galiléia
BR.15.3127339	Gameleiras
BR.15.3127354	Glaucilândia
BR.15.3127370	Goiabeira
BR.15.3127388	Goianá
BR.15.3127404	Gonçalves
BR.15.3127503	Gonzaga
BR.15.3127701	Governador Valadares
BR.15.3127800	Grão Mogol
BR.15.3127909	Grupiara
BR.15.3128006	Guanhães
BR.15.3128105	Guapé
BR.15.3128204	Guaraciaba
BR.15.3128253	Guaraciama
BR.15.3128303	Guaranésia
BR.15.3128402	Guarani
BR.15.3128501	Guarará
BR.15.3128600	Guarda-Mor
BR.15.3128709	Guaxupé
BR.15.3129004	Guiricema
BR.15.3129103	Gurinhatã
BR.15.3129202	Heliodora
BR.15.3129301	Iapu
BR.15.3129400	Ibertioga
BR.15.3129509	Ibiá
BR.15.3129608	Ibiaí
BR.15.3129657	Ibiracatu
BR.15.3129707	Ibiraci
BR.15.3129806	Ibirité
BR.15.3129905	Ibitiúra de Minas
BR.15.3130002	Ibituruna
BR.15.3130051	Icaraí de Minas
BR.15.3130101	Igarapé
BR.15.3130200	Igaratinga
BR.15.3130309	Iguatama
BR.15.3130408	Ijaci
BR.15.3130507	Ilicínea
BR.15.3130556	Imbé de Minas
BR.15.3130606	Inconfidentes
BR.15.3130655	Indaiabira
BR.15.3130705	Indianópolis
BR.15.3130804	Ingaí
BR.15.3130903	Inhapim
BR.15.3131000	Inhaúma
BR.15.3131109	Inimutaba
BR.15.3131158	Ipaba
BR.15.3131307	Ipatinga
BR.15.3131406	Ipiaçu
BR.15.3131505	Ipuiúna
BR.15.3131604	Iraí de Minas
BR.15.3131703	Itabira
BR.15.3131802	Itabirinha
BR.15.3131901	Itabirito
BR.15.3132008	Itacambira
BR.15.3132107	Itacarambi
BR.15.3132206	Itaguara
BR.15.3132305	Itaipé
BR.15.3132404	Itajubá
BR.15.3132503	Itamarandiba
BR.15.3132602	Itamarati de Minas
BR.15.3132701	Itambacuri
BR.15.3132800	Itambé do Mato Dentro
BR.15.3132909	Itamogi
BR.15.3133006	Itamonte
BR.15.3133105	Itanhandu
BR.15.3133204	Itanhomi
BR.15.3133303	Itaobim
BR.15.3133402	Itapagipe
BR.15.3133501	Itapecerica
BR.15.3133600	Itapeva
BR.15.3133709	Itatiaiuçu
BR.15.3133758	Itaú de Minas
BR.15.3133808	Itaúna
BR.15.3133907	Itaverava
BR.15.3134004	Itinga
BR.15.3134103	Itueta
BR.15.3134202	Ituiutaba
BR.15.3134301	Itumirim
BR.15.3134400	Iturama
BR.15.3134509	Itutinga
BR.15.3134608	Jaboticatubas
BR.15.3134707	Jacinto
BR.15.3134806	Jacuí
BR.15.3134905	Jacutinga
BR.15.3135001	Jaguaraçu
BR.15.3135050	Jaíba
BR.15.3135076	Jampruca
BR.15.3135100	Janaúba
BR.15.3135209	Januária
BR.15.3135308	Japaraíba
BR.15.3135357	Japonvar
BR.15.3135407	Jeceaba
BR.15.3135456	Jenipapo de Minas
BR.15.3135506	Jequeri
BR.15.3135605	Jequitaí
BR.15.3135704	Jequitibá
BR.15.3135803	Jequitinhonha
BR.15.3135902	Jesuânia
BR.15.3136009	Joaíma
BR.15.3136108	Joanésia
BR.15.3136207	João Monlevade
BR.15.3136306	João Pinheiro
BR.15.3136405	Joaquim Felício
BR.15.3136504	Jordânia
BR.15.3136520	José Gonçalves de Minas
BR.15.3136553	José Raydan
BR.15.3136579	Josenópolis
BR.15.3136603	Nova União
BR.15.3136652	Juatuba
BR.15.3136801	Juramento
BR.15.3136900	Juruaia
BR.15.3136959	Juvenília
BR.15.3137007	Ladainha
BR.15.3137106	Lagamar
BR.15.3137205	Lagoa da Prata
BR.15.3137304	Lagoa dos Patos
BR.15.3137403	Lagoa Dourada
BR.15.3137502	Lagoa Formosa
BR.15.3137536	Lagoa Grande
BR.15.3137601	Lagoa Santa
BR.15.3137700	Lajinha
BR.15.3137809	Lambari
BR.15.3137908	Lamim
BR.15.3138005	Laranjal
BR.15.3138104	Lassance
BR.15.3138203	Lavras
BR.15.3138302	Leandro Ferreira
BR.15.3138351	Leme do Prado
BR.15.3138401	Leopoldina
BR.15.3138500	Liberdade
BR.15.3138609	Lima Duarte
BR.15.3138625	Limeira do Oeste
BR.15.3138658	Lontra
BR.15.3138674	Luisburgo
BR.15.3138682	Luislândia
BR.15.3138708	Luminárias
BR.15.3138807	Luz
BR.15.3138906	Machacalis
BR.15.3139102	Madre de Deus de Minas
BR.15.3139201	Malacacheta
BR.15.3139250	Mamonas
BR.15.3139300	Manga
BR.15.3139409	Manhuaçu
BR.15.3139508	Manhumirim
BR.15.3139607	Mantena
BR.15.3139706	Maravilhas
BR.15.3139904	Maria da Fé
BR.15.3140001	Mariana
BR.15.3140100	Marilac
BR.15.3140159	Mário Campos
BR.15.3140209	Maripá de Minas
BR.15.3140308	Marliéria
BR.15.3140407	Marmelópolis
BR.15.3140506	Martinho Campos
BR.15.3140530	Martins Soares
BR.15.3140555	Mata Verde
BR.15.3140605	Materlândia
BR.15.3140704	Mateus Leme
BR.15.3140852	Matias Cardoso
BR.15.3140902	Matipó
BR.15.3141009	Mato Verde
BR.15.3141108	Matozinhos
BR.15.3141207	Matutina
BR.15.3141306	Medeiros
BR.15.3141405	Medina
BR.15.3141504	Mendes Pimentel
BR.15.3141603	Mercês
BR.15.3141702	Mesquita
BR.15.3141801	Minas Novas
BR.15.3141900	Minduri
BR.15.3142007	Mirabela
BR.15.3142106	Miradouro
BR.15.3142205	Miraí
BR.15.3142254	Miravânia
BR.15.3142304	Moeda
BR.15.3142403	Moema
BR.15.3142502	Monjolos
BR.15.3142601	Monsenhor Paulo
BR.15.3142700	Montalvânia
BR.15.3142809	Monte Alegre de Minas
BR.15.3142908	Monte Azul
BR.15.3143005	Monte Belo
BR.15.3143104	Monte Carmelo
BR.15.3143153	Monte Formoso
BR.15.3143203	Monte Santo de Minas
BR.15.3143302	Montes Claros
BR.15.3143450	Montezuma
BR.15.3143500	Morada Nova de Minas
BR.15.3143609	Morro da Garça
BR.15.3143708	Morro do Pilar
BR.15.3143807	Munhoz
BR.15.3143906	Muriaé
BR.15.3144003	Mutum
BR.15.3144102	Muzambinho
BR.15.3144201	Nacip Raydan
BR.15.3144300	Nanuque
BR.15.3144359	Naque
BR.15.3144375	Natalândia
BR.15.3144409	Natércia
BR.15.3144508	Nazareno
BR.15.3144607	Nepomuceno
BR.15.3144656	Ninheira
BR.15.3144672	Nova Belém
BR.15.3144706	Nova Era
BR.15.3144805	Nova Lima
BR.15.3144904	Nova Módica
BR.15.3145000	Nova Ponte
BR.15.3145059	Nova Porteirinha
BR.15.3145109	Nova Resende
BR.15.3145208	Nova Serrana
BR.15.3145307	Novo Cruzeiro
BR.15.3145356	Novo Oriente de Minas
BR.15.3145372	Novorizonte
BR.15.3145406	Olaria
BR.15.3145455	Olhos-d'Água
BR.15.3145505	Olímpio Noronha
BR.15.3145604	Oliveira
BR.15.3145703	Oliveira Fortes
BR.15.3145802	Onça de Pitangui
BR.15.3145851	Oratórios
BR.15.3145877	Orizânia
BR.15.3145901	Ouro Branco
BR.15.3146107	Ouro Preto
BR.15.3146206	Ouro Verde de Minas
BR.15.3146255	Padre Carvalho
BR.15.3146305	Padre Paraíso
BR.15.3146404	Paineiras
BR.15.3146503	Pains
BR.15.3146552	Pai Pedro
BR.15.3146602	Paiva
BR.15.3146701	Palma
BR.15.3146750	Palmópolis
BR.15.3146909	Papagaios
BR.15.3147006	Paracatu
BR.15.3147105	Pará de Minas
BR.15.3147204	Paraguaçu
BR.15.3147303	Paraisópolis
BR.15.3147402	Paraopeba
BR.15.3147501	Passabém
BR.15.3147600	Passa Quatro
BR.15.3147709	Passa Tempo
BR.15.3147808	Passa-Vinte
BR.15.3147907	Passos
BR.15.3147956	Patis
BR.15.3148004	Patos de Minas
BR.15.3148103	Patrocínio
BR.15.3148301	Paula Cândido
BR.15.3148400	Paulistas
BR.15.3148509	Pavão
BR.15.3148608	Peçanha
BR.15.3148707	Pedra Azul
BR.15.3148756	Pedra Bonita
BR.15.3148806	Pedra do Anta
BR.15.3148905	Pedra do Indaiá
BR.15.3149002	Pedra Dourada
BR.15.3149101	Pedralva
BR.15.3149150	Pedras de Maria da Cruz
BR.15.3149200	Pedrinópolis
BR.15.3149309	Pedro Leopoldo
BR.15.3149408	Pedro Teixeira
BR.15.3149507	Pequeri
BR.15.3149606	Pequi
BR.15.3149705	Perdigão
BR.15.3149804	Perdizes
BR.15.3149903	Perdões
BR.15.3149952	Periquito
BR.15.3150000	Pescador
BR.15.3150109	Piau
BR.15.3150158	Piedade de Caratinga
BR.15.3150208	Piedade de Ponte Nova
BR.15.3150307	Piedade do Rio Grande
BR.15.3150406	Piedade dos Gerais
BR.15.3150505	Pimenta
BR.15.3150539	Pingo-d'Água
BR.15.3150570	Pintópolis
BR.15.3150604	Piracema
BR.15.3150703	Pirajuba
BR.15.3150802	Piranga
BR.15.3150901	Piranguçu
BR.15.3151008	Piranguinho
BR.15.3151206	Pirapora
BR.15.3151305	Piraúba
BR.15.3151404	Pitangui
BR.15.3151503	Piumhi
BR.15.3151602	Planura
BR.15.3151701	Poço Fundo
BR.15.3151800	Poços de Caldas
BR.15.3151909	Pocrane
BR.15.3152006	Pompéu
BR.15.3152105	Ponte Nova
BR.15.3152131	Ponto Chique
BR.15.3152170	Ponto dos Volantes
BR.15.3152204	Porteirinha
BR.15.3152303	Porto Firme
BR.15.3152402	Poté
BR.15.3152501	Pouso Alegre
BR.15.3152600	Pouso Alto
BR.15.3152709	Prados
BR.15.3152907	Pratápolis
BR.15.3153004	Pratinha
BR.15.3153103	Presidente Bernardes
BR.15.3153202	Presidente Juscelino
BR.15.3153301	Presidente Kubitschek
BR.15.3153400	Presidente Olegário
BR.15.3153509	Alto Jequitibá
BR.15.3153608	Prudente de Morais
BR.15.3153707	Quartel Geral
BR.15.3153806	Queluzito
BR.15.3153905	Raposos
BR.15.3154002	Raul Soares
BR.15.3154101	Recreio
BR.15.3154150	Reduto
BR.15.3154200	Resende Costa
BR.15.3154309	Resplendor
BR.15.3154408	Ressaquinha
BR.15.3154457	Riachinho
BR.15.3154507	Riacho dos Machados
BR.15.3154606	Ribeirão das Neves
BR.15.3154705	Ribeirão Vermelho
BR.15.3154804	Rio Acima
BR.15.3154903	Rio Casca
BR.15.3155009	Rio Doce
BR.15.3155108	Rio do Prado
BR.15.3155207	Rio Espera
BR.15.3155306	Rio Manso
BR.15.3155405	Rio Novo
BR.15.3155504	Rio Paranaíba
BR.15.3155603	Rio Pardo de Minas
BR.15.3155702	Rio Piracicaba
BR.15.3155801	Rio Pomba
BR.15.3155900	Rio Preto
BR.15.3156007	Rio Vermelho
BR.15.3156106	Ritápolis
BR.15.3156205	Rochedo de Minas
BR.15.3156304	Rodeiro
BR.15.3156403	Romaria
BR.15.3156452	Rosário da Limeira
BR.15.3156502	Rubelita
BR.15.3156601	Rubim
BR.15.3156700	Sabará
BR.15.3156809	Sabinópolis
BR.15.3156908	Sacramento
BR.15.3157005	Salinas
BR.15.3157104	Salto da Divisa
BR.15.3157203	Santa Bárbara
BR.15.3157252	Santa Bárbara do Leste
BR.15.3157278	Santa Bárbara do Monte Verde
BR.15.3157336	Santa Cruz de Minas
BR.15.3157377	Santa Cruz de Salinas
BR.15.3157401	Santa Cruz do Escalvado
BR.15.3157500	Santa Efigênia de Minas
BR.15.3157609	Santa Fé de Minas
BR.15.3157658	Santa Helena de Minas
BR.15.3157708	Santa Juliana
BR.15.3157807	Santa Luzia
BR.15.3157906	Santa Margarida
BR.15.3158003	Santa Maria de Itabira
BR.15.3158102	Santa Maria do Salto
BR.15.3158201	Santa Maria do Suaçuí
BR.15.3158300	Santana da Vargem
BR.15.3158409	Santana de Cataguases
BR.15.3158508	Santana de Pirapama
BR.15.3158607	Santana do Deserto
BR.15.3158706	Santana do Garambéu
BR.15.3158805	Santana do Jacaré
BR.15.3158904	Santana do Manhuaçu
BR.15.3158953	Santana do Paraíso
BR.15.3159001	Santana do Riacho
BR.15.3159100	Santana dos Montes
BR.15.3159209	Santa Rita de Caldas
BR.15.3159308	Santa Rita de Jacutinga
BR.15.3159357	Santa Rita de Minas
BR.15.3159407	Santa Rita de Ibitipoca
BR.15.3159506	Santa Rita do Itueto
BR.15.3159605	Santa Rita do Sapucaí
BR.15.3159704	Santa Rosa da Serra
BR.15.3159803	Santa Vitória
BR.15.3159902	Santo Antônio do Amparo
BR.15.3160009	Santo Antônio do Aventureiro
BR.15.3160108	Santo Antônio do Grama
BR.15.3160207	Santo Antônio do Itambé
BR.15.3160306	Santo Antônio do Jacinto
BR.15.3160405	Santo Antônio do Monte
BR.15.3160454	Santo Antônio do Retiro
BR.15.3160504	Santo Antônio do Rio Abaixo
BR.15.3160603	Santo Hipólito
BR.15.3160702	Santos Dumont
BR.15.3160801	São Bento Abade
BR.15.3160959	São Domingos das Dores
BR.15.3161007	São Domingos do Prata
BR.15.3161056	São Félix de Minas
BR.15.3161304	São Francisco de Sales
BR.15.3161403	São Francisco do Glória
BR.15.3161502	São Geraldo
BR.15.3161601	São Geraldo da Piedade
BR.15.3161650	São Geraldo do Baixio
BR.15.3161700	São Gonçalo do Abaeté
BR.15.3161809	São Gonçalo do Pará
BR.15.3161908	São Gonçalo do Rio Abaixo
BR.15.3162005	São Gonçalo do Sapucaí
BR.15.3162104	São Gotardo
BR.15.3162203	São João Batista do Glória
BR.15.3162252	São João da Lagoa
BR.15.3162302	São João da Mata
BR.15.3162401	São João da Ponte
BR.15.3162450	São João das Missões
BR.15.3162500	São João del Rei
BR.15.3162559	São João do Manhuaçu
BR.15.3162575	São João do Manteninha
BR.15.3162609	São João do Oriente
BR.15.3162658	São João do Pacuí
BR.15.3162708	São João do Paraíso
BR.15.3162807	São João Evangelista
BR.15.3162906	São João Nepomuceno
BR.15.3162922	São Joaquim de Bicas
BR.15.3162948	São José da Barra
BR.15.3162955	São José da Lapa
BR.15.3163003	São José da Safira
BR.15.3163102	São José da Varginha
BR.15.3163201	São José do Alegre
BR.15.3163300	São José do Divino
BR.15.3163409	São José do Goiabal
BR.15.3163508	São José do Jacuri
BR.15.3163607	São José do Mantimento
BR.15.3163706	São Lourenço
BR.15.3163805	São Miguel do Anta
BR.15.3163904	São Pedro da União
BR.15.3164001	São Pedro dos Ferros
BR.15.3164100	São Pedro do Suaçuí
BR.15.3164209	São Romão
BR.15.3164308	São Roque de Minas
BR.15.3164407	São Sebastião da Bela Vista
BR.15.3164431	São Sebastião da Vargem Alegre
BR.15.3164472	São Sebastião do Anta
BR.15.3164506	São Sebastião do Maranhão
BR.15.3164605	São Sebastião do Oeste
BR.15.3164704	São Sebastião do Paraíso
BR.15.3164803	São Sebastião do Rio Preto
BR.15.3164902	São Sebastião do Rio Verde
BR.15.3165008	São Tiago
BR.15.3165107	São Tomás de Aquino
BR.15.3165206	São Thomé das Letras
BR.15.3165305	São Vicente de Minas
BR.15.3165404	Sapucaí-Mirim
BR.15.3165503	Sardoá
BR.15.3165537	Sarzedo
BR.15.3165552	Setubinha
BR.15.3165560	Sem-Peixe
BR.15.3165578	Senador Amaral
BR.15.3165602	Senador Cortes
BR.15.3165701	Senador Firmino
BR.15.3165800	Senador José Bento
BR.15.3165909	Senador Modestino Gonçalves
BR.15.3166006	Senhora de Oliveira
BR.15.3166105	Senhora do Porto
BR.15.3166204	Senhora dos Remédios
BR.15.3166303	Sericita
BR.15.3166402	Seritinga
BR.15.3166501	Serra Azul de Minas
BR.15.3166709	Serra dos Aimorés
BR.15.3166808	Serra do Salitre
BR.15.3166907	Serrania
BR.15.3166956	Serranópolis de Minas
BR.15.3167004	Serranos
BR.15.3167103	Serro
BR.15.3167202	Sete Lagoas
BR.15.3167301	Silveirânia
BR.15.3167400	Silvianópolis
BR.15.3167509	Simão Pereira
BR.15.3167608	Simonésia
BR.15.3167707	Sobrália
BR.15.3167806	Soledade de Minas
BR.15.3167905	Tabuleiro
BR.15.3168002	Taiobeiras
BR.15.3168051	Taparuba
BR.15.3168101	Tapira
BR.15.3168200	Tapiraí
BR.15.3168309	Taquaraçu de Minas
BR.15.3168408	Tarumirim
BR.15.3168507	Teixeiras
BR.15.3168606	Teófilo Otoni
BR.15.3168705	Timóteo
BR.15.3168804	Tiradentes
BR.15.3168903	Tiros
BR.15.3169000	Tocantins
BR.15.3169059	Tocos do Moji
BR.15.3169109	Toledo
BR.15.3169208	Tombos
BR.15.3169307	Três Corações
BR.15.3169356	Três Marias
BR.15.3169406	Três Pontas
BR.15.3169505	Tumiritinga
BR.15.3169604	Tupaciguara
BR.15.3169703	Turmalina
BR.15.3169802	Turvolândia
BR.15.3169901	Ubá
BR.15.3170008	Ubaí
BR.15.3170057	Ubaporanga
BR.15.3170107	Uberaba
BR.15.3170206	Uberlândia
BR.15.3170305	Umburatiba
BR.15.3170404	Unaí
BR.15.3170438	União de Minas
BR.15.3170479	Uruana de Minas
BR.15.3170503	Urucânia
BR.15.3170529	Urucuia
BR.15.3170578	Vargem Alegre
BR.15.3170602	Vargem Bonita
BR.15.3170651	Vargem Grande do Rio Pardo
BR.15.3170701	Varginha
BR.15.3170750	Varjão de MInas
BR.15.3170800	Várzea da Palma
BR.15.3170909	Varzelândia
BR.15.3171006	Vazante
BR.15.3171030	Verdelândia
BR.15.3171071	Veredinha
BR.15.3171105	Veríssimo
BR.15.3171154	Vermelho Novo
BR.15.3171204	Vespasiano
BR.15.3171303	Viçosa
BR.15.3171402	Vieiras
BR.15.3171501	Mathias Lobato
BR.15.3171600	Virgem da Lapa
BR.15.3171709	Virgínia
BR.15.3171808	Virginópolis
BR.15.3171907	Virgolândia
BR.15.3172004	Visconde do Rio Branco
BR.15.3172103	Volta Grande
BR.15.3172202	Wenceslau Braz
BR.08.3200102	Afonso Cláudio
BR.08.3200136	Águia Branca
BR.08.3200169	Água Doce do Norte
BR.08.3200300	Alfredo Chaves
BR.08.3200359	Alto Rio Novo
BR.08.3200409	Anchieta
BR.08.3200508	Apiacá
BR.08.3200607	Aracruz
BR.08.3200706	Atílio Vivacqua
BR.08.3200805	Baixo Guandu
BR.08.3200904	Barra de São Francisco
BR.08.3201001	Boa Esperança
BR.08.3201100	Bom Jesus do Norte
BR.08.3201159	Brejetuba
BR.08.3201209	Cachoeiro de Itapemirim
BR.08.3201308	Cariacica
BR.08.3201407	Castelo
BR.08.3201605	Conceição da Barra
BR.08.3201704	Conceição do Castelo
BR.08.3201803	Divino de São Lourenço
BR.08.3201902	Domingos Martins
BR.08.3202009	Dores do Rio Preto
BR.08.3202108	Ecoporanga
BR.08.3202207	Fundão
BR.08.3202306	Guaçuí
BR.08.3202405	Guarapari
BR.08.3202454	Ibatiba
BR.08.3202504	Ibiraçu
BR.08.3202553	Ibitirama
BR.08.3202603	Iconha
BR.08.3202652	Irupi
BR.08.3202702	Itaguaçu
BR.08.3202801	Itapemirim
BR.08.3202900	Itarana
BR.08.3203007	Iúna
BR.08.3203056	Jaguaré
BR.08.3203106	Jerônimo Monteiro
BR.08.3203130	João Neiva
BR.08.3203163	Laranja da Terra
BR.08.3203205	Linhares
BR.08.3203304	Mantenópolis
BR.08.3203320	Marataízes
BR.08.3203346	Marechal Floriano
BR.08.3203353	Marilândia
BR.08.3203403	Mimoso do Sul
BR.08.3203502	Montanha
BR.08.3203601	Mucurici
BR.08.3203700	Muniz Freire
BR.08.3203809	Muqui
BR.08.3203908	Nova Venécia
BR.08.3204005	Pancas
BR.08.3204054	Pedro Canário
BR.08.3204104	Pinheiros
BR.08.3204203	Piúma
BR.08.3204252	Ponto Belo
BR.08.3204302	Presidente Kennedy
BR.08.3204351	Rio Bananal
BR.08.3204401	Rio Novo do Sul
BR.08.3204609	Santa Teresa
BR.08.3204658	São Domingos do Norte
BR.08.3204708	São Gabriel da Palha
BR.08.3204906	São Mateus
BR.08.3204955	São Roque do Canaã
BR.08.3205002	Serra
BR.08.3205010	Sooretama
BR.08.3205036	Vargem Alta
BR.08.3205101	Viana
BR.08.3205150	Vila Pavão
BR.08.3205176	Vila Valério
BR.08.3205200	Vila Velha
BR.08.3205309	Vitória
BR.21.3300100	Angra dos Reis
BR.21.3300159	Aperibé
BR.21.3300209	Araruama
BR.21.3300258	Arraial do Cabo
BR.21.3300308	Barra do Piraí
BR.21.3300407	Barra Mansa
BR.21.3300456	Belford Roxo
BR.21.3300506	Bom Jardim
BR.21.3300605	Bom Jesus do Itabapoana
BR.21.3300704	Cabo Frio
BR.21.3300803	Cachoeiras de Macacu
BR.21.3300902	Cambuci
BR.21.3300936	Carapebus
BR.21.3300951	Comendador Levy Gasparian
BR.21.3301009	Campos dos Goytacazes
BR.21.3301157	Cardoso Moreira
BR.21.3301306	Casimiro de Abreu
BR.21.3301504	Cordeiro
BR.21.3301702	Duque de Caxias
BR.21.3301801	Engenheiro Paulo de Frontin
BR.21.3301850	Guapimirim
BR.21.3301876	Iguaba Grande
BR.21.3301900	Itaboraí
BR.21.3302007	Itaguaí
BR.21.3302056	Italva
BR.21.3302106	Itaocara
BR.21.3302205	Itaperuna
BR.21.3302254	Itatiaia
BR.21.3302270	Japeri
BR.21.3302304	Laje do Muriaé
BR.21.3302403	Macaé
BR.21.3302452	Macuco
BR.21.3302502	Magé
BR.21.3302601	Mangaratiba
BR.21.3302700	Maricá
BR.21.3302809	Mendes
BR.21.3302908	Miguel Pereira
BR.21.3303005	Miracema
BR.21.3303104	Natividade
BR.21.3303203	Nilópolis
BR.21.3303302	Niterói
BR.21.3303401	Nova Friburgo
BR.21.3303609	Paracambi
BR.21.3303708	Paraíba do Sul
BR.21.3303807	Paraty
BR.21.3303856	Paty do Alferes
BR.21.3303906	Petrópolis
BR.21.3303955	Pinheiral
BR.21.3304003	Piraí
BR.21.3304102	Porciúncula
BR.21.3304110	Porto Real
BR.21.3304128	Quatis
BR.21.3304144	Queimados
BR.21.3304151	Quissamã
BR.21.3304201	Resende
BR.21.3304300	Rio Bonito
BR.21.3304409	Rio Claro
BR.21.3304508	Rio das Flores
BR.21.3304524	Rio das Ostras
BR.21.3304557	Rio de Janeiro
BR.21.3304607	Santa Maria Madalena
BR.21.3304706	Santo Antônio de Pádua
BR.21.3304755	São Francisco de Itabapoana
BR.21.3304805	São Fidélis
BR.21.3304904	São Gonçalo
BR.21.3305000	São João da Barra
BR.21.3305109	São João de Meriti
BR.21.3305133	São José de Ubá
BR.21.3305158	São José do Vale do Rio Preto
BR.21.3305208	São Pedro da Aldeia
BR.21.3305307	São Sebastião do Alto
BR.21.3305406	Sapucaia
BR.21.3305505	Saquarema
BR.21.3305554	Seropédica
BR.21.3305604	Silva Jardim
BR.21.3305703	Sumidouro
BR.21.3305752	Tanguá
BR.21.3305802	Teresópolis
BR.21.3305901	Trajano de Moraes
BR.21.3306008	Três Rios
BR.21.3306107	Valença
BR.21.3306156	Varre-Sai
BR.21.3306206	Vassouras
BR.21.3306305	Volta Redonda
BR.27.3500204	Adolfo
BR.27.3500501	Águas de Lindóia
BR.27.3500550	Águas de Santa Bárbara
BR.27.3500758	Alambari
BR.27.3500907	Altair
BR.27.3501152	Alumínio
BR.27.3501509	Alvinlândia
BR.27.3501707	Américo Brasiliense
BR.27.3502101	Andradina
BR.27.3502200	Angatuba
BR.27.3502309	Anhembi
BR.27.3502507	Aparecida
BR.27.3502606	Aparecida d'Oeste
BR.27.3502705	Apiaí
BR.27.3502754	Araçariguama
BR.27.3502804	Araçatuba
BR.27.3502903	Araçoiaba da Serra
BR.27.3503000	Aramina
BR.27.3503109	Arandu
BR.27.3503158	Arapeí
BR.27.3503208	Araraquara
BR.27.3503307	Araras
BR.27.3503356	Arco-Íris
BR.27.3503505	Areias
BR.27.3503604	Areiópolis
BR.27.3503703	Ariranha
BR.27.3503802	Artur Nogueira
BR.27.3503901	Arujá
BR.27.3503950	Aspásia
BR.27.3504107	Atibaia
BR.27.3504206	Auriflama
BR.27.3504305	Avaí
BR.27.3504404	Avanhandava
BR.27.3504503	Avaré
BR.27.3504602	Bady Bassitt
BR.27.3504701	Balbinos
BR.27.3504800	Bálsamo
BR.27.3504909	Bananal
BR.27.3505005	Barão de Antonina
BR.27.3505203	Bariri
BR.27.3505302	Barra Bonita
BR.27.3505351	Barra do Chapéu
BR.27.3505401	Barra do Turvo
BR.27.3505500	Barretos
BR.27.3505609	Barrinha
BR.27.3505708	Barueri
BR.27.3505807	Bastos
BR.27.3505906	Batatais
BR.27.3506003	Bauru
BR.27.3506102	Bebedouro
BR.27.3506201	Bento de Abreu
BR.27.3506300	Bernardino de Campos
BR.27.3506359	Bertioga
BR.27.3506409	Bilac
BR.27.3506508	Birigui
BR.27.3506607	Biritiba-Mirim
BR.27.3506706	Boa Esperança do Sul
BR.27.3506805	Bocaina
BR.27.3506904	Bofete
BR.27.3507001	Boituva
BR.27.3507100	Bom Jesus dos Perdões
BR.27.3507159	Bom Sucesso de Itararé
BR.27.3507308	Boracéia
BR.27.3507407	Borborema
BR.27.3507456	Borebi
BR.27.3507506	Botucatu
BR.27.3507605	Bragança Paulista
BR.27.3507704	Braúna
BR.27.3507753	Brejo Alegre
BR.27.3507803	Brodowski
BR.27.3507902	Brotas
BR.27.3508009	Buri
BR.27.3508108	Buritama
BR.27.3508207	Buritizal
BR.27.3508306	Cabrália Paulista
BR.27.3508405	Cabreúva
BR.27.3508504	Caçapava
BR.27.3508603	Cachoeira Paulista
BR.27.3508702	Caconde
BR.27.3508801	Cafelândia
BR.27.3508900	Caiabu
BR.27.3509007	Caieiras
BR.27.3509106	Caiuá
BR.27.3509205	Cajamar
BR.27.3509254	Cajati
BR.27.3509304	Cajobi
BR.27.3509403	Cajuru
BR.27.3509452	Campina do Monte Alegre
BR.27.3509700	Campos do Jordão
BR.27.3509809	Campos Novos Paulista
BR.27.3509908	Cananéia
BR.27.3509957	Canas
BR.27.3510005	Cândido Mota
BR.27.3510104	Cândido Rodrigues
BR.27.3510153	Canitar
BR.27.3510203	Capão Bonito
BR.27.3510302	Capela do Alto
BR.27.3510401	Capivari
BR.27.3510500	Caraguatatuba
BR.27.3510609	Carapicuíba
BR.27.3510708	Cardoso
BR.27.3510807	Casa Branca
BR.27.3510906	Cássia dos Coqueiros
BR.27.3511003	Castilho
BR.27.3511102	Catanduva
BR.27.3511201	Catiguá
BR.27.3511300	Cedral
BR.27.3511409	Cerqueira César
BR.27.3511508	Cerquilho
BR.27.3511607	Cesário Lange
BR.27.3511904	Clementina
BR.27.3512001	Colina
BR.27.3512100	Colômbia
BR.27.3512209	Conchal
BR.27.3512308	Conchas
BR.27.3512407	Cordeirópolis
BR.27.3512605	Coronel Macedo
BR.27.3512803	Cosmópolis
BR.27.3513009	Cotia
BR.27.3513108	Cravinhos
BR.27.3513207	Cristais Paulista
BR.27.3513306	Cruzália
BR.27.3513405	Cruzeiro
BR.27.3513504	Cubatão
BR.27.3513603	Cunha
BR.27.3513702	Descalvado
BR.27.3513801	Diadema
BR.27.3513850	Dirce Reis
BR.27.3514007	Dobrada
BR.27.3514106	Dois Córregos
BR.27.3514205	Dolcinópolis
BR.27.3514304	Dourado
BR.27.3514403	Dracena
BR.27.3514502	Duartina
BR.27.3514601	Dumont
BR.27.3514700	Echaporã
BR.27.3514809	Eldorado
BR.27.3514908	Elias Fausto
BR.27.3514924	Elisiário
BR.27.3514957	Embaúba
BR.27.3515004	Embu das Artes
BR.27.3515103	Embu-Guaçu
BR.27.3515129	Emilianópolis
BR.27.3515152	Engenheiro Coelho
BR.27.3515186	Espírito Santo do Pinhal
BR.27.3515194	Espírito Santo do Turvo
BR.27.3515202	Estrela d'Oeste
BR.27.3515301	Estrela do Norte
BR.27.3515350	Euclides da Cunha Paulista
BR.27.3515400	Fartura
BR.27.3515509	Fernandópolis
BR.27.3515608	Fernando Prestes
BR.27.3515657	Fernão
BR.27.3515707	Ferraz de Vasconcelos
BR.27.3515806	Flora Rica
BR.27.3515905	Floreal
BR.27.3516002	Flórida Paulista
BR.27.3516101	Florínea
BR.27.3516309	Francisco Morato
BR.27.3516408	Franco da Rocha
BR.27.3516507	Gabriel Monteiro
BR.27.3516606	Gália
BR.27.3516804	Gastão Vidigal
BR.27.3516853	Gavião Peixoto
BR.27.3516903	General Salgado
BR.27.3517000	Getulina
BR.27.3517109	Glicério
BR.27.3517208	Guaiçara
BR.27.3517307	Guaimbê
BR.27.3517406	Guaíra
BR.27.3517505	Guapiaçu
BR.27.3517604	Guapiara
BR.27.3517703	Guará
BR.27.3517901	Guaraci
BR.27.3518008	Guarani d'Oeste
BR.27.3518107	Guarantã
BR.27.3518206	Guararapes
BR.27.3518305	Guararema
BR.27.3518404	Guaratinguetá
BR.27.3518503	Guareí
BR.27.3518602	Guariba
BR.27.3518701	Guarujá
BR.27.3518800	Guarulhos
BR.27.3518859	Guatapará
BR.27.3518909	Guzolândia
BR.27.3519006	Herculândia
BR.27.3519055	Holambra
BR.27.3519071	Hortolândia
BR.27.3519204	Iacri
BR.27.3519253	Iaras
BR.27.3519303	Ibaté
BR.27.3519402	Ibirá
BR.27.3519501	Ibirarema
BR.27.3519600	Ibitinga
BR.27.3519709	Ibiúna
BR.27.3519808	Icém
BR.27.3519907	Iepê
BR.27.3520004	Igaraçu do Tietê
BR.27.3520202	Igaratá
BR.27.3520301	Iguape
BR.27.3520400	Ilhabela
BR.27.3520426	Ilha Comprida
BR.27.3520442	Ilha Solteira
BR.27.3520509	Indaiatuba
BR.27.3520608	Indiana
BR.27.3520707	Indiaporã
BR.27.3520806	Inúbia Paulista
BR.27.3520905	Ipaussu
BR.27.3521002	Iperó
BR.27.3521101	Ipeúna
BR.27.3521150	Ipiguá
BR.27.3521309	Ipuã
BR.27.3521408	Iracemápolis
BR.27.3521507	Irapuã
BR.27.3521606	Irapuru
BR.27.3521705	Itaberá
BR.27.3521804	Itaí
BR.27.3521903	Itajobi
BR.27.3522000	Itaju
BR.27.3522109	Itanhaém
BR.27.3522158	Itaoca
BR.27.3522208	Itapecerica da Serra
BR.27.3522307	Itapetininga
BR.27.3522406	Itapeva
BR.27.3522505	Itapevi
BR.27.3522653	Itapirapuã Paulista
BR.27.3522703	Itápolis
BR.27.3522802	Itaporanga
BR.27.3522901	Itapuí
BR.27.3523008	Itapura
BR.27.3523107	Itaquaquecetuba
BR.27.3523206	Itararé
BR.27.3523305	Itariri
BR.27.3523404	Itatiba
BR.27.3523503	Itatinga
BR.27.3523602	Itirapina
BR.27.3523800	Itobi
BR.27.3523909	Itu
BR.27.3524006	Itupeva
BR.27.3524105	Ituverava
BR.27.3524204	Jaborandi
BR.27.3524303	Jaboticabal
BR.27.3524402	Jacareí
BR.27.3524501	Jaci
BR.27.3524600	Jacupiranga
BR.27.3524709	Jaguariúna
BR.27.3524808	Jales
BR.27.3524907	Jambeiro
BR.27.3525003	Jandira
BR.27.3525300	Jaú
BR.27.3525409	Jeriquara
BR.27.3525508	Joanópolis
BR.27.3525607	João Ramalho
BR.27.3525805	Júlio Mesquita
BR.27.3525854	Jumirim
BR.27.3525904	Jundiaí
BR.27.3526001	Junqueirópolis
BR.27.3526100	Juquiá
BR.27.3526209	Juquitiba
BR.27.3526308	Lagoinha
BR.27.3526407	Laranjal Paulista
BR.27.3526506	Lavínia
BR.27.3526605	Lavrinhas
BR.27.3526704	Leme
BR.27.3526803	Lençóis Paulista
BR.27.3526902	Limeira
BR.27.3527108	Lins
BR.27.3527207	Lorena
BR.27.3527256	Lourdes
BR.27.3527306	Louveira
BR.27.3527504	Lucianópolis
BR.27.3527702	Luiziânia
BR.27.3528007	Macatuba
BR.27.3528106	Macaubal
BR.27.3528205	Macedônia
BR.27.3528304	Magda
BR.27.3528403	Mairinque
BR.27.3528502	Mairiporã
BR.27.3528601	Manduri
BR.27.3528700	Marabá Paulista
BR.27.3528809	Maracaí
BR.27.3528858	Marapoama
BR.27.3528908	Mariápolis
BR.27.3529005	Marília
BR.27.3529104	Marinópolis
BR.27.3529203	Martinópolis
BR.27.3529302	Matão
BR.27.3529401	Mauá
BR.27.3529500	Mendonça
BR.27.3529609	Meridiano
BR.27.3529658	Mesópolis
BR.27.3529708	Miguelópolis
BR.27.3529807	Mineiros do Tietê
BR.27.3529906	Miracatu
BR.27.3530003	Mira Estrela
BR.27.3530102	Mirandópolis
BR.27.3530201	Mirante do Paranapanema
BR.27.3530300	Mirassol
BR.27.3530409	Mirassolândia
BR.27.3530508	Mococa
BR.27.3530607	Mogi das Cruzes
BR.27.3530805	Mogi Mirim
BR.27.3530904	Mombuca
BR.27.3531001	Monções
BR.27.3531100	Mongaguá
BR.27.3531209	Monte Alegre do Sul
BR.27.3531308	Monte Alto
BR.27.3531407	Monte Aprazível
BR.27.3531506	Monte Azul Paulista
BR.27.3531605	Monte Castelo
BR.27.3531704	Monteiro Lobato
BR.27.3531803	Monte Mor
BR.27.3531902	Morro Agudo
BR.27.3532009	Morungaba
BR.27.3532058	Motuca
BR.27.3532108	Murutinga do Sul
BR.27.3532157	Nantes
BR.27.3532207	Narandiba
BR.27.3532306	Natividade da Serra
BR.27.3532405	Nazaré Paulista
BR.27.3532504	Neves Paulista
BR.27.3532603	Nhandeara
BR.27.3532702	Nipoã
BR.27.3532801	Nova Aliança
BR.27.3532827	Nova Campina
BR.27.3532900	Nova Europa
BR.27.3533007	Nova Granada
BR.27.3533106	Nova Guataporanga
BR.27.3533205	Nova Independência
BR.27.3533254	Novais
BR.27.3533304	Nova Luzitânia
BR.27.3533502	Novo Horizonte
BR.27.3533601	Nuporanga
BR.27.3533700	Ocauçu
BR.27.3533809	Óleo
BR.27.3533908	Olímpia
BR.27.3534005	Onda Verde
BR.27.3534104	Oriente
BR.27.3534203	Orindiúva
BR.27.3534302	Orlândia
BR.27.3534401	Osasco
BR.27.3534500	Oscar Bressane
BR.27.3534609	Osvaldo Cruz
BR.27.3534708	Ourinhos
BR.27.3534757	Ouroeste
BR.27.3534807	Ouro Verde
BR.27.3534906	Pacaembu
BR.27.3535002	Palestina
BR.27.3535101	Palmares Paulista
BR.27.3535200	Palmeira d'Oeste
BR.27.3535309	Palmital
BR.27.3535408	Panorama
BR.27.3535507	Paraguaçu Paulista
BR.27.3535606	Paraibuna
BR.27.3535705	Paraíso
BR.27.3535804	Paranapanema
BR.27.3535903	Paranapuã
BR.27.3536000	Parapuã
BR.27.3536109	Pardinho
BR.27.3536208	Pariquera-Açu
BR.27.3536257	Parisi
BR.27.3536406	Paulicéia
BR.27.3536505	Paulínia
BR.27.3536604	Paulo de Faria
BR.27.3536703	Pederneiras
BR.27.3536802	Pedra Bela
BR.27.3536901	Pedranópolis
BR.27.3537008	Pedregulho
BR.27.3537156	Pedrinhas Paulista
BR.27.3537206	Pedro de Toledo
BR.27.3537404	Pereira Barreto
BR.27.3537503	Pereiras
BR.27.3537602	Peruíbe
BR.27.3537701	Piacatu
BR.27.3537800	Piedade
BR.27.3537909	Pilar do Sul
BR.27.3538006	Pindamonhangaba
BR.27.3538105	Pindorama
BR.27.3538204	Pinhalzinho
BR.27.3538303	Piquerobi
BR.27.3538501	Piquete
BR.27.3538600	Piracaia
BR.27.3538808	Piraju
BR.27.3538907	Pirajuí
BR.27.3539004	Pirangi
BR.27.3539103	Pirapora do Bom Jesus
BR.27.3539301	Pirassununga
BR.27.3539509	Pitangueiras
BR.27.3539608	Planalto
BR.27.3539707	Platina
BR.27.3539806	Poá
BR.27.3539905	Poloni
BR.27.3540002	Pompéia
BR.27.3540101	Pongaí
BR.27.3540200	Pontal
BR.27.3540259	Pontalinda
BR.27.3540408	Populina
BR.27.3540507	Porangaba
BR.27.3540606	Porto Feliz
BR.27.3540705	Porto Ferreira
BR.27.3540754	Potim
BR.27.3540804	Potirendaba
BR.27.3540853	Pracinha
BR.27.3540903	Pradópolis
BR.27.3541059	Pratânia
BR.27.3541109	Presidente Alves
BR.27.3541307	Presidente Epitácio
BR.27.3541505	Presidente Venceslau
BR.27.3541604	Promissão
BR.27.3541653	Quadra
BR.27.3541703	Quatá
BR.27.3541802	Queiroz
BR.27.3541901	Queluz
BR.27.3542008	Quintana
BR.27.3542107	Rafard
BR.27.3542206	Rancharia
BR.27.3542305	Redenção da Serra
BR.27.3542404	Regente Feijó
BR.27.3542503	Reginópolis
BR.27.3542602	Registro
BR.27.3542701	Restinga
BR.27.3542800	Ribeira
BR.27.3542909	Ribeirão Bonito
BR.27.3543006	Ribeirão Branco
BR.27.3543105	Ribeirão Corrente
BR.27.3543204	Ribeirão do Sul
BR.27.3543238	Ribeirão dos Índios
BR.27.3543253	Ribeirão Grande
BR.27.3543303	Ribeirão Pires
BR.27.3543402	Ribeirão Preto
BR.27.3543501	Riversul
BR.27.3543600	Rifaina
BR.27.3543709	Rincão
BR.27.3543808	Rinópolis
BR.27.3543907	Rio Claro
BR.27.3544004	Rio das Pedras
BR.27.3544103	Rio Grande da Serra
BR.27.3544251	Rosana
BR.27.3544301	Roseira
BR.27.3544400	Rubiácea
BR.27.3544509	Rubinéia
BR.27.3544608	Sabino
BR.27.3544707	Sagres
BR.27.3544905	Sales Oliveira
BR.27.3545001	Salesópolis
BR.27.3545100	Salmourão
BR.27.3545209	Salto
BR.27.3545308	Salto de Pirapora
BR.27.3545407	Salto Grande
BR.27.3545506	Sandovalina
BR.27.3545605	Santa Adélia
BR.27.3545704	Santa Albertina
BR.27.3545803	Santa Bárbara d'Oeste
BR.27.3546009	Santa Branca
BR.27.3546108	Santa Clara d'Oeste
BR.27.3546256	Santa Cruz da Esperança
BR.27.3546306	Santa Cruz das Palmeiras
BR.27.3546405	Santa Cruz do Rio Pardo
BR.27.3546504	Santa Ernestina
BR.27.3546603	Santa Fé do Sul
BR.27.3546702	Santa Gertrudes
BR.27.3546801	Santa Isabel
BR.27.3546900	Santa Lúcia
BR.27.3547007	Santa Maria da Serra
BR.27.3547106	Santa Mercedes
BR.27.3547205	Santana da Ponte Pensa
BR.27.3547304	Santana de Parnaíba
BR.27.3547403	Santa Rita d'Oeste
BR.27.3547502	Santa Rita do Passa Quatro
BR.27.3547601	Santa Rosa de Viterbo
BR.27.3547650	Santa Salete
BR.27.3547700	Santo Anastácio
BR.27.3547809	Santo André
BR.27.3547908	Santo Antônio da Alegria
BR.27.3548005	Santo Antônio de Posse
BR.27.3548054	Santo Antônio do Aracanguá
BR.27.3548104	Santo Antônio do Jardim
BR.27.3548203	Santo Antônio do Pinhal
BR.27.3548302	Santo Expedito
BR.27.3548401	Santópolis do Aguapeí
BR.27.3548500	Santos
BR.27.3548609	São Bento do Sapucaí
BR.27.3548807	São Caetano do Sul
BR.27.3548906	São Carlos
BR.27.3549201	São João das Duas Pontes
BR.27.3549250	São João de Iracema
BR.27.3549300	São João do Pau d'Alho
BR.27.3549409	São Joaquim da Barra
BR.27.3549508	São José da Bela Vista
BR.27.3549607	São José do Barreiro
BR.27.3549706	São José do Rio Pardo
BR.27.3549805	São José do Rio Preto
BR.27.3549904	São José dos Campos
BR.27.3549953	São Lourenço da Serra
BR.27.3550001	São Luiz do Paraitinga
BR.27.3550100	São Manuel
BR.27.3550209	São Miguel Arcanjo
BR.27.3550506	São Pedro do Turvo
BR.27.3550605	São Roque
BR.27.3550704	São Sebastião
BR.27.3550803	São Sebastião da Grama
BR.27.3550902	São Simão
BR.27.3551108	Sarapuí
BR.27.3551207	Sarutaiá
BR.27.3551306	Sebastianópolis do Sul
BR.27.3551405	Serra Azul
BR.27.3551504	Serrana
BR.27.3551603	Serra Negra
BR.27.3551801	Sete Barras
BR.27.3551900	Severínia
BR.27.3552007	Silveiras
BR.27.3552106	Socorro
BR.27.3552205	Sorocaba
BR.27.3552304	Sud Mennucci
BR.27.3552403	Sumaré
BR.27.3552502	Suzano
BR.27.3552551	Suzanápolis
BR.27.3552601	Tabapuã
BR.27.3552700	Tabatinga
BR.27.3552809	Taboão da Serra
BR.27.3552908	Taciba
BR.27.3553005	Taguaí
BR.27.3553104	Taiaçu
BR.27.3553203	Taiúva
BR.27.3553302	Tambaú
BR.27.3553401	Tanabi
BR.27.3553500	Tapiraí
BR.27.3553609	Tapiratiba
BR.27.3553658	Taquaral
BR.27.3553708	Taquaritinga
BR.27.3553807	Taquarituba
BR.27.3553856	Taquarivaí
BR.27.3553906	Tarabai
BR.27.3553955	Tarumã
BR.27.3554003	Tatuí
BR.27.3554102	Taubaté
BR.27.3554300	Teodoro Sampaio
BR.27.3554409	Terra Roxa
BR.27.3554508	Tietê
BR.27.3554607	Timburi
BR.27.3554656	Torre de Pedra
BR.27.3554706	Torrinha
BR.27.3554755	Trabiju
BR.27.3554805	Tremembé
BR.27.3554904	Três Fronteiras
BR.27.3554953	Tuiuti
BR.27.3555000	Tupã
BR.27.3555109	Tupi Paulista
BR.27.3555208	Turiúba
BR.27.3555307	Turmalina
BR.27.3555356	Ubarana
BR.27.3555406	Ubatuba
BR.27.3555505	Ubirajara
BR.27.3555604	Uchoa
BR.27.3555703	União Paulista
BR.27.3555802	Urânia
BR.27.3555901	Uru
BR.27.3556008	Urupês
BR.27.3556107	Valentim Gentil
BR.27.3556206	Valinhos
BR.27.3556305	Valparaíso
BR.27.3556354	Vargem
BR.27.3556404	Vargem Grande do Sul
BR.27.3556453	Vargem Grande Paulista
BR.27.3556503	Várzea Paulista
BR.27.3556701	Vinhedo
BR.27.3556800	Viradouro
BR.27.3556909	Vista Alegre do Alto
BR.27.3556958	Vitória Brasil
BR.27.3557006	Votorantim
BR.27.3557154	Zacarias
BR.27.3557204	Chavantes
BR.27.3557303	Estiva Gerbi
BR.18.4100103	Abatiá
BR.18.4100202	Adrianópolis
BR.18.4100301	Agudos do Sul
BR.18.4100400	Almirante Tamandaré
BR.18.4100459	Altamira do Paraná
BR.18.4100509	Altônia
BR.18.4100608	Alto Paraná
BR.18.4100707	Alto Piquiri
BR.18.4100806	Alvorada do Sul
BR.18.4100905	Amaporã
BR.18.4101002	Ampére
BR.18.4101051	Anahy
BR.18.4101101	Andirá
BR.18.4101150	Ângulo
BR.18.4101200	Antonina
BR.18.4101309	Antônio Olinto
BR.18.4101408	Apucarana
BR.18.4101507	Arapongas
BR.18.4101606	Arapoti
BR.18.4101655	Arapuã
BR.18.4101705	Araruna
BR.18.4101804	Araucária
BR.18.4101853	Ariranha do Ivaí
BR.18.4101903	Assaí
BR.18.4102000	Assis Chateaubriand
BR.18.4102109	Astorga
BR.18.4102208	Atalaia
BR.18.4102307	Balsa Nova
BR.18.4102406	Bandeirantes
BR.18.4102505	Barbosa Ferraz
BR.18.4102604	Barracão
BR.18.4102703	Barra do Jacaré
BR.18.4102752	Bela Vista da Caroba
BR.18.4102802	Bela Vista do Paraíso
BR.18.4102901	Bituruna
BR.18.4103008	Boa Esperança
BR.18.4103024	Boa Esperança do Iguaçu
BR.18.4103040	Boa Ventura de São Roque
BR.18.4103057	Boa Vista da Aparecida
BR.18.4103107	Bocaiúva do Sul
BR.18.4103156	Bom Jesus do Sul
BR.18.4103206	Bom Sucesso
BR.18.4103222	Bom Sucesso do Sul
BR.18.4103305	Borrazópolis
BR.18.4103354	Braganey
BR.18.4103370	Brasilândia do Sul
BR.18.4103404	Cafeara
BR.18.4103453	Cafelândia
BR.18.4103479	Cafezal do Sul
BR.18.4103503	Califórnia
BR.18.4103602	Cambará
BR.18.4103701	Cambé
BR.18.4103800	Cambira
BR.18.4103909	Campina da Lagoa
BR.18.4103958	Campina do Simão
BR.18.4104006	Campina Grande do Sul
BR.18.4104055	Campo Bonito
BR.18.4104105	Campo do Tenente
BR.18.4104204	Campo Largo
BR.18.4104253	Campo Magro
BR.18.4104303	Campo Mourão
BR.18.4104402	Cândido de Abreu
BR.18.4104428	Candói
BR.18.4104451	Cantagalo
BR.18.4104501	Capanema
BR.18.4104600	Capitão Leônidas Marques
BR.18.4104659	Carambeí
BR.18.4104709	Carlópolis
BR.18.4104808	Cascavel
BR.18.4104907	Castro
BR.18.4105003	Catanduvas
BR.18.4105102	Centenário do Sul
BR.18.4105201	Cerro Azul
BR.18.4105300	Céu Azul
BR.18.4105409	Chopinzinho
BR.18.4105508	Cianorte
BR.18.4105607	Cidade Gaúcha
BR.18.4105706	Clevelândia
BR.18.4105805	Colombo
BR.18.4105904	Colorado
BR.18.4106001	Congonhinhas
BR.18.4106100	Conselheiro Mairinck
BR.18.4106209	Contenda
BR.18.4106308	Corbélia
BR.18.4106407	Cornélio Procópio
BR.18.4106456	Coronel Domingos Soares
BR.18.4106506	Coronel Vivida
BR.18.4106555	Corumbataí do Sul
BR.18.4106571	Cruzeiro do Iguaçu
BR.18.4106605	Cruzeiro do Oeste
BR.18.4106704	Cruzeiro do Sul
BR.18.4106803	Cruz Machado
BR.18.4106852	Cruzmaltina
BR.18.4106902	Curitiba
BR.18.4107009	Curiúva
BR.18.4107108	Diamante do Norte
BR.18.4107124	Diamante do Sul
BR.18.4107157	Diamante d'Oeste
BR.18.4107207	Dois Vizinhos
BR.18.4107256	Douradina
BR.18.4107306	Doutor Camargo
BR.18.4107405	Enéas Marques
BR.18.4107504	Engenheiro Beltrão
BR.18.4107520	Esperança Nova
BR.18.4107538	Entre Rios do Oeste
BR.18.4107546	Espigão Alto do Iguaçu
BR.18.4107553	Farol
BR.18.4107603	Faxinal
BR.18.4107652	Fazenda Rio Grande
BR.18.4107702	Fênix
BR.18.4107736	Fernandes Pinheiro
BR.18.4107751	Figueira
BR.18.4107801	Floraí
BR.18.4107850	Flor da Serra do Sul
BR.18.4107900	Floresta
BR.18.4108007	Florestópolis
BR.18.4108106	Flórida
BR.18.4108205	Formosa do Oeste
BR.18.4108304	Foz do Iguaçu
BR.18.4108320	Francisco Alves
BR.18.4108403	Francisco Beltrão
BR.18.4108452	Foz do Jordão
BR.18.4108502	General Carneiro
BR.18.4108551	Godoy Moreira
BR.18.4108601	Goioerê
BR.18.4108650	Goioxim
BR.18.4108700	Grandes Rios
BR.18.4108809	Guaíra
BR.18.4108908	Guairaçá
BR.18.4108957	Guamiranga
BR.18.4109005	Guapirama
BR.18.4109104	Guaporema
BR.18.4109203	Guaraci
BR.18.4109302	Guaraniaçu
BR.18.4109401	Guarapuava
BR.18.4109500	Guaraqueçaba
BR.18.4109609	Guaratuba
BR.18.4109658	Honório Serpa
BR.18.4109708	Ibaiti
BR.18.4109757	Ibema
BR.18.4109807	Ibiporã
BR.18.4109906	Icaraíma
BR.18.4110003	Iguaraçu
BR.18.4110078	Imbaú
BR.18.4110102	Imbituva
BR.18.4110201	Inácio Martins
BR.18.4110300	Inajá
BR.18.4110409	Indianópolis
BR.18.4110508	Ipiranga
BR.18.4110607	Iporã
BR.18.4110656	Iracema do Oeste
BR.18.4110706	Irati
BR.18.4110805	Iretama
BR.18.4110904	Itaguajé
BR.18.4110953	Itaipulândia
BR.18.4111001	Itambaracá
BR.18.4111100	Itambé
BR.18.4111209	Itapejara d'Oeste
BR.18.4111258	Itaperuçu
BR.18.4111308	Itaúna do Sul
BR.18.4111555	Ivaté
BR.18.4111605	Ivatuba
BR.18.4111704	Jaboti
BR.18.4111803	Jacarezinho
BR.18.4111902	Jaguapitã
BR.18.4112009	Jaguariaíva
BR.18.4112108	Jandaia do Sul
BR.18.4112207	Janiópolis
BR.18.4112306	Japira
BR.18.4112405	Japurá
BR.18.4112504	Jardim Alegre
BR.18.4112603	Jardim Olinda
BR.18.4112702	Jataizinho
BR.18.4112751	Jesuítas
BR.18.4112801	Joaquim Távora
BR.18.4112900	Jundiaí do Sul
BR.18.4112959	Juranda
BR.18.4113007	Jussara
BR.18.4113106	Kaloré
BR.18.4113205	Lapa
BR.18.4113254	Laranjal
BR.18.4113304	Laranjeiras do Sul
BR.18.4113403	Leópolis
BR.18.4113429	Lidianópolis
BR.18.4113452	Lindoeste
BR.18.4113502	Loanda
BR.18.4113601	Lobato
BR.18.4113700	Londrina
BR.18.4113734	Luiziana
BR.18.4113759	Lunardelli
BR.18.4113908	Mallet
BR.18.4114005	Mamborê
BR.18.4114104	Mandaguaçu
BR.18.4114203	Mandaguari
BR.18.4114302	Mandirituba
BR.18.4114351	Manfrinópolis
BR.18.4114401	Mangueirinha
BR.18.4114500	Manoel Ribas
BR.18.4114609	Marechal Cândido Rondon
BR.18.4114708	Maria Helena
BR.18.4114807	Marialva
BR.18.4114906	Marilândia do Sul
BR.18.4115002	Marilena
BR.18.4115101	Mariluz
BR.18.4115200	Maringá
BR.18.4115309	Mariópolis
BR.18.4115358	Maripá
BR.18.4115408	Marmeleiro
BR.18.4115457	Marquinho
BR.18.4115507	Marumbi
BR.18.4115606	Matelândia
BR.18.4115705	Matinhos
BR.18.4115739	Mato Rico
BR.18.4115754	Mauá da Serra
BR.18.4115804	Medianeira
BR.18.4115853	Mercedes
BR.18.4115903	Mirador
BR.18.4116000	Miraselva
BR.18.4116059	Missal
BR.18.4116109	Moreira Sales
BR.18.4116208	Morretes
BR.18.4116307	Munhoz de Melo
BR.18.4116406	Nossa Senhora das Graças
BR.18.4116505	Nova Aliança do Ivaí
BR.18.4116604	Nova América da Colina
BR.18.4116703	Nova Aurora
BR.18.4116802	Nova Cantu
BR.18.4116901	Nova Esperança
BR.18.4116950	Nova Esperança do Sudoeste
BR.18.4117008	Nova Fátima
BR.18.4117057	Nova Laranjeiras
BR.18.4117107	Nova Londrina
BR.18.4117206	Nova Olímpia
BR.18.4117214	Nova Santa Bárbara
BR.18.4117222	Nova Santa Rosa
BR.18.4117255	Nova Prata do Iguaçu
BR.18.4117271	Nova Tebas
BR.18.4117297	Novo Itacolomi
BR.18.4117404	Ourizona
BR.18.4117453	Ouro Verde do Oeste
BR.18.4117503	Paiçandu
BR.18.4117602	Palmas
BR.18.4117701	Palmeira
BR.18.4117800	Palmital
BR.18.4117909	Palotina
BR.18.4118006	Paraíso do Norte
BR.18.4118105	Paranacity
BR.18.4118204	Paranaguá
BR.18.4118303	Paranapoema
BR.18.4118402	Paranavaí
BR.18.4118451	Pato Bragado
BR.18.4118501	Pato Branco
BR.18.4118600	Paula Freitas
BR.18.4118709	Paulo Frontin
BR.18.4118808	Peabiru
BR.18.4118857	Perobal
BR.18.4118907	Pérola
BR.18.4119004	Pérola d'Oeste
BR.18.4119103	Piên
BR.18.4119152	Pinhais
BR.18.4119202	Pinhalão
BR.18.4119251	Pinhal de São Bento
BR.18.4119400	Piraí do Sul
BR.18.4119509	Piraquara
BR.18.4119608	Pitanga
BR.18.4119657	Pitangueiras
BR.18.4119806	Planalto
BR.18.4119905	Ponta Grossa
BR.18.4119954	Pontal do Paraná
BR.18.4120002	Porecatu
BR.18.4120101	Porto Amazonas
BR.18.4120150	Porto Barreiro
BR.18.4120200	Porto Rico
BR.18.4120309	Porto Vitória
BR.18.4120333	Prado Ferreira
BR.18.4120358	Pranchita
BR.18.4120408	Presidente Castelo Branco
BR.18.4120507	Primeiro de Maio
BR.18.4120606	Prudentópolis
BR.18.4120655	Quarto Centenário
BR.18.4120705	Quatiguá
BR.18.4120804	Quatro Barras
BR.18.4120853	Quatro Pontes
BR.18.4120903	Quedas do Iguaçu
BR.18.4121000	Querência do Norte
BR.18.4121109	Quinta do Sol
BR.18.4121208	Quitandinha
BR.18.4121257	Ramilândia
BR.18.4121307	Rancho Alegre
BR.18.4121356	Rancho Alegre d'Oeste
BR.18.4121505	Rebouças
BR.18.4121604	Renascença
BR.18.4121703	Reserva
BR.18.4121752	Reserva do Iguaçu
BR.18.4121802	Ribeirão Claro
BR.18.4121901	Ribeirão do Pinhal
BR.18.4122008	Rio Azul
BR.18.4122107	Rio Bom
BR.18.4122156	Rio Bonito do Iguaçu
BR.18.4122172	Rio Branco do Ivaí
BR.18.4122206	Rio Branco do Sul
BR.18.4122305	Rio Negro
BR.18.4122404	Rolândia
BR.18.4122503	Roncador
BR.18.4122602	Rondon
BR.18.4122651	Rosário do Ivaí
BR.18.4122701	Sabáudia
BR.18.4122800	Salgado Filho
BR.18.4122909	Salto do Itararé
BR.18.4123006	Salto do Lontra
BR.18.4123105	Santa Amélia
BR.18.4123501	Santa Helena
BR.18.4123600	Santa Inês
BR.18.4123709	Santa Isabel do Ivaí
BR.18.4123808	Santa Izabel do Oeste
BR.18.4123824	Santa Lúcia
BR.18.4123857	Santa Maria do Oeste
BR.18.4123907	Santa Mariana
BR.18.4123956	Santa Mônica
BR.18.4124020	Santa Tereza do Oeste
BR.18.4124053	Santa Terezinha de Itaipu
BR.18.4124103	Santo Antônio da Platina
BR.18.4124202	Santo Antônio do Caiuá
BR.18.4124400	Santo Antônio do Sudoeste
BR.18.4124509	Santo Inácio
BR.18.4124608	São Carlos do Ivaí
BR.18.4124707	São Jerônimo da Serra
BR.18.4124905	São João do Caiuá
BR.18.4125001	São João do Ivaí
BR.18.4125100	São João do Triunfo
BR.18.4125209	São Jorge d'Oeste
BR.18.4125308	São Jorge do Ivaí
BR.18.4125357	São Jorge do Patrocínio
BR.18.4125506	São José dos Pinhais
BR.18.4125555	São Manoel do Paraná
BR.18.4125605	São Mateus do Sul
BR.18.4125704	São Miguel do Iguaçu
BR.18.4125753	São Pedro do Iguaçu
BR.18.4125803	São Pedro do Ivaí
BR.18.4125902	São Pedro do Paraná
BR.18.4126009	São Sebastião da Amoreira
BR.18.4126108	São Tomé
BR.18.4126207	Sapopema
BR.18.4126256	Sarandi
BR.18.4126272	Saudade do Iguaçu
BR.18.4126306	Sengés
BR.18.4126405	Sertaneja
BR.18.4126504	Sertanópolis
BR.18.4126603	Siqueira Campos
BR.18.4126652	Sulina
BR.18.4126678	Tamarana
BR.18.4126702	Tamboara
BR.18.4126801	Tapejara
BR.18.4126900	Tapira
BR.18.4127007	Teixeira Soares
BR.18.4127205	Terra Boa
BR.18.4127304	Terra Rica
BR.18.4127403	Terra Roxa
BR.18.4127502	Tibagi
BR.18.4127601	Tijucas do Sul
BR.18.4127700	Toledo
BR.18.4127809	Tomazina
BR.18.4127882	Tunas do Paraná
BR.18.4127908	Tuneiras do Oeste
BR.18.4127957	Tupãssi
BR.18.4127965	Turvo
BR.18.4128005	Ubiratã
BR.18.4128104	Umuarama
BR.18.4128203	União da Vitória
BR.18.4128302	Uniflor
BR.18.4128401	Uraí
BR.18.4128500	Wenceslau Braz
BR.18.4128534	Ventania
BR.18.4128559	Vera Cruz do Oeste
BR.18.4128609	Verê
BR.18.4128625	Alto Paraíso
BR.18.4128633	Doutor Ulysses
BR.18.4128658	Virmond
BR.18.4128708	Vitorino
BR.18.4128807	Xambrê
BR.26.4200051	Abdon Batista
BR.26.4200101	Abelardo Luz
BR.26.4200200	Agrolândia
BR.26.4200309	Agronômica
BR.26.4200408	Água Doce
BR.26.4200507	Águas de Chapecó
BR.26.4200556	Águas Frias
BR.26.4200606	Águas Mornas
BR.26.4200705	Alfredo Wagner
BR.26.4200754	Alto Bela Vista
BR.26.4200804	Anchieta
BR.26.4200903	Angelina
BR.26.4201000	Anita Garibaldi
BR.26.4201109	Anitápolis
BR.26.4201208	Antônio Carlos
BR.26.4201257	Apiúna
BR.26.4201273	Arabutã
BR.26.4201307	Araquari
BR.26.4201406	Araranguá
BR.26.4201505	Armazém
BR.26.4201604	Arroio Trinta
BR.26.4201653	Arvoredo
BR.26.4201703	Ascurra
BR.26.4201802	Atalanta
BR.26.4201950	Balneário Arroio do Silva
BR.26.4202008	Balneário Camboriú
BR.26.4202057	Balneário Barra do Sul
BR.26.4202073	Balneário Gaivota
BR.26.4202081	Bandeirante
BR.26.4202099	Barra Bonita
BR.26.4202107	Barra Velha
BR.26.4202131	Bela Vista do Toldo
BR.26.4202156	Belmonte
BR.26.4202206	Benedito Novo
BR.26.4202305	Biguaçu
BR.26.4202404	Blumenau
BR.26.4202438	Bocaina do Sul
BR.26.4202453	Bombinhas
BR.26.4202503	Bom Jardim da Serra
BR.26.4202537	Bom Jesus
BR.26.4202578	Bom Jesus do Oeste
BR.26.4202602	Bom Retiro
BR.26.4202701	Botuverá
BR.26.4202800	Braço do Norte
BR.26.4202859	Braço do Trombudo
BR.26.4202875	Brunópolis
BR.26.4202909	Brusque
BR.26.4203006	Caçador
BR.26.4203105	Caibi
BR.26.4203154	Calmon
BR.26.4203204	Camboriú
BR.26.4203253	Capão Alto
BR.26.4203303	Campo Alegre
BR.26.4203402	Campo Belo do Sul
BR.26.4203600	Campos Novos
BR.26.4203709	Canelinha
BR.26.4203808	Canoinhas
BR.26.4203907	Capinzal
BR.26.4203956	Capivari de Baixo
BR.26.4204004	Catanduvas
BR.26.4204103	Caxambu do Sul
BR.26.4204152	Celso Ramos
BR.26.4204178	Cerro Negro
BR.26.4204194	Chapadão do Lageado
BR.26.4204202	Chapecó
BR.26.4204251	Cocal do Sul
BR.26.4204350	Cordilheira Alta
BR.26.4204400	Coronel Freitas
BR.26.4204459	Coronel Martins
BR.26.4204509	Corupá
BR.26.4204707	Cunha Porã
BR.26.4204756	Cunhataí
BR.26.4204806	Curitibanos
BR.26.4204905	Descanso
BR.26.4205001	Dionísio Cerqueira
BR.26.4205100	Dona Emma
BR.26.4205159	Doutor Pedrinho
BR.26.4205175	Entre Rios
BR.26.4205191	Ermo
BR.26.4205209	Erval Velho
BR.26.4205308	Faxinal dos Guedes
BR.26.4205357	Flor do Sertão
BR.26.4205407	Florianópolis
BR.26.4205431	Formosa do Sul
BR.26.4205456	Forquilhinha
BR.26.4205506	Fraiburgo
BR.26.4205555	Frei Rogério
BR.26.4205605	Galvão
BR.26.4205704	Garopaba
BR.26.4205803	Garuva
BR.26.4205902	Gaspar
BR.26.4206009	Governador Celso Ramos
BR.26.4206108	Grão-Pará
BR.26.4206207	Gravatal
BR.26.4206306	Guabiruba
BR.26.4206405	Guaraciaba
BR.26.4206504	Guaramirim
BR.26.4206652	Guatambú
BR.26.4206702	Herval d'Oeste
BR.26.4206751	Ibiam
BR.26.4206801	Ibicaré
BR.26.4206900	Ibirama
BR.26.4207007	Içara
BR.26.4207106	Ilhota
BR.26.4207205	Imaruí
BR.26.4207304	Imbituba
BR.26.4207403	Imbuia
BR.26.4207502	Indaial
BR.26.4207577	Iomerê
BR.26.4207601	Ipira
BR.26.4207684	Ipuaçu
BR.26.4207700	Ipumirim
BR.26.4207759	Iraceminha
BR.26.4207809	Irani
BR.26.4207858	Irati
BR.26.4207908	Irineópolis
BR.26.4208005	Itá
BR.26.4208104	Itaiópolis
BR.26.4208203	Itajaí
BR.26.4208401	Itapiranga
BR.26.4208450	Itapoá
BR.26.4208500	Ituporanga
BR.26.4208609	Jaborá
BR.26.4208708	Jacinto Machado
BR.26.4208807	Jaguaruna
BR.26.4208906	Jaraguá do Sul
BR.26.4208955	Jardinópolis
BR.26.4209003	Joaçaba
BR.26.4209102	Joinville
BR.26.4209151	José Boiteux
BR.26.4209177	Jupiá
BR.26.4209201	Lacerdópolis
BR.26.4209300	Lages
BR.26.4209409	Laguna
BR.26.4209458	Lajeado Grande
BR.26.4209508	Laurentino
BR.26.4209607	Lauro Müller
BR.26.4209706	Lebon Régis
BR.26.4209805	Leoberto Leal
BR.26.4209854	Lindóia do Sul
BR.26.4209904	Lontras
BR.26.4210001	Luiz Alves
BR.26.4210035	Luzerna
BR.26.4210050	Macieira
BR.26.4210100	Mafra
BR.26.4210209	Major Gercino
BR.26.4210308	Major Vieira
BR.26.4210407	Maracajá
BR.26.4210506	Maravilha
BR.26.4210555	Marema
BR.26.4210605	Massaranduba
BR.26.4210704	Matos Costa
BR.26.4210803	Meleiro
BR.26.4210852	Mirim Doce
BR.26.4210902	Modelo
BR.26.4211009	Mondaí
BR.26.4211058	Monte Carlo
BR.26.4211108	Monte Castelo
BR.26.4211207	Morro da Fumaça
BR.26.4211256	Morro Grande
BR.26.4211306	Navegantes
BR.26.4211405	Nova Erechim
BR.26.4211454	Nova Itaberaba
BR.26.4211504	Nova Trento
BR.26.4211603	Nova Veneza
BR.26.4211652	Novo Horizonte
BR.26.4211702	Orleans
BR.26.4211751	Otacílio Costa
BR.26.4211801	Ouro
BR.26.4211850	Ouro Verde
BR.26.4211876	Paial
BR.26.4211892	Painel
BR.26.4211900	Palhoça
BR.26.4212007	Palma Sola
BR.26.4212056	Palmeira
BR.26.4212106	Palmitos
BR.26.4212205	Papanduva
BR.26.4212254	Passo de Torres
BR.26.4212304	Paulo Lopes
BR.26.4212403	Pedras Grandes
BR.26.4212502	Penha
BR.26.4212601	Peritiba
BR.26.4212700	Petrolândia
BR.26.4212809	Balneário Piçarras
BR.26.4212908	Pinhalzinho
BR.26.4213005	Pinheiro Preto
BR.26.4213104	Piratuba
BR.26.4213153	Planalto Alegre
BR.26.4213203	Pomerode
BR.26.4213302	Ponte Alta
BR.26.4213351	Ponte Alta do Norte
BR.26.4213401	Ponte Serrada
BR.26.4213500	Porto Belo
BR.26.4213609	Porto União
BR.26.4213708	Pouso Redondo
BR.26.4213807	Praia Grande
BR.26.4213906	Presidente Castello Branco
BR.26.4214003	Presidente Getúlio
BR.26.4214102	Presidente Nereu
BR.26.4214151	Princesa
BR.26.4214201	Quilombo
BR.26.4214300	Rancho Queimado
BR.26.4214409	Rio das Antas
BR.26.4214607	Rio do Oeste
BR.26.4214706	Rio dos Cedros
BR.26.4214805	Rio do Sul
BR.26.4214904	Rio Fortuna
BR.26.4215000	Rio Negrinho
BR.26.4215059	Rio Rufino
BR.26.4215075	Riqueza
BR.26.4215109	Rodeio
BR.26.4215208	Romelândia
BR.26.4215356	Saltinho
BR.26.4215406	Salto Veloso
BR.26.4215455	Sangão
BR.26.4215505	Santa Cecília
BR.26.4215554	Santa Helena
BR.26.4215604	Santa Rosa de Lima
BR.26.4215653	Santa Rosa do Sul
BR.26.4215679	Santa Terezinha
BR.26.4215687	Santa Terezinha do Progresso
BR.26.4215695	Santiago do Sul
BR.26.4215703	Santo Amaro da Imperatriz
BR.26.4215752	São Bernardino
BR.26.4215802	São Bento do Sul
BR.26.4215901	São Bonifácio
BR.26.4216008	São Carlos
BR.26.4216057	São Cristóvão do Sul
BR.26.4216107	São Domingos
BR.26.4216206	São Francisco do Sul
BR.26.4216255	São João do Oeste
BR.26.4216305	São João Batista
BR.26.4216354	São João do Itaperiú
BR.26.4216404	São João do Sul
BR.26.4216503	São Joaquim
BR.26.4216602	São José
BR.26.4216701	São José do Cedro
BR.26.4216800	São José do Cerrito
BR.26.4217006	São Ludgero
BR.26.4217105	São Martinho
BR.26.4217154	São Miguel da Boa Vista
BR.26.4217204	São Miguel do Oeste
BR.26.4217253	São Pedro de Alcântara
BR.26.4217303	Saudades
BR.26.4217402	Schroeder
BR.26.4217501	Seara
BR.26.4217550	Serra Alta
BR.26.4217600	Siderópolis
BR.26.4217709	Sombrio
BR.26.4217758	Sul Brasil
BR.26.4217907	Tangará
BR.26.4217956	Tigrinhos
BR.26.4218103	Timbé do Sul
BR.26.4218202	Timbó
BR.26.4218251	Timbó Grande
BR.26.4218301	Três Barras
BR.26.4218350	Treviso
BR.26.4218400	Treze de Maio
BR.26.4218509	Treze Tílias
BR.26.4218608	Trombudo Central
BR.26.4218707	Tubarão
BR.26.4218756	Tunápolis
BR.26.4218806	Turvo
BR.26.4218855	União do Oeste
BR.26.4218905	Urubici
BR.26.4218954	Urupema
BR.26.4219002	Urussanga
BR.26.4219101	Vargeão
BR.26.4219150	Vargem
BR.26.4219176	Vargem Bonita
BR.26.4219200	Vidal Ramos
BR.26.4219309	Videira
BR.26.4219358	Vitor Meireles
BR.26.4219408	Witmarsum
BR.26.4219507	Xanxerê
BR.26.4219606	Xavantina
BR.26.4219705	Xaxim
BR.26.4219853	Zortéa
BR.23.4300109	Agudo
BR.23.4300208	Ajuricaba
BR.23.4300307	Alecrim
BR.23.4300406	Alegrete
BR.23.4300455	Alegria
BR.23.4300505	Alpestre
BR.23.4300570	Alto Feliz
BR.23.4300604	Alvorada
BR.23.4300638	Amaral Ferrador
BR.23.4300646	Ametista do Sul
BR.23.4300661	André da Rocha
BR.23.4300703	Anta Gorda
BR.23.4300851	Arambaré
BR.23.4300877	Araricá
BR.23.4300901	Aratiba
BR.23.4301008	Arroio do Meio
BR.23.4301057	Arroio do Sal
BR.23.4301107	Arroio dos Ratos
BR.23.4301206	Arroio do Tigre
BR.23.4301404	Arvorezinha
BR.23.4301552	Áurea
BR.23.4301636	Balneário Pinhal
BR.23.4301651	Barão
BR.23.4301750	Barão do Triunfo
BR.23.4301800	Barracão
BR.23.4301859	Barra do Guarita
BR.23.4301875	Barra do Quaraí
BR.23.4301909	Barra do Ribeiro
BR.23.4301925	Barra do Rio Azul
BR.23.4301958	Barra Funda
BR.23.4302055	Benjamin Constant do Sul
BR.23.4302154	Boa Vista das Missões
BR.23.4302204	Boa Vista do Buricá
BR.23.4302253	Boa Vista do Sul
BR.23.4302303	Bom Jesus
BR.23.4302352	Bom Princípio
BR.23.4302378	Bom Progresso
BR.23.4302402	Bom Retiro do Sul
BR.23.4302501	Bossoroca
BR.23.4302600	Braga
BR.23.4302659	Brochier
BR.23.4302709	Butiá
BR.23.4302808	Caçapava do Sul
BR.23.4302907	Cacequi
BR.23.4303004	Cachoeira do Sul
BR.23.4303103	Cachoeirinha
BR.23.4303202	Cacique Doble
BR.23.4303400	Caiçara
BR.23.4303509	Camaquã
BR.23.4303558	Camargo
BR.23.4303608	Cambará do Sul
BR.23.4303673	Campestre da Serra
BR.23.4303707	Campina das Missões
BR.23.4304002	Campo Novo
BR.23.4304101	Campos Borges
BR.23.4304200	Candelária
BR.23.4304309	Cândido Godói
BR.23.4304358	Candiota
BR.23.4304408	Canela
BR.23.4304606	Canoas
BR.23.4304630	Capão da Canoa
BR.23.4304663	Capão do Leão
BR.23.4304671	Capivari do Sul
BR.23.4304689	Capela de Santana
BR.23.4304697	Capitão
BR.23.4304713	Caraá
BR.23.4304853	Carlos Gomes
BR.23.4304903	Casca
BR.23.4305009	Catuípe
BR.23.4305108	Caxias do Sul
BR.23.4305116	Centenário
BR.23.4305124	Cerrito
BR.23.4305132	Cerro Branco
BR.23.4305173	Cerro Grande do Sul
BR.23.4305207	Cerro Largo
BR.23.4305306	Chapada
BR.23.4305355	Charqueadas
BR.23.4305371	Charrua
BR.23.4305405	Chiapetta
BR.23.4305439	Chuí
BR.23.4305447	Chuvisca
BR.23.4305454	Cidreira
BR.23.4305504	Ciríaco
BR.23.4305587	Colinas
BR.23.4305603	Colorado
BR.23.4305702	Condor
BR.23.4305850	Coqueiros do Sul
BR.23.4305871	Coronel Barros
BR.23.4305900	Coronel Bicaco
BR.23.4305959	Cotiporã
BR.23.4305975	Coxilha
BR.23.4306007	Crissiumal
BR.23.4306056	Cristal
BR.23.4306072	Cristal do Sul
BR.23.4306205	Cruzeiro do Sul
BR.23.4306353	Dezesseis de Novembro
BR.23.4306379	Dilermando de Aguiar
BR.23.4306403	Dois Irmãos
BR.23.4306429	Dois Irmãos das Missões
BR.23.4306452	Dois Lajeados
BR.23.4306502	Dom Feliciano
BR.23.4306551	Dom Pedro de Alcântara
BR.23.4306601	Dom Pedrito
BR.23.4306700	Dona Francisca
BR.23.4306734	Doutor Maurício Cardoso
BR.23.4306759	Doutor Ricardo
BR.23.4306767	Eldorado do Sul
BR.23.4306809	Encantado
BR.23.4306908	Encruzilhada do Sul
BR.23.4306924	Engenho Velho
BR.23.4306932	Entre-Ijuís
BR.23.4306957	Entre Rios do Sul
BR.23.4306973	Erebango
BR.23.4307203	Erval Grande
BR.23.4307302	Erval Seco
BR.23.4307450	Esperança do Sul
BR.23.4307559	Estação
BR.23.4307609	Estância Velha
BR.23.4307708	Esteio
BR.23.4307807	Estrela
BR.23.4307815	Estrela Velha
BR.23.4307831	Eugênio de Castro
BR.23.4307864	Fagundes Varela
BR.23.4307906	Farroupilha
BR.23.4308003	Faxinal do Soturno
BR.23.4308052	Faxinalzinho
BR.23.4308078	Fazenda Vilanova
BR.23.4308102	Feliz
BR.23.4308201	Flores da Cunha
BR.23.4308250	Floriano Peixoto
BR.23.4308300	Fontoura Xavier
BR.23.4308409	Formigueiro
BR.23.4308508	Frederico Westphalen
BR.23.4308656	Garruchos
BR.23.4308706	Gaurama
BR.23.4308805	General Câmara
BR.23.4308854	Gentil
BR.23.4308904	Getúlio Vargas
BR.23.4309001	Giruá
BR.23.4309050	Glorinha
BR.23.4309100	Gramado
BR.23.4309126	Gramado dos Loureiros
BR.23.4309159	Gramado Xavier
BR.23.4309209	Gravataí
BR.23.4309258	Guabiju
BR.23.4309308	Guaíba
BR.23.4309407	Guaporé
BR.23.4309506	Guarani das Missões
BR.23.4309555	Harmonia
BR.23.4309571	Herveiras
BR.23.4309605	Horizontina
BR.23.4309654	Hulha Negra
BR.23.4309704	Humaitá
BR.23.4309753	Ibarama
BR.23.4309902	Ibiraiaras
BR.23.4310009	Ibirubá
BR.23.4310108	Igrejinha
BR.23.4310306	Ilópolis
BR.23.4310330	Imbé
BR.23.4310413	Inhacorá
BR.23.4310439	Ipê
BR.23.4310462	Ipiranga do Sul
BR.23.4310504	Iraí
BR.23.4310538	Itaara
BR.23.4310553	Itacurubi
BR.23.4310579	Itapuca
BR.23.4310603	Itaqui
BR.23.4310702	Itatiba do Sul
BR.23.4310751	Ivorá
BR.23.4310801	Ivoti
BR.23.4310850	Jaboticaba
BR.23.4311007	Jaguarão
BR.23.4311122	Jaquirana
BR.23.4311130	Jari
BR.23.4311155	Jóia
BR.23.4311205	Júlio de Castilhos
BR.23.4311254	Lagoão
BR.23.4311270	Lagoa dos Três Cantos
BR.23.4311429	Lajeado do Bugre
BR.23.4311502	Lavras do Sul
BR.23.4311601	Liberato Salzano
BR.23.4311627	Lindolfo Collor
BR.23.4311643	Linha Nova
BR.23.4311700	Machadinho
BR.23.4311718	Maçambará
BR.23.4311734	Mampituba
BR.23.4311759	Manoel Viana
BR.23.4311775	Maquiné
BR.23.4311809	Marau
BR.23.4311908	Marcelino Ramos
BR.23.4311981	Mariana Pimentel
BR.23.4312005	Mariano Moro
BR.23.4312104	Mata
BR.23.4312138	Mato Castelhano
BR.23.4312153	Mato Leitão
BR.23.4312203	Maximiliano de Almeida
BR.23.4312252	Minas do Leão
BR.23.4312302	Miraguaí
BR.23.4312351	Montauri
BR.23.4312377	Monte Alegre dos Campos
BR.23.4312443	Morrinhos do Sul
BR.23.4312450	Morro Redondo
BR.23.4312476	Morro Reuter
BR.23.4312500	Mostardas
BR.23.4312609	Muçum
BR.23.4312617	Muitos Capões
BR.23.4312625	Muliterno
BR.23.4312658	Não-Me-Toque
BR.23.4312674	Nicolau Vergueiro
BR.23.4312708	Nonoai
BR.23.4312757	Nova Alvorada
BR.23.4312807	Nova Araçá
BR.23.4312906	Nova Bassano
BR.23.4313037	Nova Esperança do Sul
BR.23.4313060	Nova Hartz
BR.23.4313086	Nova Pádua
BR.23.4313102	Nova Palma
BR.23.4313201	Nova Petrópolis
BR.23.4313300	Nova Prata
BR.23.4313334	Nova Ramada
BR.23.4313359	Nova Roma do Sul
BR.23.4313375	Nova Santa Rita
BR.23.4313391	Novo Cabrais
BR.23.4313425	Novo Machado
BR.23.4313441	Novo Tiradentes
BR.23.4313490	Novo Barreiro
BR.23.4313508	Osório
BR.23.4313607	Paim Filho
BR.23.4313656	Palmares do Sul
BR.23.4313805	Palmitinho
BR.23.4313904	Panambi
BR.23.4313953	Pantano Grande
BR.23.4314001	Paraí
BR.23.4314027	Paraíso do Sul
BR.23.4314035	Pareci Novo
BR.23.4314050	Parobé
BR.23.4314068	Passa Sete
BR.23.4314076	Passo do Sobrado
BR.23.4314100	Passo Fundo
BR.23.4314159	Paverama
BR.23.4314209	Pedro Osório
BR.23.4314308	Pejuçara
BR.23.4314423	Picada Café
BR.23.4314456	Pinhal
BR.23.4314472	Pinhal Grande
BR.23.4314498	Pinheirinho do Vale
BR.23.4314555	Pirapó
BR.23.4314605	Piratini
BR.23.4314704	Planalto
BR.23.4314753	Poço das Antas
BR.23.4314779	Pontão
BR.23.4314803	Portão
BR.23.4314902	Porto Alegre
BR.23.4315008	Porto Lucena
BR.23.4315057	Porto Mauá
BR.23.4315073	Porto Vera Cruz
BR.23.4315107	Porto Xavier
BR.23.4315131	Pouso Novo
BR.23.4315149	Presidente Lucena
BR.23.4315172	Protásio Alves
BR.23.4315206	Putinga
BR.23.4315305	Quaraí
BR.23.4315321	Quevedos
BR.23.4315354	Quinze de Novembro
BR.23.4315404	Redentora
BR.23.4315503	Restinga Sêca
BR.23.4315552	Rio dos Índios
BR.23.4315701	Rio Pardo
BR.23.4315750	Riozinho
BR.23.4315909	Rodeio Bonito
BR.23.4316006	Rolante
BR.23.4316105	Ronda Alta
BR.23.4316204	Rondinha
BR.23.4316303	Roque Gonzales
BR.23.4316402	Rosário do Sul
BR.23.4316428	Sagrada Família
BR.23.4316436	Saldanha Marinho
BR.23.4316477	Salvador das Missões
BR.23.4316600	Sananduva
BR.23.4316709	Santa Bárbara do Sul
BR.23.4316758	Santa Clara do Sul
BR.23.4316808	Santa Cruz do Sul
BR.23.4316956	Santa Maria do Herval
BR.23.4317004	Santana da Boa Vista
BR.23.4317103	Sant'Ana do Livramento
BR.23.4317202	Santa Rosa
BR.23.4317251	Santa Tereza
BR.23.4317301	Santa Vitória do Palmar
BR.23.4317509	Santo Ângelo
BR.23.4317558	Santo Antônio do Palma
BR.23.4317608	Santo Antônio da Patrulha
BR.23.4317707	Santo Antônio das Missões
BR.23.4317756	Santo Antônio do Planalto
BR.23.4317806	Santo Augusto
BR.23.4317905	Santo Cristo
BR.23.4317954	Santo Expedito do Sul
BR.23.4318002	São Borja
BR.23.4318051	São Domingos do Sul
BR.23.4318101	São Francisco de Assis
BR.23.4318408	São Jerônimo
BR.23.4318424	São João da Urtiga
BR.23.4318432	São João do Polêsine
BR.23.4318440	São Jorge
BR.23.4318457	São José das Missões
BR.23.4318465	São José do Herval
BR.23.4318481	São José do Hortêncio
BR.23.4318499	São José do Inhacorá
BR.23.4318507	São José do Norte
BR.23.4318606	São José do Ouro
BR.23.4318622	São José dos Ausentes
BR.23.4318705	São Leopoldo
BR.23.4318804	São Lourenço do Sul
BR.23.4319000	São Marcos
BR.23.4319109	São Martinho
BR.23.4319125	São Martinho da Serra
BR.23.4319208	São Nicolau
BR.23.4319307	São Paulo das Missões
BR.23.4319356	São Pedro da Serra
BR.23.4319372	São Pedro do Butiá
BR.23.4319406	São Pedro do Sul
BR.23.4319505	São Sebastião do Caí
BR.23.4319604	São Sepé
BR.23.4319703	São Valentim
BR.23.4319711	São Valentim do Sul
BR.23.4319737	São Valério do Sul
BR.23.4319752	São Vendelino
BR.23.4319802	São Vicente do Sul
BR.23.4319901	Sapiranga
BR.23.4320008	Sapucaia do Sul
BR.23.4320107	Sarandi
BR.23.4320206	Seberi
BR.23.4320230	Sede Nova
BR.23.4320263	Segredo
BR.23.4320305	Selbach
BR.23.4320321	Senador Salgado Filho
BR.23.4320354	Sentinela do Sul
BR.23.4320404	Serafina Corrêa
BR.23.4320453	Sério
BR.23.4320503	Sertão
BR.23.4320552	Sertão Santana
BR.23.4320578	Sete de Setembro
BR.23.4320602	Severiano de Almeida
BR.23.4320651	Silveira Martins
BR.23.4320677	Sinimbu
BR.23.4320859	Tabaí
BR.23.4321006	Tapera
BR.23.4321105	Tapes
BR.23.4321204	Taquara
BR.23.4321303	Taquari
BR.23.4321329	Taquaruçu do Sul
BR.23.4321352	Tavares
BR.23.4321402	Tenente Portela
BR.23.4321477	Tiradentes do Sul
BR.23.4321493	Toropi
BR.23.4321501	Torres
BR.23.4321600	Tramandaí
BR.23.4321626	Travesseiro
BR.23.4321634	Três Arroios
BR.23.4321667	Três Cachoeiras
BR.23.4321709	Três Coroas
BR.23.4321808	Três de Maio
BR.23.4321832	Três Forquilhas
BR.23.4321857	Três Palmeiras
BR.23.4321907	Três Passos
BR.23.4322004	Triunfo
BR.23.4322103	Tucunduva
BR.23.4322152	Tunas
BR.23.4322186	Tupanci do Sul
BR.23.4322202	Tupanciretã
BR.23.4322251	Tupandi
BR.23.4322301	Tuparendi
BR.23.4322327	Turuçu
BR.23.4322343	Ubiretama
BR.23.4322350	União da Serra
BR.23.4322376	Unistalda
BR.23.4322400	Uruguaiana
BR.23.4322509	Vacaria
BR.23.4322525	Vale Verde
BR.23.4322533	Vale do Sol
BR.23.4322541	Vale Real
BR.23.4322558	Vanini
BR.23.4322608	Venâncio Aires
BR.23.4322707	Vera Cruz
BR.23.4322806	Veranópolis
BR.23.4322855	Vespasiano Corrêa
BR.23.4322905	Viadutos
BR.23.4323002	Viamão
BR.23.4323101	Vicente Dutra
BR.23.4323309	Vila Flores
BR.23.4323358	Vila Lângaro
BR.23.4323408	Vila Maria
BR.23.4323457	Vila Nova do Sul
BR.23.4323507	Vista Alegre
BR.23.4323606	Vista Alegre do Prata
BR.23.4323705	Vista Gaúcha
BR.23.4323754	Vitória das Missões
BR.23.4323804	Xangri-lá
BR.11.5000203	Água Clara
BR.11.5000252	Alcinópolis
BR.11.5000609	Amambai
BR.11.5000708	Anastácio
BR.11.5000807	Anaurilândia
BR.11.5000856	Angélica
BR.11.5000906	Antônio João
BR.11.5001003	Aparecida do Taboado
BR.11.5001102	Aquidauana
BR.11.5001243	Aral Moreira
BR.11.5001508	Bandeirantes
BR.11.5001904	Bataguassu
BR.11.5002001	Batayporã
BR.11.5002100	Bela Vista
BR.11.5002159	Bodoquena
BR.11.5002209	Bonito
BR.11.5002308	Brasilândia
BR.11.5002407	Caarapó
BR.11.5002605	Camapuã
BR.11.5002704	Campo Grande
BR.11.5002803	Caracol
BR.11.5002902	Cassilândia
BR.11.5002951	Chapadão do Sul
BR.11.5003108	Corguinho
BR.11.5003207	Corumbá
BR.11.5003256	Costa Rica
BR.11.5003306	Coxim
BR.11.5003454	Deodápolis
BR.11.5003488	Dois Irmãos do Buriti
BR.11.5003504	Douradina
BR.11.5003702	Dourados
BR.11.5003751	Eldorado
BR.11.5003801	Fátima do Sul
BR.11.5004007	Glória de Dourados
BR.11.5004106	Guia Lopes da Laguna
BR.11.5004304	Iguatemi
BR.11.5004403	Inocência
BR.11.5004502	Itaporã
BR.11.5004601	Itaquiraí
BR.11.5004809	Japorã
BR.11.5004908	Jaraguari
BR.11.5005103	Jateí
BR.11.5005152	Juti
BR.11.5005202	Ladário
BR.11.5005251	Laguna Carapã
BR.11.5005400	Maracaju
BR.11.5005608	Miranda
BR.11.5005707	Naviraí
BR.11.5005806	Nioaque
BR.11.5006002	Nova Alvorada do Sul
BR.11.5006200	Nova Andradina
BR.11.5006259	Novo Horizonte do Sul
BR.11.5006309	Paranaíba
BR.11.5006358	Paranhos
BR.11.5006408	Pedro Gomes
BR.11.5006606	Ponta Porã
BR.11.5006903	Porto Murtinho
BR.11.5007109	Ribas do Rio Pardo
BR.11.5007208	Rio Brilhante
BR.11.5007307	Rio Negro
BR.11.5007406	Rio Verde de Mato Grosso
BR.11.5007505	Rochedo
BR.11.5007554	Santa Rita do Pardo
BR.11.5007695	São Gabriel do Oeste
BR.11.5007703	Sete Quedas
BR.11.5007802	Selvíria
BR.11.5007935	Sonora
BR.11.5007950	Tacuru
BR.11.5007976	Taquarussu
BR.11.5008008	Terenos
BR.11.5008305	Três Lagoas
BR.11.5008404	Vicentina
BR.14.5100102	Acorizal
BR.14.5100250	Alta Floresta
BR.14.5100300	Alto Araguaia
BR.14.5100409	Alto Garças
BR.14.5100508	Alto Paraguai
BR.14.5100607	Alto Taquari
BR.14.5100805	Apiacás
BR.14.5101001	Araguaiana
BR.14.5101209	Araguainha
BR.14.5101258	Araputanga
BR.14.5101308	Arenápolis
BR.14.5101605	Barão de Melgaço
BR.14.5101704	Barra do Bugres
BR.14.5101803	Barra do Garças
BR.14.5101902	Brasnorte
BR.14.5102603	Campinápolis
BR.14.5102637	Campo Novo do Parecis
BR.14.5102678	Campo Verde
BR.14.5102686	Campos de Júlio
BR.14.5102694	CanaBrava do Norte
BR.14.5102702	Canarana
BR.14.5102850	Castanheira
BR.14.5103007	Chapada dos Guimarães
BR.14.5103056	Cláudia
BR.14.5103205	Colíder
BR.14.5103304	Comodoro
BR.14.5103353	Confresa
BR.14.5103379	Cotriguaçu
BR.14.5103403	Cuiabá
BR.14.5103452	Denise
BR.14.5103502	Diamantino
BR.14.5103601	Dom Aquino
BR.14.5103700	Feliz Natal
BR.14.5103809	Figueirópolis d'Oeste
BR.14.5103858	Gaúcha do Norte
BR.14.5103908	General Carneiro
BR.14.5103957	Glória d'Oeste
BR.14.5104203	Guiratinga
BR.14.5104500	Indiavaí
BR.14.5104609	Itiquira
BR.14.5104807	Jaciara
BR.14.5104906	Jangada
BR.14.5105002	Jauru
BR.14.5105101	Juara
BR.14.5105150	Juína
BR.14.5105176	Juruena
BR.14.5105200	Juscimeira
BR.14.5105507	Vila Bela da Santíssima Trindade
BR.14.5106000	Nortelândia
BR.14.5106109	Nossa Senhora do Livramento
BR.14.5106158	Nova Bandeirantes
BR.14.5106182	Nova Lacerda
BR.14.5106208	Nova Brasilândia
BR.14.5106216	Nova Canaã do Norte
BR.14.5106232	Nova Olímpia
BR.14.5106240	Nova Ubiratã
BR.14.5106257	Nova Xavantina
BR.14.5106273	Novo Horizonte do Norte
BR.14.5106299	Paranaíta
BR.14.5106307	Paranatinga
BR.14.5106372	Pedra Preta
BR.14.5106455	Planalto da Serra
BR.14.5106505	Poconé
BR.14.5106653	Pontal do Araguaia
BR.14.5106703	Ponte Branca
BR.14.5106778	Porto Alegre do Norte
BR.14.5106802	Porto dos Gaúchos
BR.14.5106828	Porto Esperidião
BR.14.5106851	Porto Estrela
BR.14.5107008	Poxoréu
BR.14.5107065	Querência
BR.14.5107107	São José dos Quatro Marcos
BR.14.5107156	Reserva do Cabaçal
BR.14.5107198	Ribeirãozinho
BR.14.5107206	Rio Branco
BR.14.5107248	Santa Carmem
BR.14.5107263	Santo Afonso
BR.14.5107305	São José do Rio Claro
BR.14.5107404	São Pedro da Cipa
BR.14.5107602	Rondonópolis
BR.14.5107701	Rosário Oeste
BR.14.5107750	Salto do Céu
BR.14.5107800	Santo Antônio do Leverger
BR.14.5107875	Sapezal
BR.14.5107909	Sinop
BR.14.5107941	Tabaporã
BR.14.5107958	Tangará da Serra
BR.14.5108006	Tapurah
BR.14.5108055	Terra Nova do Norte
BR.14.5108105	Tesouro
BR.14.5108204	Torixoréu
BR.14.5108303	União do Sul
BR.14.5108402	Várzea Grande
BR.14.5108501	Vera
BR.14.5108600	Vila Rica
BR.14.5108808	Nova Guarita
BR.14.5108956	Nova Monte Verde
BR.29.5200050	Abadia de Goiás
BR.29.5200100	Abadiânia
BR.29.5200134	Acreúna
BR.29.5200159	Adelândia
BR.29.5200209	Água Limpa
BR.29.5200258	Águas Lindas de Goiás
BR.29.5200308	Alexânia
BR.29.5200506	Aloândia
BR.29.5200555	Alto Horizonte
BR.29.5200803	Alvorada do Norte
BR.29.5200829	Amaralina
BR.29.5200852	Americano do Brasil
BR.29.5200902	Amorinópolis
BR.29.5201306	Anicuns
BR.29.5201405	Aparecida de Goiânia
BR.29.5201454	Aparecida do Rio Doce
BR.29.5201504	Aporé
BR.29.5201603	Araçu
BR.29.5201702	Aragarças
BR.29.5201801	Aragoiânia
BR.29.5202155	Araguapaz
BR.29.5202353	Arenópolis
BR.29.5202502	Aruanã
BR.29.5202809	Avelinópolis
BR.29.5203203	Barro Alto
BR.29.5203302	Bela Vista de Goiás
BR.29.5203401	Bom Jardim de Goiás
BR.29.5203500	Bom Jesus de Goiás
BR.29.5203559	Bonfinópolis
BR.29.5203575	Bonópolis
BR.29.5203609	Brazabrantes
BR.29.5203807	Britânia
BR.29.5203906	Buriti Alegre
BR.29.5203939	Buriti de Goiás
BR.29.5203962	Buritinópolis
BR.29.5204003	Cabeceiras
BR.29.5204102	Cachoeira Alta
BR.29.5204201	Cachoeira de Goiás
BR.29.5204250	Cachoeira Dourada
BR.29.5204300	Caçu
BR.29.5204409	Caiapônia
BR.29.5204508	Caldas Novas
BR.29.5204557	Caldazinha
BR.29.5204607	Campestre de Goiás
BR.29.5204656	Campinaçu
BR.29.5204706	Campinorte
BR.29.5204805	Campo Alegre de Goiás
BR.29.5204904	Campos Belos
BR.29.5204953	Campos Verdes
BR.29.5205000	Carmo do Rio Verde
BR.29.5205059	Castelândia
BR.29.5205109	Catalão
BR.29.5205208	Caturaí
BR.29.5205307	Cavalcante
BR.29.5205455	Cezarina
BR.29.5205497	Cidade Ocidental
BR.29.5205513	Cocalzinho de Goiás
BR.29.5205521	Colinas do Sul
BR.29.5205703	Córrego do Ouro
BR.29.5205802	Corumbá de Goiás
BR.29.5205901	Corumbaíba
BR.29.5206206	Cristalina
BR.29.5206305	Cristianópolis
BR.29.5206404	Crixás
BR.29.5206503	Cromínia
BR.29.5206602	Cumari
BR.29.5206701	Damianópolis
BR.29.5206800	Damolândia
BR.29.5206909	Davinópolis
BR.29.5207105	Diorama
BR.29.5207253	Doverlândia
BR.29.5207352	Edealina
BR.29.5207402	Edéia
BR.29.5207501	Estrela do Norte
BR.29.5207535	Faina
BR.29.5207600	Fazenda Nova
BR.29.5207808	Firminópolis
BR.29.5207907	Flores de Goiás
BR.29.5208004	Formosa
BR.29.5208103	Formoso
BR.29.5208400	Goianápolis
BR.29.5208509	Goiandira
BR.29.5208608	Goianésia
BR.29.5208707	Goiânia
BR.29.5208806	Goianira
BR.29.5208905	Goiás
BR.29.5209101	Goiatuba
BR.29.5209150	Gouvelândia
BR.29.5209200	Guapó
BR.29.5209291	Guaraíta
BR.29.5209408	Guarani de Goiás
BR.29.5209457	Guarinos
BR.29.5209606	Heitoraí
BR.29.5209705	Hidrolândia
BR.29.5209804	Hidrolina
BR.29.5209903	Iaciara
BR.29.5209937	Inaciolândia
BR.29.5209952	Indiara
BR.29.5210000	Inhumas
BR.29.5210109	Ipameri
BR.29.5210208	Iporá
BR.29.5210307	Israelândia
BR.29.5210406	Itaberaí
BR.29.5210562	Itaguari
BR.29.5210604	Itaguaru
BR.29.5210901	Itapaci
BR.29.5211008	Itapirapuã
BR.29.5211206	Itapuranga
BR.29.5211305	Itarumã
BR.29.5211404	Itauçu
BR.29.5211503	Itumbiara
BR.29.5211602	Ivolândia
BR.29.5211701	Jandaia
BR.29.5211800	Jaraguá
BR.29.5211909	Jataí
BR.29.5212006	Jaupaci
BR.29.5212055	Jesúpolis
BR.29.5212105	Joviânia
BR.29.5212204	Jussara
BR.29.5212303	Leopoldo de Bulhões
BR.29.5212501	Luziânia
BR.29.5212600	Mairipotaba
BR.29.5212709	Mambaí
BR.29.5212808	Mara Rosa
BR.29.5212907	Marzagão
BR.29.5212956	Matrinchã
BR.29.5213004	Maurilândia
BR.29.5213087	Minaçu
BR.29.5213103	Mineiros
BR.29.5213400	Moiporá
BR.29.5213509	Monte Alegre de Goiás
BR.29.5213707	Montes Claros de Goiás
BR.29.5213756	Montividiu
BR.29.5213772	Montividiu do Norte
BR.29.5213806	Morrinhos
BR.29.5213855	Morro Agudo de Goiás
BR.29.5213905	Mossâmedes
BR.29.5214002	Mozarlândia
BR.29.5214051	Mundo Novo
BR.29.5214101	Mutunópolis
BR.29.5214408	Nazário
BR.29.5214507	Nerópolis
BR.29.5214606	Niquelândia
BR.29.5214705	Nova América
BR.29.5214804	Nova Aurora
BR.29.5214838	Nova Crixás
BR.29.5214861	Nova Glória
BR.29.5214879	Nova Iguaçu de Goiás
BR.29.5214903	Nova Roma
BR.29.5215009	Nova Veneza
BR.29.5215207	Novo Brazil
BR.29.5215231	Novo Gama
BR.29.5215256	Novo Planalto
BR.29.5215306	Orizona
BR.29.5215405	Ouro Verde de Goiás
BR.29.5215504	Ouvidor
BR.29.5215603	Padre Bernardo
BR.29.5215652	Palestina de Goiás
BR.29.5215702	Palmeiras de Goiás
BR.29.5215801	Palmelo
BR.29.5215900	Palminópolis
BR.29.5216007	Panamá
BR.29.5216304	Paranaiguara
BR.29.5216403	Paraúna
BR.29.5216452	Perolândia
BR.29.5216809	Petrolina de Goiás
BR.29.5216908	Pilar de Goiás
BR.29.5217104	Piracanjuba
BR.29.5217302	Pirenópolis
BR.29.5217401	Pires do Rio
BR.29.5217609	Planaltina
BR.29.5217708	Pontalina
BR.29.5218003	Porangatu
BR.29.5218052	Porteirão
BR.29.5218102	Portelândia
BR.29.5218300	Posse
BR.29.5218391	Professor Jamil
BR.29.5218508	Quirinópolis
BR.29.5218607	Rialma
BR.29.5218706	Rianápolis
BR.29.5218789	Rio Quente
BR.29.5218805	Rio Verde
BR.29.5218904	Rubiataba
BR.29.5219001	Sanclerlândia
BR.29.5219209	Santa Cruz de Goiás
BR.29.5219258	Santa Fé de Goiás
BR.29.5219308	Santa Helena de Goiás
BR.29.5219357	Santa Isabel
BR.29.5219407	Santa Rita do Araguaia
BR.29.5219456	Santa Rita do Novo Destino
BR.29.5219506	Santa Rosa de Goiás
BR.29.5219605	Santa Tereza de Goiás
BR.29.5219704	Santa Terezinha de Goiás
BR.29.5219712	Santo Antônio da Barra
BR.29.5219738	Santo Antônio de Goiás
BR.29.5220009	São João d'Aliança
BR.29.5220058	São João da Paraúna
BR.29.5220108	São Luís de Montes Belos
BR.29.5220157	São Luiz do Norte
BR.29.5220207	São Miguel do Araguaia
BR.29.5220264	São Miguel do Passa Quatro
BR.29.5220280	São Patrício
BR.29.5220405	São Simão
BR.29.5220702	Sítio d'Abadia
BR.29.5221007	Taquaral de Goiás
BR.29.5221080	Teresina de Goiás
BR.29.5221197	Terezópolis de Goiás
BR.29.5221304	Três Ranchos
BR.29.5221403	Trindade
BR.29.5221452	Trombas
BR.29.5221502	Turvânia
BR.29.5221551	Turvelândia
BR.29.5221577	Uirapuru
BR.29.5221601	Uruaçu
BR.29.5221700	Uruana
BR.29.5221809	Urutaí
BR.29.5221858	Valparaíso de Goiás
BR.29.5221908	Varjão
BR.29.5222005	Vianópolis
BR.29.5222054	Vicentinópolis
BR.29.5222203	Vila Boa
BR.29.5222302	Vila Propício
BR.23.4313466	Novo Xingu
BR.23.4305801	Constantina
BR.23.4301701	Barão de Cotegipe
BR.23.4301073	Arroio do Padre
BR.23.4301602	Bagé
BR.23.4314175	Pedras Altas
BR.23.4314506	Pinheiro Machado
BR.23.4301503	Augusto Pestana
BR.23.4310207	Ijuí
BR.23.4302220	Boa Vista do Cadeado
BR.23.4302584	Bozano
BR.23.4306106	Cruz Alta
BR.23.4308458	Fortaleza dos Valos
BR.23.4302238	Boa Vista do Incra
BR.23.4316451	Salto do Jacuí
BR.23.4310876	Jacuizinho
BR.23.4307500	Espumoso
BR.23.4323200	Victor Graeff
BR.23.4321469	Tio Hugo
BR.23.4309951	Ibirapuitã
BR.23.4307054	Ernestina
BR.23.4300059	Água Santa
BR.23.4320909	Tapejara
BR.23.4304952	Caseiros
BR.23.4316733	Santa Cecília do Sul
BR.23.4309803	Ibiaçá
BR.23.4307401	Esmeralda
BR.23.4314464	Pinhal da Serra
BR.14.5107578	Rondolândia
BR.14.5101407	Aripuanã
BR.14.5103254	Colniza
BR.14.5106752	Pontes e Lacerda
BR.14.5108352	Vale de São Domingos
BR.14.5103361	Conquista D'oeste
BR.14.5107792	Santo Antônio do Leste
BR.14.5106281	Novo São Joaquim
BR.14.5107743	Santa Cruz do Xingu
BR.05.2919553	Luís Eduardo Magalhães
BR.08.3201506	Colatina
BR.08.3202256	Governador Lindenberg
BR.29.5210158	Ipiranga de Goiás
BR.29.5205406	Ceres
BR.29.5210802	Itajá
BR.29.5212253	Lagoa Santa
BR.29.5201108	Anápolis
BR.29.5220603	Silvânia
BR.29.5204854	Campo Limpo de Goiás
BR.02.2708600	São Miguel dos Campos
BR.14.5105903	Nobres
BR.14.5107768	Santa Rita do Trivelato
BR.14.5105580	Marcelândia
BR.14.5106190	Nova Santa Helena
BR.14.5104559	Itaúba
BR.22.2414704	Várzea
BR.22.2406155	Jundiá
BR.22.2403509	Espírito Santo
BR.15.3109204	Buenópolis
BR.23.4318309	São Gabriel
BR.24.1100114	Jaru
BR.24.1101005	Governador Jorge Teixeira
BR.24.1101302	Mirante da Serra
BR.01.1200302	Feijó
BR.01.1200344	Manoel Urbano
BR.01.1200435	Santa Rosa do Purus
BR.01.1200500	Sena Madureira
BR.04.1301209	Coari
BR.25.1400209	Caracaraí
BR.25.1400472	Rorainópolis
BR.16.1500503	Almeirim
BR.16.1500602	Altamira
BR.03.1600055	Serra do Navio
BR.03.1600154	Pedra Branca do Amapari
BR.03.1600238	Ferreira Gomes
BR.03.1600535	Porto Grande
BR.03.1600279	Laranjal do Jari
BR.31.1713601	Monte do Carmo
BR.31.1714203	Natividade
BR.31.1720499	São Valério
BR.13.2111631	São Raimundo do Doca Bezerra
BR.13.2111672	São Roberto
BR.20.2203909	Floriano
BR.22.2401909	Caiçara do Rio do Vento
BR.17.2506509	Gurjão
BR.02.2708303	São José da Laje
BR.05.2903003	Barra do Mendes
BR.05.2930808	Souto Soares
BR.15.3104809	Augusto de Lima
BR.15.3121605	Diamantina
BR.08.3204500	Santa Leopoldina
BR.08.3204559	Santa Maria de Jetibá
BR.21.3301207	Carmo
BR.21.3301603	Duas Barras
BR.27.3503406	Arealva
BR.27.3519105	Iacanga
BR.27.3521200	Iporanga
BR.18.4117305	Ortigueira
BR.18.4127106	Telêmaco Borba
BR.26.4214508	Rio do Campo
BR.26.4215307	Salete
BR.26.4217808	Taió
BR.23.4316907	Santa Maria
BR.11.5007901	Sidrolândia
BR.14.5104104	Guarantã do Norte
BR.14.5105259	Lucas do Rio Verde
BR.14.5105606	Matupá
BR.14.5106224	Nova Mutum
BR.14.5106422	Peixoto de Azevedo
BR.14.5107925	Sorriso
BR.07.5300108	Brasília
BR.20.2209872	São João da Fronteira
BR.05.2911402	Glória
BR.17.2512200	Prata
BR.17.2513984	São Francisco
BR.30.2605608	Flores
BR.30.2610707	Paulista
BR.30.2613206	São João
BR.05.2925501	Prado
BR.15.3127602	Gouveia
BR.15.3131208	Ipanema
BR.15.3139003	Machado
BR.15.3152808	Prata
BR.15.3161106	São Francisco
BR.08.3200201	Alegre
BR.27.3505104	Barbosa
BR.27.3544806	Sales
BR.27.3549003	São Francisco
BR.22.2413003	São Vicente
BR.15.3161205	São Francisco de Paula
BR.20.2200202	Água Branca
BR.22.2412708	São Pedro
BR.17.2500106	Água Branca
BR.17.2515930	Sertãozinho
BR.30.2601052	Araçoiaba
BR.18.4119301	Pinhão
BR.23.4310405	Independência
BR.25.1400050	Alto Alegre
BR.18.4110052	Iguatu
BR.25.1400282	Iracema
BR.31.1709807	Ipueiras
BR.20.2201507	Batalha
BR.17.2500734	Amparo
BR.17.2511004	Pedra Branca
BR.17.2516102	Soledade
BR.30.2604304	Cedro
BR.28.2804904	Pacatuba
BR.05.2921302	Milagres
BR.15.3112000	Candeias
BR.26.4201901	Aurora
BR.23.4300554	Alto Alegre
BR.11.5005004	Jardim
BR.29.5217203	Piranhas
BR.06.2304707	Granja
BR.30.2607653	Itambé
BR.30.2614006	Serrita
BR.02.2703403	Jacaré dos Homens
BR.02.2705804	Olho d'Água do Casado
BR.06.2305209	Hidrolândia
BR.06.2309458	Ocara
BR.02.2700904	Belo Monte
BR.02.2703106	Igaci
BR.24.1100338	Nova Mamoré
BR.04.1300904	Canutama
BR.04.1304104	Tapauá
BR.16.1501006	Aveiro
BR.16.1503408	Inhangapi
BR.16.1508308	Viseu
BR.31.1711902	Lagoa da Confusão
BR.31.1718402	Presidente Kennedy
BR.31.1721307	Tupiratins
BR.20.2201101	Avelino Lopes
BR.20.2206654	Morro Cabeça no Tempo
BR.06.2301109	Aracati
BR.06.2301257	Ararendá
BR.06.2301851	Banabuiú
BR.06.2304236	Croatá
BR.06.2304277	Ererê
BR.06.2304350	Forquilha
BR.06.2304657	Graça
BR.06.2306108	Irauçuba
BR.06.2306256	Itaitinga
BR.06.2306504	Itapiúna
BR.06.2306801	Jaguaribara
BR.06.2307635	Madalena
BR.06.2308351	Milhã
BR.06.2309201	Nova Olinda
BR.06.2310001	Palhano
BR.06.2311231	Potiretama
BR.06.2312809	Senador Sá
BR.06.2313104	Tabuleiro do Norte
BR.06.2313955	Varjota
BR.17.2511301	Piancó
BR.30.2605509	Ferreiros
BR.02.2701209	Cacimbinhas
BR.02.2702355	Craíbas
BR.02.2702553	Estrela de Alagoas
BR.02.2702900	Girau do Ponciano
BR.02.2704807	Maribondo
BR.02.2707206	Poço das Trincheiras
BR.02.2708402	São José da Tapera
BR.28.2802205	Feira Nova
BR.28.2802601	Gracho Cardoso
BR.28.2803401	Japoatã
BR.28.2805000	Pedra Mole
BR.28.2806800	São Domingos
BR.28.2807006	São Miguel do Aleixo
BR.05.2902203	Aramari
BR.05.2907707	Chorrochó
BR.05.2916500	Itapicuru
BR.05.2919900	Macururé
BR.05.2924009	Paulo Afonso
BR.05.2927002	Rio Real
BR.05.2927101	Rodelas
BR.15.3106101	Belmiro Braga
BR.15.3143401	Monte Sião
BR.21.3301108	Cantagalo
BR.27.3502408	Anhumas
BR.27.3509502	Campinas
BR.27.3512506	Coroados
BR.27.3512704	Corumbataí
BR.27.3512902	Cosmorama
BR.27.3516200	Franca
BR.27.3516705	Garça
BR.27.3522604	Itapira
BR.27.3525102	Jardinópolis
BR.27.3525201	Jarinu
BR.27.3527405	Lucélia
BR.27.3530706	Mogi Guaçu
BR.27.3533403	Nova Odessa
BR.27.3536570	Paulistânia
BR.27.3537107	Pedreira
BR.27.3537305	Penápolis
BR.27.3538709	Piracicaba
BR.27.3539202	Pirapozinho
BR.27.3539400	Piratininga
BR.27.3540309	Pontes Gestal
BR.27.3541000	Praia Grande
BR.27.3541208	Presidente Bernardes
BR.27.3541406	Presidente Prudente
BR.27.3544202	Riolândia
BR.27.3546207	Santa Cruz da Conceição
BR.27.3548708	São Bernardo do Campo
BR.27.3549102	São João da Boa Vista
BR.27.3550308	São Paulo
BR.27.3556602	Vera Cruz
BR.27.3557105	Votuporanga
BR.26.4218004	Tijucas
BR.23.4301305	Arroio Grande
BR.23.4304507	Canguçu
BR.23.4304804	Carlos Barbosa
BR.23.4313409	Novo Hamburgo
BR.14.5102793	Carlinda
BR.14.5106265	Novo Mundo
BR.14.5107776	Santa Terezinha
BR.23.4300471	Almirante Tamandaré do Sul
BR.23.4304622	Capão Bonito do Sul
BR.28.2806909	São Francisco
BR.06.2300309	Acopiara
BR.14.5104526	Ipiranga do Norte
BR.14.5104542	Itanhangá
BR.30.2602704	Buenos Aires
BR.20.2200954	Aroeiras do Itaim
BR.20.2206720	Nazária
BR.16.1504752	Mojuí Dos Campos
BR.23.4314548	Pinto Bandeira
BR.26.4220000	Balneário Rincão
BR.26.4212650	Pescaria Brava
BR.11.5006275	Paraíso das Águas
BW.09.7670702	Gaborone
BW.05.7670705	Kgatleng
BW.01.7670709	Serowe
BW.10.11819289	Ngwaketse Central
BW.04.11819290	Hukunsti
BW.01.11819291	Bobonong
BW.10.11819292	Ngwaketse South
BW.11.11819296	Ngamiland West
BW.10.11819297	Ngwaketse North
BW.08.11819299	Masungu
BY.02.618814	Zhitkovichskiy Rayon
BY.01.618911	Žabinkaŭski rajon
BY.07.620539	Ushachskiy Rayon
BY.05.621728	Smolevichskiy Rayon
BY.06.624891	Mstislavskiy Rayon
BY.06.625072	Mahilyowski Rayon
BY.05.625140	Minskiy Rayon
BY.05.625971	Logoyskiy Rayon
BY.07.626065	Lioznenskiy Rayon
BY.05.626463	Krupskiy Rayon
BY.02.628280	Gomel’skiy Rayon
BY.05.628641	Dzerzhinskiy Rayon
BY.07.629398	Chashnikskiy Rayon
BY.01.629630	Brestskiy Rayon
BY.05.629799	Borisovskiy Rayon
BZ.05.9252696	Dangriga
CA.10.08	Abitibi-Témiscamingue
CA.04.1306	Albert County
CA.08.3557	Algoma
CA.07.1205	Annapolis County
CA.07.1214	Antigonish County
CA.08.3529	Brant
CA.08.3541	Bruce County
CA.07.1217	Cape Breton County
CA.02.5917	Capital Regional District
CA.02.5941	Cariboo Regional District
CA.04.1311	Carleton County
CA.02.5945	Central Coast Regional District
CA.04.1302	Charlotte County
CA.08.3536	Chatham-Kent
CA.08.3556	Cochrane District
CA.07.1210	Colchester
CA.02.5939	Columbia-Shuswap Regional District
CA.03.5928075	Cornwallis
CA.10.09	Côte-Nord
CA.01.4819006	County of Grande Prairie No. 1
CA.01.4802011	County of Lethbridge No. 26
CA.01.4802001	County of Warner No. 5
CA.02.5919	Cowichan Valley Regional District
CA.07.1211	Cumberland County
CA.01.4801003	Cypress County
CA.07.1203	Digby County
CA.08.3522	Dufferin County
CA.08.3518	Durham
CA.11.4706029	Edenwold No. 158
CA.08.3534	Elgin County
CA.08.3537	Essex County
CA.10.05	Estrie
CA.01.4807031	Flagstaff County
CA.02.5909	Fraser Valley Regional District
CA.08.3510	Frontenac County
CA.03.5961416	Gimli
CA.11.4703068	Gravelbourg No. 104
CA.02.5915	Metro Vancouver Regional District
CA.08.3542	Grey County
CA.08.3528	Haldimand County
CA.08.3546	Haliburton County
CA.07.1209	Halifax Regional Municipality
CA.08.3524	Halton
CA.08.3525	Hamilton
CA.03.5970302	Hanover
CA.07.1208	Hants
CA.08.3512	Hastings County
CA.03.5972962	Headingley
CA.08.3540	Huron County
CA.07.1215	Inverness County
CA.01.4815033	Jasper
CA.08.3516	Kawartha Lakes
CA.08.3560	Kenora District
CA.04.1308	Kent County
CA.09.1101	Kings County
CA.07.1207	Kings County
CA.04.1305	Kings County
CA.03.5994865	La Broquerie
CA.08.3538	Lambton County
CA.08.3509	Lanark County
CA.10.14	Lanaudière
CA.10.15	Laurentides
CA.10.13	Laval
CA.01.4811012	Leduc County
CA.08.3511	Lennox and Addington County
CA.07.1206	Lunenburg County
CA.08.3551	Manitoulin District
CA.10.04	Mauricie
CA.08.3539	Middlesex County
CA.10.16	Montérégie
CA.10.06	Montréal
CA.01.4806001	Municipal District of Foothills No. 31
CA.01.4817031	Municipal District of Opportunity No. 17
CA.08.3544	District Municipality of Muskoka
CA.08.3526	Regional Municipality of Niagara
CA.08.3548	Nipissing District
CA.04.1309	Northumberland County
CA.08.3514	Northumberland County
CA.10.07	Outaouais
CA.08.3532	Oxford County
CA.08.3549	Parry Sound District
CA.02.5955	Peace River Regional District
CA.08.3521	Peel
CA.08.3531	Perth County
CA.08.3515	Peterborough County
CA.07.1212	Pictou County
CA.02.5927	Powell River Regional District
CA.11.4709062	Preeceville No. 334
CA.09.1103	Prince County
CA.08.3513	Prince Edward County
CA.09.1102	Queens County
CA.07.1204	Queens County
CA.04.1304	Queens County
CA.08.3559	Rainy River District
CA.01.4808001	Red Deer County
CA.02.5923	Regional District of Alberni-Clayoquot
CA.02.5951	Regional District of Bulkley-Nechako
CA.02.5903	Regional District of Central Kootenay
CA.02.5935	Regional District of Central Okanagan
CA.02.5901	Regional District of East Kootenay
CA.02.5953	Regional District of Fraser-Fort George
CA.02.5949	Regional District of Kitimat-Stikine
CA.02.5905	Regional District of Kootenay-Boundary
CA.02.5943	Regional District of Mount Waddington
CA.02.5921	Regional District of Nanaimo
CA.02.5937	Regional District of North Okanagan
CA.02.5907	Regional District of Okanagan-Similkameen
CA.08.3547	Renfrew County
CA.07.1216	Richmond County
CA.03.6122576	Ritchot
CA.10.02	Saguenay/Lac-Saint-Jean
CA.04.1301	Saint John County
CA.07.1201	Shelburne County
CA.08.3543	Simcoe County
CA.02.5947	North Coast Regional District
CA.01.4817095	Mackenzie County
CA.02.5931	Squamish-Lillooet Regional District
CA.01.4811052	Strathcona County
CA.08.3552	Sudbury
CA.08.3553	Greater Sudbury
CA.04.1303	Sunbury County
CA.02.5929	Sunshine Coast Regional District
CA.03.6160992	Taché
CA.02.5933	Thompson-Nicola Regional District
CA.08.3558	Thunder Bay District
CA.08.3554	Timiskaming District
CA.03.6170648	Killarney-Turtle Mountain
CA.05.1008035	Twillingate
CA.08.3507	United Counties of Leeds and Grenville
CA.08.3502	Comtés unis de Prescott et Russell
CA.08.3501	United Counties of Stormont, Dundas and Glengarry
CA.07.1218	Victoria County
CA.01.4805001	Vulcan County
CA.08.3530	Regional Municipality of Waterloo
CA.08.3523	Wellington County
CA.04.1307	Westmorland County
CA.03.6179507	West St. Paul
CA.01.4816037	Wood Buffalo
CA.07.1202	Yarmouth County
CA.04.1310	York County
CA.08.3519	York
CA.10.01	Bas-Saint-Laurent
CA.10.03	Capitale-Nationale
CA.10.10	Nord-du-Québec
CA.10.11	Gaspésie-Îles-de-la-Madeleine
CA.10.12	Chaudière-Appalaches
CA.04.1314	Restigouche
CA.08.3520	Toronto county
CA.10.17	Centre-du-Québec
CA.08.3506	Ottawa
CA.02.5926	Comox Valley Regional District
CA.02.5959	Northern Rockies Regional Municipality
CA.02.5924	Strathcona Regional District
CA.04.1315	Gloucester County
CA.04.1313	Madawaska County
CA.04.1312	Victoria County
CA.01.4812037	Lac la Biche County
CA.01.4815007	Crowsnest Pass
CA.01.4806016	Calgary
CA.01.4811061	Edmonton
CA.01.4801006	Medicine Hat
CA.01.4802012	Lethbridge
CA.01.4811062	St. Albert
CA.01.4813031	Westlock
CA.01.4814024	Edson
CA.01.4806021	Airdrie
CA.01.4802019	Coaldale
CA.01.4806022	Irricana
CA.01.4806026	Crossfield
CA.01.4812016	Elk Point
CA.01.4810039	Lloydminster
CA.01.4810011	Camrose
CA.01.4808031	Lacombe
CA.01.4811016	Leduc
CA.01.4811049	Spruce Grove
CA.01.4802034	Brooks
CA.01.4806034	Olds
CA.01.4812018	St. Paul
CA.01.4810022	Viking
CA.01.4811056	Fort Saskatchewan
CA.01.4819012	Grande Prairie
CA.01.4802029	Vauxhall
CA.01.4808011	Red Deer
CA.01.4811011	Millet
CA.01.4806017	Chestermere
CA.01.4811002	Wetaskiwin
CA.01.4811013	Beaumont
CA.01.4812002	Cold Lake
CA.01.4813002	Mayerthorpe
CA.01.4817024	Swan Hills
CA.01.4805048	Three Hills
CA.01.4810028	Vegreville
CA.01.4811066	Bon Accord
CA.01.4810052	Two Hills
CA.01.4819046	Falher
CA.01.4815023	Canmore
CA.01.4811048	Stony Plain
CA.01.4803026	Nanton
CA.01.4808012	Sylvan Lake
CA.01.4808024	Eckville
CA.01.4808026	Bentley
CA.01.4808029	Blackfalds
CA.01.4814019	Hinton
CA.01.4806032	Didsbury
CA.01.4803019	Fort Macleod
CA.01.4803022	Claresholm
CA.01.4806029	Carstairs
CA.01.4811064	Gibbons
CA.01.4807026	Stettler
CA.01.4801014	Bow Island
CA.01.4805018	Strathmore
CA.01.4813019	Barrhead
CA.01.4801018	Redcliff
CA.01.4802013	Coalhurst
CA.01.4810018	Tofield
CA.01.4819009	Beaverlodge
CA.01.4806019	Cochrane
CA.01.4807002	Provost
CA.01.4819011	Wembley
CA.01.4805026	Drumheller
CA.01.4812029	Smoky Lake
CA.01.4811018	Devon
CA.01.4811031	Drayton Valley
CA.01.4810042	Vermilion
CA.01.4808044	Rimbey
CA.01.4813030	Whitecourt
CA.01.4818018	Valleyview
CA.01.4810064	Lamont
CA.01.4802022	Taber
CA.01.4808039	Ponoka
CA.01.4811068	Morinville
CA.01.4817021	High Prairie
CA.01.4815035	Banff
CA.01.4818002	Fox Creek
CA.01.4818005	Grande Cache
CA.01.4813048	Athabasca
CA.01.4817029	Slave Lake
CA.01.4817078	Manning
CA.01.4817093	High Level
CA.01.4819014	Sexsmith
CA.01.4819068	Fairview
CA.01.4819074	Grimshaw
CA.01.4808006	Bowden
CA.01.4804011	Hanna
CA.01.4806036	Sundre
CA.01.4819038	Peace River
CA.01.4819058	Spirit River
CA.01.4808008	Innisfail
CA.01.4808009	Penhold
CA.01.4806006	High River
CA.01.4812009	Bonnyville
CA.01.4803004	Cardston
CA.01.4803014	Pincher Creek
CA.01.4802039	Bassano
CA.01.4803002	Magrath
CA.01.4806009	Turner Valley
CA.01.4806011	Black Diamond
CA.01.4806012	Okotoks
CA.01.4809015	Rocky Mountain House
CA.01.4807054	Wainwright
CA.13.11995136	Inuvik Region
CA.13.11995137	North Slave Region
CA.13.11995138	Sahtu Region
CA.13.11995139	South Slave Region
CA.13.11995140	Dehcho Region
CA.11.4709032	Canora
CA.11.4706039	Indian Head
CA.11.4710038	Foam Lake
CA.11.4716047	Shellbrook
CA.11.4711067	Langham
CA.11.4712056	Delisle
CA.11.4711073	Dalmeny
CA.11.4706056	Lumsden
CA.11.4706058	Regina Beach
CA.11.4703036	Assiniboia
CA.11.4701014	Oxbow
CA.11.4715028	Waldheim
CA.11.4701056	Carlyle
CA.11.4715032	Rosthern
CA.11.4714076	Nipawin
CA.11.4704036	Shaunavon
CA.11.4710047	Wynyard
CA.11.4711049	Lanigan
CA.11.4704048	Maple Creek
CA.11.4705004	Moosomin
CA.11.4705048	Langenburg
CA.11.4705052	Esterhazy
CA.11.4706030	White City
CA.11.4706031	Pilot Butte
CA.11.4706051	Fort Qu'Appelle
CA.11.4709039	Kamsack
CA.11.4710068	Wadena
CA.11.4711053	Watrous
CA.11.4711014	Davidson
CA.11.4713008	Kindersley
CA.11.4711027	Outlook
CA.11.4712006	Rosetown
CA.11.4713051	Macklin
CA.11.4712046	Biggar
CA.11.4712079	Battleford
CA.11.4713042	Kerrobert
CA.11.4714004	Hudson Bay
CA.11.4713069	Wilkie
CA.11.4713074	Unity
CA.11.4714044	Tisdale
CA.11.4718051	Creighton
CA.11.4715066	Prince Albert
CA.11.4702047	Weyburn
CA.11.4711068	Warman
CA.11.4711070	Martensville
CA.11.4715008	Humboldt
CA.11.4701024	Estevan
CA.11.4705074	Melville
CA.11.4706027	Regina
CA.11.4707039	Moose Jaw
CA.11.4708004	Swift Current
CA.11.4709012	Yorkton
CA.11.4711066	Saskatoon
CA.11.4714051	Melfort
CA.11.4716029	North Battleford
CA.11.4717052	Meadow Lake
CA.11.4718070	Buffalo Narrows
CA.12.6001003	Watson Lake
CA.12.6001009	Whitehorse
CA.12.6001029	Dawson
CA.05.1002024	Marystown
CA.05.1001409	Bay Roberts
CA.05.1001557	Bay Bulls
CA.05.1001559	Witless Bay
CA.05.1002005	Burin
CA.05.1002008	St. Lawrence
CA.05.1001365	Victoria
CA.05.1001511	Logy Bay-Middle Cove-Outer Cove
CA.05.1001379	Harbour Grace
CA.05.1001469	Harbour Main-Chapel's Cove-Lakeview
CA.05.1001472	Holyrood
CA.05.1001485	Conception Bay South
CA.05.1001519	St. John's
CA.05.1002018	Fortune
CA.05.1008044	Lewisporte
CA.05.1003034	Channel-Port aux Basques
CA.05.1004013	St. George's
CA.05.1005004	Deer Lake
CA.05.1005018	Corner Brook
CA.05.1007022	Trinity Bay North
CA.05.1007044	Glovertown
CA.05.1007047	Gambo
CA.05.1007050	Centreville-Wareham-Trinity
CA.05.1007060	New-Wes-Valley
CA.05.1008079	Baie Verte
CA.05.1009029	St. Anthony
CA.05.1010025	Happy Valley-Goose Bay
CA.05.1011035	Nain
CA.05.1001494	Wabana
CA.05.1001504	Portugal Cove-St. Philip's
CA.05.1001505	Pouch Cove
CA.05.1001507	Flatrock
CA.05.1004018	Stephenville Crossing
CA.05.1004019	Stephenville
CA.05.1005020	Humber Arm South
CA.05.1008099	Fogo Island
CA.05.1001298	Whitbourne
CA.05.1001370	Carbonear
CA.05.1001385	Upper Island Cove
CA.05.1001396	Spaniard's Bay
CA.05.1001429	Clarke's Beach
CA.05.1001542	Mount Pearl
CA.05.1001509	Torbay
CA.05.1001517	Paradise
CA.05.1002019	Grand Bank
CA.05.1003019	St. Alban's
CA.05.1004020	Kippens
CA.05.1005012	Pasadena
CA.05.1005017	Massey Drive
CA.05.1005030	Irishtown-Summerside
CA.05.1006009	Gander
CA.05.1006017	Grand Falls-Windsor
CA.05.1006019	Bishop's Falls
CA.05.1006022	Botwood
CA.05.1007013	Clarenville
CA.05.1010032	Labrador City
CA.05.1010034	Wabush
CD.04.01	Mbuji-Mayi City
CD.11.05	Lubero
CD.30.01	Ville de Kisangani
CD.21.02	Kabinda
CD.11.01	Goma
CD.11.09	Beni
CD.28.06	Ville de Zongo
CD.08.02	Boma (city)
CD.22.01	Kolwezi
CD.11.10	Butembo
CD.11.07	Oicha
CD.23.01	Kananga City
CD.18.01	Tshikapa City
CD.14.01	Lubumbashi (city)
CD.29.02	Kalemie Ville
CD.14.02	Kipushi Ville
CD.29.09	Kongolo Ville
CD.14.05	Kambove Ville
CD.14.06	Likasi
CD.12.01	Bukavu
CD.12.02	Kabare
CD.11.03	Masisi Territory
CD.11.11	Rutshuru Territory
CD.29.06	Manono
CD.15.05	Malemba-Nkulu
CD.02.07	Basankusu
CD.26.05	Businga
CD.08.13	Mbanza-Ngungu
CD.08.11	Songololo
CD.08.12	Bangu
CD.30.11	Bafwasende
CD.31.02	Boende
CD.23.06	Demba
CD.20.09	Dibaya-Lubwe
CD.13.06	Bondo
CD.25.05	Bongandanga
CD.26.06	Bosobolo
CD.15.06	Bukama
CD.20.04	Bulungu
CD.25.04	Bumba
CD.28.02	Gemena
CD.20.06	Idiofa
CD.21.04	Luilu
CD.18.05	Ilebo
CD.16.01	Isiro
CD.29.07	Kabalo
CD.04.07	Kabeya-Kamwanga
CD.15.02	Kamina
CD.15.03	Kaniama
CD.08.15	Kasangulu
CD.10.11	Kasongo
CD.19.07	Kasongo-Lunda
CD.16.11	Wamba
CD.21.06	Ngandajika
CD.06.00	Kinshasa
CD.30.09	Basoko
CD.17.05	Djugu
CD.16.05	Dungu
CD.10.07	Pangi
CD.24.06	Kutu
CD.28.05	Libenge
CD.25.02	Lisala
CD.08.01	Matadi
CD.20.01	Bandundu
CD.21.08	Lubao
CD.22.03	Lubudi
CD.18.04	Luebo
CD.27.02	Lusambo
CD.08.03	Moanda
CD.29.04	Moba
CD.24.11	Mushie
CD.22.02	Mutshatsha
CD.18.07	Mweka
CD.13.02	Buta
CD.22.05	Dilolo
CD.13.04	Aketi
CD.02.01	Mbandaka
CD.20.12	Masi-Manimba
CD.29.10	Nyunzu
CD.10.01	Kindu
CD.24.02	Inongo
CD.14.09	Pweto
CD.14.04	Sakania
CD.22.06	Sandoa
CD.24.05	Nioki
CD.12.08	Uvira
CD.17.01	Bunia
CD.21.03	Mwene-Ditu
CD.26.01	Gbadolite
CD.17.09	Aru
CD.20.03	Kikwit
CD.16.09	Watsa
CD.24.08	Bolobo
CD.30.05	Isangi
CD.27.03	Lodja
CD.02.03	Lukolela
CD.04.05	Miabi
CD.08.07	Tshela
CF.19.2387494	Carnot
CF.09.2390511	Baboua Sub-Prefecture
CF.08.7731888	Ouango
CF.08.7731889	Gambo
CF.02.7731890	Kembe
CF.02.7731891	Mobaye
CF.11.7731893	Kouango
CF.17.7731895	Damara
CF.17.7731896	Bimbo Sub-Prefecture
CF.18.7731897	Bangui Sub-Prefecture
CF.07.7731898	Mongoumba
CF.16.7731904	Nola
CF.16.7731905	Bayanga
CF.11.7732062	Bambari
CF.08.7732064	Bangassou
CF.11.7732067	Ippy
CF.07.7732068	Mbaiki
CF.09.7732085	Bouar Sub-Prefecture
CF.09.7732103	Baoro Sub-Prefecture
CF.12.7732115	Bossangoa
CF.17.7732372	Yaloke Sub-Prefecture
CF.11.7732377	Grimari
CF.06.7732483	Sibut
CF.04.7732685	Berberati
CF.17.7732723	Bossembele Sub-Prefecture
CF.04.7732916	Gamboula
CF.17.8299285	Boali Sub-Prefecture
CF.13.8299286	Bozoum Sub-Prefecture
CF.14.9143458	Birao
CF.01.9143459	Bamingui
CF.01.9143460	Ndélé
CF.05.9143463	Obo
CF.05.9143464	Zémio
CF.03.9143465	Bria
CF.03.9143466	Ouadda
CF.07.9143467	Boda
CF.15.9143469	Kaga-Bandoro
CF.15.9143470	Mbrès
CF.20.9143472	Batangafo
CF.20.9143477	Bouca
CF.20.9143478	Kabo
CF.12.9143480	Nana-Bakassa
CF.09.9143482	Abba
CF.13.9143483	Bossemtélé
CF.06.9143484	Dékoa
CF.13.9143491	Bocaranga
CF.21.9143494	Paoua
CF.14.9143495	Ouanda-Djallé
CG.10.7731853	Ouesso
CG.13.11996205	Ntokou
CG.04.11996206	Hinda
CH.TI.2108	Vallemaggia District
CH.SO.1110	Bezirk Thierstein
CH.SG.1725	Wahlkreis Sarganserland
CH.VS.2309	Raron District
CH.ZH.107	Bezirk Meilen
CH.VS.2307	Martigny District
CH.FR.1002	Glâne District
CH.ZH.102	Bezirk Andelfingen
CH.SO.1101	Bezirk Gäu
CH.AI.1600	Appenzell Inner Rhodes
CH.JU.2601	Delémont District
CH.VS.2312	Sion District
CH.AG.1910	Bezirk Zofingen
CH.GL.800	Glarus
CH.BL.1305	Bezirk Waldenburg
CH.TI.2104	Locarno District
CH.ZH.109	Bezirk Uster
CH.VS.2306	Leuk District
CH.FR.1001	Broye District
CH.TI.2107	Riviera District
CH.ZH.111	Bezirk Dietikon
CH.NW.700	Nidwalden
CH.BS.1200	Basel-Stadt
CH.VS.2304	Goms District
CH.FR.1004	Sarine District
CH.VS.2303	Entremont District
CH.SH.1404	Bezirk Schleitheim
CH.SG.1721	Wahlkreis St. Gallen
CH.TI.2105	Lugano District
CH.AG.1905	Bezirk Kulm
CH.AG.1903	Bezirk Bremgarten
CH.SZ.506	Bezirk Schwyz
CH.JU.2603	Porrentruy District
CH.SO.1109	Bezirk Solothurn
CH.SZ.505	Bezirk March
CH.GE.2500	Geneva
CH.TI.2102	Blenio District
CH.AG.1911	Bezirk Zurzach
CH.JU.2602	Franches-Montagnes District
CH.SH.1405	Bezirk Stein
CH.VS.2311	Sierre District
CH.FR.1003	Gruyère District
CH.ZH.105	Bezirk Hinwil
CH.ZH.112	Bezirk Zürich
CH.UR.400	Uri
CH.AG.1907	Bezirk Lenzburg
CH.ZG.900	Zug
CH.ZH.110	Bezirk Winterthur
CH.NE.2403	Le Locle District
CH.SZ.502	Bezirk Gersau
CH.NE.2405	Val-de-Ruz District
CH.AG.1902	Bezirk Baden
CH.SH.1401	Bezirk Oberklettgau
CH.OW.600	Obwalden
CH.ZH.101	Bezirk Affoltern
CH.FR.1005	See District
CH.VS.2301	Brig District
CH.BL.1304	Bezirk Sissach
CH.NE.2401	Boudry District
CH.AG.1904	Bezirk Brugg
CH.SO.1107	Bezirk Lebern
CH.AR.1502	Bezirk Mittelland
CH.NE.2402	La Chaux-de-Fonds District
CH.VS.2310	Saint-Maurice District
CH.BL.1302	Bezirk Laufen
CH.NE.2406	Val-de-Travers District
CH.SH.1406	Bezirk Unterklettgau
CH.AR.1501	Bezirk Hinterland
CH.SG.1722	Wahlkreis Rorschach
CH.SZ.504	Bezirk Küssnacht
CH.SG.1728	Wahlkreis Wil
CH.SO.1103	Bezirk Bucheggberg
CH.BL.1301	Bezirk Arlesheim
CH.VS.2313	Visp District
CH.VS.2308	Monthey District
CH.AG.1901	Bezirk Aarau
CH.ZH.106	Bezirk Horgen
CH.SZ.503	Bezirk Höfe
CH.VS.2302	Conthey District
CH.ZH.108	Bezirk Pfäffikon
CH.AG.1909	Bezirk Rheinfelden
CH.BL.1303	Bezirk Liestal
CH.VD.2227	Morges District
CH.AG.1906	Bezirk Laufenburg
CH.FR.1007	Veveyse District
CH.AR.1503	Bezirk Vorderland
CH.ZH.104	Bezirk Dielsdorf
CH.VD.2225	Lausanne District
CH.ZH.103	Bezirk Bülach
CH.SO.1102	Bezirk Thal
CH.TI.2101	Bellinzona District
CH.VS.2305	Hérens District
CH.SO.1105	Bezirk Gösgen
CH.SZ.501	Bezirk Einsiedeln
CH.SG.1724	Wahlkreis Werdenberg
CH.SH.1403	Bezirk Schaffhausen
CH.SH.1402	Bezirk Reiat
CH.SO.1106	Bezirk Wasseramt
CH.NE.2404	Neuchâtel District
CH.SO.1108	Bezirk Olten
CH.TI.2106	Mendrisio District
CH.VD.2221	Aigle District
CH.FR.1006	Sense District
CH.AG.1908	Bezirk Muri
CH.TI.2103	Leventina District
CH.SO.1104	Bezirk Dorneck
CH.SG.1723	Wahlkreis Rheintal
CH.SG.1727	Wahlkreis Toggenburg
CH.VD.2222	Broye-Vully District
CH.VD.2223	Gros-de-Vaud District
CH.VD.2224	Jura-Nord vaudois District
CH.VD.2226	Lavaux-Oron District
CH.VD.2228	Nyon District
CH.VD.2229	Ouest Lausannois District
CH.VD.2230	Riviera-Pays-d'Enhaut District
CH.SG.1726	Wahlkreis See-Gaster
CH.BE.245	Emmental District
CH.BE.248	Obersimmental-Saanen District
CH.BE.249	Frutigen-Niedersimmental District
CH.BE.242	Biel/Bienne District
CH.BE.243	Seeland District
CH.BE.247	Thun District
CH.BE.250	Interlaken-Oberhasli District
CH.BE.241	Bernese Jura
CH.BE.244	Oberaargau
CH.BE.246	Bern-Mittelland District
CH.TG.2012	Bezirk Frauenfeld
CH.TG.2011	Bezirk Arbon
CH.TG.2014	Bezirk Münchwilen
CH.TG.2013	Bezirk Kreuzlingen
CH.TG.2015	Bezirk Weinfelden
CH.LU.312	Lucerne-Land District
CH.LU.311	Lucerne-Stadt District
CH.LU.316	Entlebuch District
CH.LU.313	Hochdorf District
CH.LU.314	Sursee District
CH.LU.315	Willisau District
CH.GR.1850	Region Surselva
CH.GR.1851	Region Viamala
CH.GR.1843	Region Engiadina Bassa / Val Müstair
CH.GR.1848	Region Plessur
CH.GR.1844	Region Imboden
CH.GR.1841	Region Albula
CH.GR.1849	Region Prättigau / Davos
CH.GR.1845	Region Landquart
CH.GR.1842	Region Bernina
CH.GR.1847	Region Moesa
CH.GR.1846	Region Maloja
CH.JU.2604	Moutier
CI.97.2597334	Bafing
CI.76.11153075	Gbôklé
CI.76.11153076	Nawa
CI.76.11153077	San-Pédro
CI.94.11153078	Indénié-Djuablin
CI.94.11153079	Sud-Comoé
CI.77.11153080	Folon
CI.77.11153082	Kabadougou
CI.95.11153083	Gôh
CI.95.11153153	Lôh-Djiboua
CI.81.11153154	Bélier
CI.81.11153155	Iffou
CI.81.11153156	Moronou
CI.81.11153158	N'Zi
CI.82.11153160	Agnéby-Tiassa
CI.82.11153161	Grands-Ponts
CI.78.11153163	Cavally
CI.78.11153164	Guémon
CI.78.11153165	Tonkpi
CI.96.11153166	Haut-Sassandra
CI.96.11153167	Marahoué
CI.87.11153168	Bagoué
CI.87.11153169	Poro
CI.90.11153170	Gbêkê
CI.90.11153171	Hambol
CI.97.11153172	Béré
CI.97.11153174	Worodougou
CI.92.11153175	Bounkani
CI.92.11153176	Gontougo
CI.87.11153177	Tchologo
CI.82.11362033	Région de La Mé
CI.98.11153154	Yamoussoukro
CI.93.11996449	Abidjan
CL.01.51	Provincia de Valparaíso
CL.17.141	Provincia de Valdivia
CL.10.124	Provincia de Última Esperanza
CL.03.23	Provincia de Tocopilla
CL.10.123	Provincia de Tierra del Fuego
CL.11.71	Provincia de Talca
CL.12.136	Provincia de Talagante
CL.12.131	Provincia de Santiago
CL.01.57	Provincia de San Felipe de Aconcagua
CL.01.56	San Antonio Province
CL.01.55	Provincia de Quillota
CL.01.54	Petorca Province
CL.14.103	Provincia de Osorno
CL.12.135	Provincia de Melipilla
CL.04.92	Provincia de Malleco
CL.12.134	Provincia de Maipo
CL.10.121	Provincia de Magallanes
CL.01.53	Provincia de Los Andes
CL.14.101	Provincia de Llanquihue
CL.11.74	Provincia de Linares
CL.07.43	Provincia de Limarí
CL.15.11	Provincia de Iquique
CL.05.33	Provincia de Huasco
CL.02.114	Provincia General Carrera
CL.07.41	Provincia de Elqui
CL.03.22	Provincia de El Loa
CL.11.73	Provincia de Curicó
CL.05.31	Provincia de Copiapó
CL.06.81	Provincia de Concepción
CL.08.63	Provincia de Colchagua
CL.07.42	Provincia de Choapa
CL.14.102	Provincia de Chiloé
CL.05.32	Provincia de Chañaral
CL.04.91	Provincia de Cautín
CL.02.113	Provincia Capitán Prat
CL.08.61	Provincia de Cachapoal
CL.06.83	Provincia de Biobío
CL.16.151	Provincia de Arica
CL.06.82	Provincia de Arauco
CL.03.21	Provincia de Antofagasta
CL.02.112	Provincia de Aisén
CL.01.52	Provincia de Isla de Pascua
CL.10.122	Provincia Antártica Chilena
CL.17.142	Provincia del Ranco
CL.16.152	Provincia de Parinacota
CL.15.14	Provincia del Tamarugal
CL.01.58	Provincia de Marga Marga
CL.08.62	Provincia de Cardenal Caro
CL.11.72	Provincia de Cauquenes
CL.14.104	Provincia de Palena
CL.02.111	Provincia de Coyhaique
CL.12.132	Provincia de Cordillera
CL.12.133	Provincia de Chacabuco
CL.18.163	Provincia de Punilla
CL.18.162	Provincia de Itata
CL.18.161	Provincia de Diguillín
CM.05.2222269	Sanaga-Maritime
CM.14.2229760	Département de l'Océan
CM.07.9224959	Boyo
CN.06.6327	Yushu Zangzu Zizhizhou
CN.14.5402	Rikaze Diqu
CN.14.5405	Shannan Diqu
CN.14.5403	Qamdo Shi
CN.14.5404	Nyingchi Prefecture
CN.29.5333	Nujiang Lisuzu Zizhizhou
CN.14.5425	Ngari Diqu
CN.14.5406	Nagqu Shi
CN.14.5401	Lhasa Shi
CN.13.6530	Kezilesu
CN.13.6531	Kashi Diqu
CN.15.6209	Jiuquan Shi
CN.15.6202	Jiayuguan Shi
CN.13.6532	Hetian
CN.06.6328	Haixi Mengguzu Zangzu Zizhizhou
CN.06.6326	Golog Tibetan Autonomous Prefecture
CN.29.5334	Dêqên Tibetan Autonomous Prefecture
CN.29.5331	Dehong Daizu Jingpozu Zizhizhou
CN.29.5305	Baoshan Shi
CN.13.6501	Urumqi Shi
CN.13.6504	Tulufan
CN.13.6542	Tacheng Diqu
CN.13.6502	Kelamayi Shi
CN.13.6540	Yili
CN.13.6505	Hami
CN.13.6523	Changji Huizu Zizhizhou
CN.13.6527	Bortala
CN.13.6528	Bayinguoleng Menggu Zizhizhou
CN.13.6543	Aletai Diqu
CN.13.6529	Aksu Diqu
CN.18.5203	Zunyi Shi
CN.32.5103	Zigong Shi
CN.25.3703	Zibo Shi
CN.11.4302	Zhuzhou Shi
CN.09.4117	Zhumadian Shi
CN.30.4404	Zhuhai Shi
CN.02.3309	Zhoushan Shi
CN.09.4116	Zhoukou Shi
CN.30.4420	Zhongshan Prefecture
CN.04.3211	Zhenjiang Shi
CN.09.4101	Zhengzhou Shi
CN.29.5306	Zhaotong Shi
CN.30.4412	Zhaoqing Shi
CN.30.4408	Zhanjiang Shi
CN.07.3506	Zhangzhou Shi
CN.15.6207	Zhangye Shi
CN.25.3704	Zaozhuang Shi
CN.29.5304	Yuxi Shi
CN.30.4453	Yunfu Shi
CN.24.1408	Yuncheng Shi
CN.26.6108	Yulin Shi
CN.11.4306	Yueyang Shi
CN.11.4309	Yiyang Shi
CN.21.6403	Wuzhong Shi
CN.03.3606	Yingtan Shi
CN.21.6401	Yinchuan Shi
CN.03.3609	Yichun Shi
CN.12.4205	Yichangshi
CN.32.5115	Yibin Shi
CN.25.3706	Yantai Shi
CN.04.3210	Yangzhou Shi
CN.24.1403	Yangquan Shi
CN.30.4417	Yangjiang Shi
CN.04.3209	Yancheng Shi
CN.26.6106	Yan’an Shi
CN.32.5118	Ya’an Shi
CN.04.3203	Xuzhou
CN.09.4110	Xuchang Shi
CN.01.3418	Xuancheng Shi
CN.29.5328	Xishuangbanna Daizu Zizhizhou
CN.09.4115	Xinyang Shi
CN.09.4107	Xinxiang Shi
CN.06.6301	Xining Shi
CN.10.1305	Xingtai County
CN.12.4209	Xiaogan
CN.26.6104	Xianyang Shi
CN.26.6101	Xi’an Shi
CN.12.4212	Xianning Prefecture
CN.11.4331	Xiangxi Tujiazu Miaozu Zizhizhou
CN.11.4303	Xiangtan Shi
CN.12.4206	Xiangyang
CN.07.3502	Xiamen Shi
CN.16.4504	Wuzhou Shi
CN.04.3202	Wuxi Shi
CN.15.6206	Wuwei Shi
CN.01.3402	Wuhu Shi
CN.12.4201	Wuhan Shi
CN.20.1503	Wuhai Shi
CN.02.3303	Wenzhou Shi
CN.29.5326	Wenshan Zhuangzu Miaozu Zizhizhou
CN.31.1791540	Wenchang Shi
CN.26.6105	Weinan Shi
CN.25.3710	Weihai Shi
CN.25.3707	Weifang Shi
CN.31.1791778	Wanning Shi
CN.18.5206	Tongren Diqu
CN.01.3407	Tongling Shi
CN.26.6102	Tongchuan Shi
CN.15.6205	Tianshui Shi
CN.10.1302	Tangshan Shi
CN.04.3212	Taizhou Shi
CN.02.3310	Taizhou Shi
CN.24.1401	Taiyuan Shi
CN.25.3709	Tai’an Shi
CN.01.3413	Suzhou Shi
CN.04.3213	Suqian Shi
CN.12.4213	Suizhou Shi
CN.29.5308	Pu'er City
CN.21.6402	Shizuishan Shi
CN.12.4203	Shiyan Shi
CN.10.1301	Shijiazhuang Shi
CN.30.4403	Shenzhen
CN.12.1795614	Shennongjia
CN.11.4305	Shaoyang County
CN.02.3306	Shaoxing Shi
CN.30.4402	Shaoguan Shi
CN.30.4405	Shantou Shi
CN.03.3611	Shangrao Shi
CN.09.4114	Shangqiu Shi
CN.26.6110	Shangluo Shi
CN.31.4602	Sanya Shi
CN.07.3504	Sanming Shi
CN.09.4112	Sanmenxia Shi
CN.25.3711	Rizhao Shi
CN.02.3308	Quzhou Shi
CN.29.5303	Qujing Shi
CN.07.3505	Quanzhou Shi
CN.31.1797544	Qionghai County
CN.16.4507	Qinzhou Shi
CN.10.1303	Qinhuangdao Shi
CN.30.4418	Qingyuan Shi
CN.15.6210	Qingyang Shi
CN.25.3702	Qingdao Shi
CN.18.5223	Qianxinan Buyei and Miao Autonomous Prefecture
CN.18.5227	Qiannan Bouyeizu Miaozu Zizhizhou
CN.18.5226	Qiandongnan Miao and Dong Autonomous Prefecture
CN.07.3503	Putian Shi
CN.03.3603	Pingxiang Shi
CN.15.6208	Pingliang Shi
CN.09.4104	Pingdingshan Shi
CN.32.5104	Panzhihua Shi
CN.07.3509	Ningde Shi
CN.02.3302	Ningbo Shi
CN.32.5110	Neijiang Shi
CN.09.4113	Nanyang Shi
CN.04.3206	Nantong Shi
CN.07.3507	Nanping Shi
CN.16.4501	Nanning Shi
CN.04.3201	Nanjing Shi
CN.32.5113	Nanchong Shi
CN.03.3601	Nanchang Shi
CN.32.5107	Mianyang Shi
CN.30.4414	Meizhou Shi
CN.30.4409	Maoming Shi
CN.01.3405	Ma’anshan Shi
CN.32.5105	Luzhou Shi
CN.18.5202	Lupanshui Shi
CN.09.4103	Luoyang Shi
CN.09.4111	Luohe Shi
CN.24.1411	Lüliang
CN.01.3415	Lu’an Shi
CN.11.4313	Loudi Shi
CN.07.3508	Longyan Shi
CN.15.6212	Longnan Shi
CN.16.4502	Liuzhou Shi
CN.02.3311	Lishui Shi
CN.25.3713	Linyi Shi
CN.15.6229	Linxia Huizu Zizhizhou
CN.24.1410	Linfen Shi
CN.29.5309	Lincang Shi
CN.29.5307	Lijiang Shi
CN.25.3715	Liaocheng Shi
CN.04.3207	Lianyungang Shi
CN.32.5134	Liangshan Yizu Zizhizhou
CN.32.5111	Leshan Shi
CN.15.6201	Lanzhou Shi
CN.10.1310	Langfang Shi
CN.29.5301	Kunming Shi
CN.09.4102	Kaifeng Shi
CN.03.3604	Jiujiang Shi
CN.24.1407	Jinzhong Shi
CN.25.3708	Jining Shi
CN.02.3307	Jinhua Shi
CN.12.4210	Jingzhou Shi
CN.12.4208	Jingmen Shi
CN.03.3602	Jingdezhen Shi
CN.24.1405	Jincheng Shi
CN.15.6203	Jinchang Shi
CN.25.3701	Jinan Shi
CN.30.4452	Jieyang Shi
CN.02.3304	Jiaxing Shi
CN.09.4108	Jiaozuo Shi
CN.30.4407	Jiangmen Shi
CN.03.3608	Ji’an Shi
CN.20.1506	Ordos Shi
CN.02.3305	Huzhou Shi
CN.01.3410	Huangshan Shi
CN.30.4413	Huizhou Shi
CN.12.4202	Huangshi Shi
CN.06.6323	Huangnan Zangzu Zizhizhou
CN.12.4211	Huanggang Shi
CN.04.3208	Huai’an Shi
CN.01.3404	Huainan Shi
CN.11.4312	Huaihua Prefecture
CN.01.3406	Huaibei Shi
CN.29.5325	Honghe Hanizu Yizu Zizhizhou
CN.25.3717	Heze Shi
CN.30.4416	Heyuan Shi
CN.11.4304	Hengyang Shi
CN.10.1311	Hengshui Shi
CN.01.3401	Hefei Shi
CN.16.4512	Hechi Shi
CN.09.4106	Hebi Shi
CN.26.6107	Hanzhong Shi
CN.02.3301	Hangzhou Shi
CN.10.1304	Handan Shi
CN.06.6325	Hainan Zangzu Zizhizhou
CN.31.4601	Haikou Shi
CN.06.6302	Haidong Diqu
CN.06.6322	Haibei Tibetan Autonomous Prefecture
CN.21.6404	Guyuan Shi
CN.18.5201	Guiyang Shi
CN.16.4503	Guilin Shi
CN.30.4401	Guangzhou Shi
CN.32.5133	Garzê Zangzu Zizhizhou
CN.03.3607	Ganzhou Shi
CN.15.6230	Gannan Zangzu Zizhizhou
CN.07.3501	Fuzhou Shi
CN.03.3610	Fuzhou Shi
CN.01.3412	Fuyang Shi
CN.30.4406	Foshan Shi
CN.12.4207	Ezhou Shi
CN.12.4228	Enshi Tujiazu Miaozu Zizhizhou
CN.25.3705	Dongying Shi
CN.30.4419	Dongguan Shi
CN.15.6211	Dingxi Shi
CN.25.3714	Dezhou Shi
CN.11.4308	Zhangjiajie Shi
CN.32.5117	Dazhou Shi
CN.31.4604	Danzhou Shi
CN.29.5329	Dali Baizu Zizhizhou
CN.19.2102	Dalian Shi
CN.29.5323	Chuxiong Yizu Zizhizhou
CN.01.3411	Chuzhou Shi
CN.11.4310	Prefecture of Chenzhou
CN.32.5101	Chengdu Shi
CN.30.4451	Chaozhou Shi
CN.04.3204	Changzhou Shi
CN.24.1404	Changzhi Shi
CN.11.4301	Changsha Shi
CN.11.4307	Changde Shi
CN.10.1309	Cangzhou Shi
CN.16.4510	Baise Shi
CN.25.3716	Binzhou Shi
CN.18.5205	Bijie Diqu
CN.01.3403	Bengbu Shi
CN.16.4505	Beihai Shi
CN.26.6103	Baoji Shi
CN.10.1306	Baoding Shi
CN.15.6204	Baiyin Prefecture
CN.09.4105	Anyang Shi
CN.18.5204	Anshun Shi
CN.01.3408	Anqing Shi
CN.26.6109	Ankang Shi
CN.20.1529	Alxa Meng
CN.32.5132	Aba Zangzu Qiangzu Zizhizhou
CN.04.3205	Suzhou Shi
CN.09.4109	Puyang Shi
CN.10.1307	Zhangjiakou Shi
CN.19.2108	Yingkou
CN.08.2307	Yichun Shi
CN.05.2224	Yanbian Chaoxianzu Zizhizhou
CN.20.1525	Xilin Gol Meng
CN.20.1509	Wulanchabu Shi
CN.05.2205	Tonghua Shi
CN.19.2112	Tieling Shi
CN.08.2312	Suihua Shi
CN.05.2203	Siping Shi
CN.08.2305	Shuangyashan Shi
CN.19.2101	Shenyang Shi
CN.08.2309	Qitaihe Shi
CN.08.2302	Qiqihar Shi
CN.19.2111	Panjin Shi
CN.08.2310	Mudanjiang Shi
CN.05.2204	Liaoyuan Shi
CN.19.2110	Liaoyang Shi
CN.08.2303	Jixi Shi
CN.20.1505	Tongliao Shi
CN.19.2107	Jinzhou Shi
CN.19.2114	Huludao Shi
CN.05.2202	Jilin Shi
CN.08.2308	Jiamusi Shi
CN.05.2206	Baishan Shi
CN.20.1507	Hulunbuir Region
CN.20.1501	Hohhot Shi
CN.20.1522	Hinggan Meng
CN.08.2311	Heihe
CN.08.2304	Hegang Shi
CN.08.2301	Harbin Shi
CN.19.2109	Fuxin Shi
CN.19.2104	Fushun Shi
CN.24.1402	Datong Shi
CN.08.2306	Daqing Shi
CN.19.2106	Dandong Shi
CN.08.2327	Daxing’anling Diqu
CN.20.1504	Chifeng Shi
CN.10.1308	Chengde Prefecture
CN.19.2113	Chaoyang Shi
CN.05.2201	Changchun Shi
CN.19.2105	Benxi Shi
CN.20.1508	Bayannur Shi
CN.20.1502	Baotou Shi
CN.05.2208	Baicheng Shi
CN.19.2103	Anshan Shi
CN.30.4415	Shanwei Shi
CN.05.2207	Songyuan Shi
CN.01.3417	Chizhou Shi
CN.24.1406	Shuozhou Shi
CN.24.1409	Xinzhou Shi
CN.32.5106	Deyang Shi
CN.21.6405	Zhongwei Shi
CN.32.5108	Guangyuan Shi
CN.32.5116	Guang’an Shi
CN.32.5109	Suining Shi
CN.32.5119	Bazhong Shi
CN.16.4508	Guigang Shi
CN.16.4514	Chongzuo Shi
CN.16.4513	Laibin Shi
CN.16.4506	Fangchenggang Shi
CN.16.4511	Hezhou Shi
CN.13.8080762	Tumxuk
CN.31.4603	Sansha
CN.16.4509	Yulin Shi
CN.32.5114	Meishan Shi
CN.32.5120	Ziyang Shi
CN.33.8739734	Chongqing
CN.03.3605	Xinyu
CN.01.3416	Bozhou
CN.11.4311	Yongzhou
CN.22.11876380	Beijing
CN.13.12324192	Shihezi
CN.12.12324193	Tianmen
CN.31.12324194	Wuzhishan City
CN.31.12324195	Ledong Li Autonomous County
CN.31.12324196	Dongfang City
CN.31.12324197	Changjiang Li Autonomous County
CN.31.12324198	Lingao County
CN.12.12324199	Qianjiang
CN.31.12324201	Lingshui Li Autonomous County
CN.28.12324202	Tianjin Municipality
CN.31.12324203	Baoting Li and Miao Autonomous County
CN.23.12324204	Shanghai Municipality
CN.31.12324205	Tunchang County
CN.31.12324206	Ding'an County
CN.31.12324207	Baisha Li Autonomous County
CN.31.12324208	Qiongzhong Li and Miao Autonomous County
CN.31.12324209	Chengmai County
CN.09.12324210	Jiyuan
CO.33.25899	Zipaquirá
CO.33.25898	Zipacón
CO.36.15897	Zetaquira
CO.29.76895	Zarzal
CO.02.05895	Zaragoza
CO.26.68895	Zapatoca
CO.35.13894	Zambrano
CO.29.76890	Yotoco
CO.32.85001	Yopal
CO.02.05890	Yolombó
CO.02.05887	Yarumal
CO.02.05885	Yalí
CO.16.41885	Yaguará
CO.20.52885	Yacuanquer
CO.33.25885	Yacopí
CO.37.17877	Viterbo
CO.36.15879	Viracachá
CO.33.25878	Viotá
CO.33.25875	Villeta
CO.16.41872	Villavieja
CO.19.50001	Villavicencio
CO.28.73873	Villarrica
CO.21.54874	Villa del Rosario
CO.33.25873	Villapinzón
CO.17.44874	Villanueva
CO.35.13873	Villanueva
CO.37.17873	Villamaría
CO.28.73870	Villahermosa
CO.21.54871	Villa Caro
CO.29.76869	Vijes
CO.37.17867	Victoria
CO.33.25867	Vianí
CO.29.76863	Versalles
CO.33.25862	Vergara
CO.36.15861	Ventaquemada
CO.02.05861	Venecia
CO.28.73861	Venadillo
CO.26.68861	Vélez
CO.02.05856	Valparaíso
CO.28.73854	Valle de San Juan
CO.26.68855	Valle de San José
CO.12.23855	Valencia
CO.02.05854	Valdivia
CO.33.25851	Útica
CO.04.08849	Usiacurí
CO.02.05847	Urrao
CO.17.44847	Uribia
CO.33.25845	Une
CO.29.76845	Ulloa
CO.33.25841	Ubaque
CO.36.15839	Tutazá
CO.36.15837	Tuta
CO.36.15835	Turmequé
CO.02.05837	Turbo
CO.35.13838	Turbaná
CO.35.13836	Turbaco
CO.20.52838	Túquerres
CO.36.15001	Tunja
CO.29.76834	Tuluá
CO.04.08832	Tubará
CO.29.76828	Trujillo
CO.32.85430	Trinidad
CO.09.19824	Totoró
CO.36.15822	Tota
CO.29.76823	Toro
CO.09.19821	Toribio
CO.33.25823	Topaipí
CO.36.15820	Tópaga
CO.26.68820	Tona
CO.27.70823	Tolú Viejo
CO.21.54820	Toledo
CO.02.05819	Toledo
CO.33.25817	Tocancipá
CO.33.25815	Tocaima
CO.36.15814	Toca
CO.02.05809	Titiribí
CO.36.15808	Tinjacá
CO.09.19809	Timbiquí
CO.09.19807	Timbío
CO.16.41807	Timaná
CO.12.23807	Tierralta
CO.33.25807	Tibirita
CO.36.15806	Tibasosa
CO.36.15804	Tibaná
CO.33.25805	Tibacuy
CO.16.41797	Tesalia
CO.16.41801	Teruel
CO.33.25799	Tenjo
CO.38.47798	Tenerife
CO.33.25797	Tena
CO.16.41799	Tello
CO.33.25793	Tausa
CO.36.15790	Tasco
CO.02.05792	Tarso
CO.16.41791	Tarqui
CO.20.52788	Tangua
CO.20.52786	Taminango
CO.02.05789	Támesis
CO.03.81794	Tame
CO.32.85400	Támara
CO.10.20787	Tamalameque
CO.11.27787	Tadó
CO.33.25785	Tabio
CO.33.25781	Sutatausa
CO.36.15776	Sutamarchán
CO.36.15774	Susacón
CO.33.25779	Susa
CO.26.68780	Suratá
CO.37.17777	Supía
CO.33.25777	Supatá
CO.33.25772	Suesca
CO.27.70771	Sucre
CO.26.68773	Sucre
CO.33.25769	Subachoque
CO.16.41770	Suaza
CO.28.73770	Suárez
CO.04.08770	Suan
CO.26.68770	Suaita
CO.09.19760	Sotara
CO.36.15763	Sotaquirá
CO.33.25758	Sopó
CO.02.05756	Sonson
CO.04.08758	Soledad
CO.11.27075	Bahía Solano
CO.36.15759	Sogamoso
CO.36.15755	Socotá
CO.26.68755	Socorro
CO.36.15757	Socha
CO.36.15753	Soatá
CO.33.25754	Soacha
CO.11.27745	Sipí
CO.27.70001	Sincelejo
CO.35.13744	Simití
CO.33.25745	Simijaca
CO.26.68745	Simacota
CO.09.19743	Silvia
CO.33.25743	Silvania
CO.21.54743	Silos
CO.36.15740	Siachoque
CO.29.76736	Sevilla
CO.33.25736	Sesquilé
CO.02.05736	Segovia
CO.36.15723	Sativasur
CO.36.15720	Sativanorte
CO.33.25718	Sasaima
CO.21.54720	Sardinata
CO.03.81736	Saravena
CO.20.52720	Sapuyes
CO.38.47703	San Zenón
CO.08.18753	San Vicente del Caguán
CO.26.68689	San Vicente de Chucurí
CO.02.05674	San Vicente Ferrer
CO.02.05697	El Santuario
CO.24.66687	Santuario
CO.04.08685	Santo Tomás
CO.21.54680	Santiago
CO.36.15696	Santa Sofía
CO.36.15693	Santa Rosa de Viterbo
CO.02.05686	Santa Rosa de Osos
CO.24.66682	Santa Rosa de Cabal
CO.35.13683	Santa Rosa
CO.09.19701	Santa Rosa
CO.09.19698	Santander de Quilichao
CO.38.47001	Santa Marta
CO.16.41676	Santa María
CO.28.73686	Santa Isabel
CO.20.52699	Santacruz
CO.35.13673	Santa Catalina
CO.02.05679	Santa Bárbara
CO.20.52696	Santa Bárbara
CO.38.47707	Santa Ana
CO.38.47692	San Sebastián de Buenavista
CO.09.19693	San Sebastián
CO.02.05670	San Roque
CO.02.05667	San Rafael
CO.12.23686	San Pelayo
CO.27.70717	San Pedro
CO.02.05664	Municipio de San Pedro de los Milagros
CO.29.76670	San Pedro
CO.36.15681	San Pablo de Borbur
CO.20.52693	San Pablo
CO.27.70713	San Onofre
CO.36.15676	San Miguel de Sema
CO.26.68686	San Miguel
CO.36.15673	San Mateo
CO.19.50689	San Martín
CO.27.70708	San Marcos
CO.32.85325	San Luis de Palenque
CO.36.15667	San Luis de Gaceno
CO.02.05660	San Luis
CO.28.73678	San Luis
CO.20.52687	San Lorenzo
CO.35.13657	San Juan Nepomuceno
CO.17.44650	San Juan del Cesar
CO.36.15664	San José de Pare
CO.26.68684	San José de Miranda
CO.16.41359	Isnos
CO.26.68682	San Joaquín
CO.02.05656	San Jerónimo
CO.35.13654	San Jacinto
CO.26.68679	San Gil
CO.33.25658	San Francisco
CO.35.13647	San Estanislao
CO.20.52683	Sandoná
CO.21.54673	San Cayetano
CO.12.23678	San Carlos
CO.02.05649	San Carlos
CO.21.54670	San Calixto
CO.12.23675	San Bernardo del Viento
CO.33.25649	San Bernardo
CO.27.70678	San Benito Abad
CO.26.68673	San Benito
CO.28.73675	San Antonio
CO.12.23672	San Antero
CO.12.23670	San Andrés Sotavento
CO.25.88001	Saint Andrew
CO.02.05647	San Andrés de Cuerquía
CO.26.68669	San Andrés
CO.16.41668	San Agustín
CO.27.70670	Sampués
CO.20.52678	Samaniego
CO.37.17662	Samaná
CO.36.15646	Samacá
CO.02.05642	Salgar
CO.23.63690	Salento
CO.38.47675	Salamina
CO.37.17653	Salamina
CO.16.41660	Saladoblanco
CO.12.23660	Sahagún
CO.36.15638	Sáchica
CO.32.85315	Sácama
CO.36.15632	Saboyá
CO.04.08638	Sabanalarga
CO.02.05628	Sabanalarga
CO.04.08634	Sabanagrande
CO.28.73624	Rovira
CO.09.19622	Rosas
CO.36.15621	Rondón
CO.28.73622	Roncesvalles
CO.29.76622	Roldanillo
CO.10.20621	La Paz
CO.20.52621	Roberto Payán
CO.16.41615	Rivera
CO.37.17616	Risaralda
CO.11.27615	Riosucio
CO.37.17614	Riosucio
CO.26.68615	Rionegro
CO.02.05615	Rionegro
CO.17.44001	Riohacha
CO.29.76616	Riofrío
CO.10.20614	Río de Oro
CO.28.73616	Rioblanco
CO.27.70230	Chalán
CO.20.52612	Ricaurte
CO.02.05607	Retiro
CO.19.50606	Restrepo
CO.29.76606	Restrepo
CO.04.08606	Repelón
CO.38.47605	Remolino
CO.02.05604	Remedios
CO.32.85279	Recetor
CO.36.15600	Ráquira
CO.36.15599	Ramiriquí
CO.21.54599	Ragonvalia
CO.33.25599	Apulo
CO.33.25596	Quipile
CO.24.66594	Quinchía
CO.23.63594	Quimbaya
CO.11.27001	Quibdó
CO.33.25594	Quetame
CO.33.25592	Quebradanegra
CO.12.23586	Purísima
CO.28.73585	Purificación
CO.09.19585	Puracé
CO.20.52585	Pupiales
CO.33.25580	Pulí
CO.26.68575	Puerto Wilches
CO.09.19573	Puerto Tejada
CO.33.25572	Puerto Salgar
CO.19.50573	Puerto López
CO.19.50577	Puerto Lleras
CO.12.23574	Puerto Escondido
CO.04.08573	Puerto Colombia
CO.36.15572	Puerto Boyacá
CO.02.05579	Puerto Berrío
CO.20.52573	Puerres
CO.26.68572	Puente Nacional
CO.38.47570	Puebloviejo
CO.02.05576	Pueblorrico
CO.24.66572	Pueblo Rico
CO.12.23570	Pueblo Nuevo
CO.25.88564	Providencia
CO.28.73563	Prado
CO.29.76563	Pradera
CO.20.52560	Potosí
CO.32.85263	Pore
CO.09.19001	Popayán
CO.04.08558	Polonuevo
CO.38.47555	Plato
CO.12.23555	Planeta Rica
CO.28.73555	Planadas
CO.38.47551	Pivijay
CO.16.41551	Pitalito
CO.16.41548	Pital
CO.36.15550	Pisba
CO.04.08549	Piojó
CO.26.68549	Pinchote
CO.23.63548	Pijao
CO.09.19548	Piendamó
CO.28.73547	Piedras
CO.26.68547	Piedecuesta
CO.36.15542	Pesca
CO.24.66001	Pereira
CO.02.05543	Peque
CO.37.17541	Pensilvania
CO.38.47541	Pedraza
CO.36.15537	Paz de Río
CO.32.85250	Paz de Ariporo
CO.20.52427	Magüi
CO.36.15533	Paya
CO.36.15531	Pauna
CO.09.19532	Patía
CO.20.52001	Pasto
CO.33.25535	Pasca
CO.26.68533	Páramo
CO.36.15522	Panqueba
CO.33.25524	Pandi
CO.21.54520	Pamplonita
CO.21.54518	Pamplona
CO.35.13549	Pinillos
CO.27.70523	Palmito
CO.29.76520	Palmira
CO.26.68524	Palmas del Socorro
CO.04.08520	Palmar de Varela
CO.26.68522	Palmar
CO.37.17524	Palestina
CO.16.41524	Palermo
CO.36.15516	Paipa
CO.33.25518	Paime
CO.16.41518	Paicol
CO.09.19517	Paez
CO.09.19513	Padilla
CO.37.17513	Pácora
CO.33.25513	Pacho
CO.27.70508	Ovejas
CO.36.15507	Otanche
CO.20.52506	Ospina
CO.28.73504	Ortega
CO.32.85230	Orocué
CO.16.41503	Oporapa
CO.26.68502	Onzaga
CO.02.05501	Olaya
CO.26.68500	Oiba
CO.21.54498	Ocaña
CO.26.68498	Ocamonte
CO.29.76497	Obando
CO.32.85225	Nunchía
CO.36.15494	Nuevo Colón
CO.11.27491	Nóvita
CO.33.25491	Nocaima
CO.36.15491	Nobsa
CO.33.25489	Nimaima
CO.33.25488	Nilo
CO.33.25486	Nemocón
CO.16.41001	Neiva
CO.37.17486	Neira
CO.28.73483	Natagaima
CO.16.41483	Nátaga
CO.02.05483	Nariño
CO.33.25483	Nariño
CO.36.15480	Muzo
CO.21.54480	Mutiscua
CO.02.05480	Mutatá
CO.02.05475	Murindó
CO.33.25473	Mosquera
CO.20.52473	Mosquera
CO.27.70473	Morroa
CO.35.13473	Morales
CO.09.19473	Morales
CO.32.85162	Monterrey
CO.12.23001	Montería
CO.23.63470	Montenegro
CO.12.23466	Montelíbano
CO.02.05467	Montebello
CO.08.18410	La Montañita
CO.36.15469	Moniquirá
CO.36.15466	Monguí
CO.36.15464	Mongua
CO.35.13468	Mompós
CO.26.68468	Molagavita
CO.26.68464	Mogotes
CO.22.86001	Mocoa
CO.24.66456	Mistrató
CO.09.19455	Miranda
CO.36.15455	Miraflores
CO.09.19450	Mercaderes
CO.28.73449	Melgar
CO.33.25438	Medina
CO.02.05001	Medellín
CO.26.68444	Matanza
CO.37.17446	Marulanda
CO.24.66440	Marsella
CO.37.17444	Marquetalia
CO.37.17442	Marmato
CO.28.73443	Municipio de San Sebastián de Mariquita
CO.36.15442	Maripí
CO.02.05440	Marinilla
CO.35.13442	Municipio de María la Baja
CO.35.13440	Margarita
CO.33.25436	Manta
CO.37.17001	Manizales
CO.32.85139	Maní
CO.04.08436	Manatí
CO.20.52435	Mallama
CO.04.08433	Malambo
CO.26.68432	Málaga
CO.27.70429	Majagual
CO.17.44430	Maicao
CO.35.13433	Mahates
CO.35.13430	Magangué
CO.33.25430	Madrid
CO.33.25426	Macheta
CO.02.05425	Maceo
CO.26.68425	Macaravita
CO.36.15425	Macanal
CO.04.08421	Luruaco
CO.21.54418	Lourdes
CO.26.68418	Los Santos
CO.20.52418	Los Andes
CO.12.23417	Lorica
CO.09.19418	Municipio de López de Micay
CO.11.27413	Lloró
CO.20.52411	Linares
CO.02.05411	Liborina
CO.28.73411	Líbano
CO.28.73408	Lérida
CO.33.25407	Lenguazaque
CO.36.15407	Villa de Leyva
CO.26.68406	Lebríja
CO.24.66400	La Virginia
CO.33.25402	La Vega
CO.09.19397	La Vega
CO.36.15403	La Uvita
CO.02.05400	La Unión
CO.29.76400	La Unión
CO.20.52399	La Unión
CO.23.63401	La Tebaida
CO.09.19392	La Sierra
CO.21.54398	La Playa
CO.16.41396	La Plata
CO.33.25398	La Peña
CO.26.68397	La Paz
CO.33.25394	La Palma
CO.10.20383	La Gloria
CO.20.52381	La Florida
CO.02.05380	La Estrella
CO.37.17380	La Dorada
CO.29.76377	La Cumbre
CO.20.52378	La Cruz
CO.02.05376	La Ceja
CO.33.25377	La Calera
CO.36.15377	Labranzagrande
CO.21.54377	Labateca
CO.16.41378	La Argentina
CO.26.68013	Aguada
CO.11.27372	Juradó
CO.33.25372	Junín
CO.04.08372	Juan de Acosta
CO.26.68370	Jordán
CO.26.68368	Jesús María
CO.33.25368	Jerusalén
CO.36.15368	Jericó
CO.02.05368	Jericó
CO.36.15367	Jenesano
CO.02.05364	Jardín
CO.29.76364	Jamundí
CO.09.19364	Jambaló
CO.36.15362	Iza
CO.02.05361	Ituango
CO.02.05360	Itagui
CO.11.27361	Istmina
CO.16.41357	Municipio de Íquira
CO.20.52356	Ipiales
CO.09.19355	Inzá
CO.20.52354	Imués
CO.20.52352	Iles
CO.28.73352	Icononzo
CO.28.73001	Ibagué
CO.28.73349	Honda
CO.16.41349	Hobo
CO.21.54347	Herrán
CO.02.05347	Heliconia
CO.32.85125	Hato Corozal
CO.26.68344	Hato
CO.21.54344	Hacarí
CO.33.25339	Gutiérrez
CO.36.15332	Güicán
CO.26.68327	Güepsa
CO.36.15325	Guayatá
CO.33.25328	Guayabal de Siquima
CO.26.68324	Guavatá
CO.24.66318	Guática
CO.36.15322	Guateque
CO.33.25326	Guatavita
CO.33.25324	Guataquí
CO.02.05321	Guatapé
CO.33.25322	Guasca
CO.02.05318	Guarne
CO.26.68322	Guapotá
CO.09.19318	Guapi
CO.28.73319	Guamo
CO.38.47318	Guamal
CO.19.50318	Guamal
CO.20.52323	Gualmatán
CO.20.52320	Guaitarilla
CO.33.25320	Guaduas
CO.26.68320	Guadalupe
CO.16.41319	Guadalupe
CO.20.52317	Guachucal
CO.33.25317	Guachetá
CO.29.76318	Guacarí
CO.36.15317	Guacamayas
CO.26.68318	Guaca
CO.19.50313	Granada
CO.21.54313	Gramalote
CO.10.20310	González
CO.02.05310	Gómez Plata
CO.26.68307	Girón
CO.02.05308	Girardota
CO.33.25307	Girardot
CO.02.05306	Giraldo
CO.29.76306	Ginebra
CO.16.41306	Gigante
CO.23.63302	Génova
CO.16.41298	Garzón
CO.36.15299	Garagoa
CO.36.15296	Gameza
CO.26.68298	Gambita
CO.10.20295	Gamarra
CO.33.25299	Gama
CO.04.08296	Galapa
CO.26.68296	Galán
CO.33.25297	Gachetá
CO.36.15293	Gachantivá
CO.33.25295	Gachancipá
CO.33.25293	Gachala
CO.33.25290	Fusagasugá
CO.33.25288	Fúquene
CO.33.25286	Funza
CO.20.52287	Funes
CO.38.47288	Fundación
CO.02.05284	Frontino
CO.28.73283	Fresno
CO.02.05282	Fredonia
CO.33.25281	Fosca
CO.17.44279	Fonseca
CO.33.25279	Fomeque
CO.26.68276	Floridablanca
CO.29.76275	Florida
CO.36.15276	Floresta
CO.08.18001	Florencia
CO.28.73275	Flandes
CO.36.15272	Firavitoba
CO.23.63272	Filandia
CO.37.17272	Filadelfia
CO.28.73270	Falan
CO.33.25269	Facatativá
CO.28.73268	Espinal
CO.02.05266	Envigado
CO.02.05264	Entrerrios
CO.26.68266	Enciso
CO.26.68264	Encino
CO.21.54261	El Zulia
CO.09.19256	El Tambo
CO.20.52260	El Tambo
CO.20.52258	El Tablón de Gómez
CO.20.52256	El Rosario
CO.38.47258	El Piñon
CO.33.25258	El Peñón
CO.16.41244	Elías
CO.35.13248	El Guamo
CO.26.68245	El Guacamayo
CO.36.15248	El Espino
CO.29.76250	El Dovio
CO.36.15244	El Cocuy
CO.20.52250	El Charco
CO.29.76248	El Cerrito
CO.35.13244	El Carmen de Bolívar
CO.21.54245	El Carmen
CO.19.50245	El Calvario
CO.29.76246	El Cairo
CO.38.47245	El Banco
CO.29.76243	El Águila
CO.02.05240	Ebéjico
CO.21.54239	Durania
CO.36.15238	Duitama
CO.02.05237	Don Matías
CO.28.73236	Dolores
CO.29.76233	Dagua
CO.02.05234	Dabeiba
CO.26.68229	Curití
CO.28.73226	Cunday
CO.20.52227	Cumbal
CO.19.50226	Cumaral
CO.36.15226	Cuítiva
CO.21.54223	Cucutilla
CO.21.54001	Cúcuta
CO.33.25224	Cucunubá
CO.36.15223	Cubará
CO.20.52224	Cuaspud
CO.28.73217	Coyaima
CO.36.15218	Covarachía
CO.33.25214	Cota
CO.36.15215	Corrales
CO.27.70215	Corozal
CO.26.68217	Coromoro
CO.09.19212	Corinto
CO.35.13212	Córdoba
CO.20.52215	Córdoba
CO.36.15212	Coper
CO.02.05212	Copacabana
CO.26.68211	Contratación
CO.20.52210	Contadero
CO.20.52207	Consaca
CO.26.68209	Confines
CO.11.27205	Condoto
CO.02.05209	Concordia
CO.26.68207	Concepción
CO.02.05206	Concepción
CO.36.15204	Cómbita
CO.20.52203	Colón
CO.16.41206	Colombia
CO.33.25200	Cogua
CO.28.73200	Coello
CO.02.05197	Cocorná
CO.02.05190	Cisneros
CO.23.63190	Circasia
CO.12.23189	Ciénaga de Oro
CO.38.47189	Ciénaga
CO.36.15189	Ciénega
CO.29.76122	Caicedonia
CO.33.25183	Chocontá
CO.33.25181	Choachí
CO.21.54174	Chitagá
CO.36.15183	Chita
CO.36.15180	Chiscas
CO.10.20178	Chiriguaná
CO.36.15176	Chiquinquirá
CO.26.68179	Chipatá
CO.33.25178	Chipaque
CO.12.23182	Chinú
CO.37.17174	Chinchiná
CO.36.15172	Chinavita
CO.21.54172	Chinácota
CO.10.20175	Chimichagua
CO.12.23168	Chimá
CO.26.68176	Chima
CO.02.05172	Chigorodó
CO.33.25175	Chía
CO.26.68169	Charta
CO.26.68167	Charalá
CO.28.73168	Chaparral
CO.32.85015	Chameza
CO.33.25168	Chaguaní
CO.38.47161	Cerro San Antonio
CO.26.68162	Cerrito
CO.36.15162	Cerinza
CO.12.23162	Cereté
CO.26.68160	Cepitá
CO.02.05154	Caucasia
CO.19.50150	Castilla la Nueva
CO.28.73152	Casabianca
CO.29.76147	Cartago
CO.35.13001	Cartagena de Indias
CO.02.05150	Carolina
CO.33.25154	Carmen de Carupa
CO.28.73148	Carmen de Apicalá
CO.26.68152	Carcasí
CO.02.05145	Caramanta
CO.33.25151	Caqueza
CO.26.68147	Capitanejo
CO.33.25148	Caparrapí
CO.04.08141	Candelaria
CO.29.76130	Candelaria
CO.02.05138	Cañasgordas
CO.36.15135	Campohermoso
CO.04.08137	Campo de La Cruz
CO.16.41132	Campoalegre
CO.02.05134	Campamento
CO.09.19142	Caloto
CO.29.76126	Calima
CO.26.68132	California
CO.29.76001	Cali
CO.09.19137	Caldono
CO.02.05129	Caldas
CO.36.15131	Caldas
CO.23.63130	Calarca
CO.33.25126	Cajicá
CO.09.19130	Cajibío
CO.28.73124	Cajamarca
CO.02.05125	Caicedo
CO.21.54125	Cácota
CO.21.54128	Cachirá
CO.02.05120	Cáceres
CO.26.68121	Cabrera
CO.36.15114	Busbanzá
CO.02.05113	Buriticá
CO.29.76113	Bugalagrande
CO.20.52110	Buesaco
CO.09.19110	Buenos Aires
CO.36.15109	Buenavista
CO.21.54109	Bucarasica
CO.26.68001	Bucaramanga
CO.36.15106	Briceño
CO.36.15104	Boyacá
CO.26.68101	Bolívar
CO.29.76100	Bolívar
CO.09.19100	Bolívar
CO.11.27099	Bojaya
CO.33.25099	Bojacá
CO.21.54099	Bochalema
CO.36.15097	Boavita
CO.33.25095	Bituima
CO.26.68092	Betulia
CO.02.05093	Betulia
CO.36.15092	Betéitiva
CO.02.05091	Betania
CO.36.15090	Berbeo
CO.33.25086	Beltrán
CO.02.05086	Belmira
CO.02.05088	Bello
CO.24.66088	Belén de Umbría
CO.08.18094	Belén de Los Andaquies
CO.36.15087	Belén
CO.37.17088	Belalcázar
CO.04.08001	Barranquilla
CO.35.13074	Barranco de Loba
CO.17.44078	Barrancas
CO.26.68081	Barrancabermeja
CO.26.68079	Barichara
CO.02.05079	Barbosa
CO.26.68077	Barbosa
CO.20.52079	Barbacoas
CO.16.41078	Baraya
CO.04.08078	Baranoa
CO.24.66075	Balboa
CO.09.19075	Balboa
CO.11.27077	Bajo Baudó
CO.11.27073	Bagadó
CO.12.23068	Ayapel
CO.28.73067	Ataco
CO.28.73055	Armero
CO.02.05059	Armenia
CO.23.63001	Armenia
CO.35.13052	Arjona
CO.29.76054	Argelia
CO.09.19050	Argelia
CO.36.15051	Arcabuco
CO.02.05051	Arboletes
CO.21.54051	Arboledas
CO.20.52051	Arboleda
CO.33.25053	Arbeláez
CO.03.81001	Arauca
CO.26.68051	Aratoca
CO.37.17050	Aranzazu
CO.38.47053	Aracataca
CO.36.15047	Aquitania
CO.24.66045	Apía
CO.28.73043	Anzoátegui
CO.02.05044	Anza
CO.02.05042	Santafé de Antioquia
CO.29.76041	Ansermanuevo
CO.02.05040	Anorí
CO.33.25040	Anolaima
CO.02.05038	Angostura
CO.02.05036	Angelópolis
CO.02.05034	Andes
CO.29.76036	Andalucía
CO.20.52036	Ancuyá
CO.33.25035	Anapoima
CO.28.73030	Ambalema
CO.02.05031	Amalfi
CO.02.05030	Amagá
CO.28.73026	Alvarado
CO.11.27025	Alto Baudo
CO.16.41026	Altamira
CO.28.73024	Alpujarra
CO.36.15022	Almeida
CO.09.19022	Almaguer
CO.16.41020	Algeciras
CO.38.47030	Algarrobo
CO.02.05021	Alejandría
CO.20.52022	Aldana
CO.29.76020	Alcalá
CO.26.68020	Albania
CO.33.25019	Albán
CO.20.52019	Albán
CO.16.41016	Aipe
CO.10.20013	Agustín Codazzi
CO.32.85010	Aguazul
CO.33.25001	Agua de Dios
CO.37.17013	Aguadas
CO.10.20011	Aguachica
CO.16.41013	Agrado
CO.35.13006	Achí
CO.11.27006	Acandí
CO.19.50006	Acacías
CO.02.05004	Abriaquí
CO.21.54003	Abrego
CO.02.05002	Abejorral
CO.03.81065	Arauquita
CO.03.81300	Fortul
CO.03.81591	Puerto Rondón
CO.03.81220	Cravo Norte
CO.32.85136	La Salina
CO.22.86571	Puerto Guzmán
CO.08.18785	Solita
CO.14.95015	Calamar
CO.19.50350	La Macarena
CO.14.95001	San José del Guaviare
CO.14.95200	Miraflores
CO.08.18460	Milán
CO.08.18592	Puerto Rico
CO.08.18247	El Doncello
CO.08.18256	El Paujil
CO.19.50330	Mesetas
CO.19.50711	Vistahermosa
CO.19.50450	Puerto Concordia
CO.02.05490	Necoclí
CO.08.18029	Albania
CO.38.47058	Ariguaní
CO.33.25530	Paratebueno
CO.10.20710	San Alberto
CO.12.23090	Canalete
CO.12.23300	Cotorra
CO.26.68867	Vetas
CO.01.91001	Leticia
CO.01.91540	Puerto Nariño
CO.11.27800	Unguía
CO.01.91798	Tarapacá
CO.21.54810	Tibú
CO.32.85410	Tauramena
CO.02.05045	Apartadó
CO.36.15764	Soracá
CO.02.05055	Argelia
CO.02.05142	Caracolí
CO.20.52240	Chachagüí
CO.35.13688	Santa Rosa del Sur
CO.10.20770	San Martín
CO.36.15224	Cucaita
CO.19.50686	San Juanito
CO.02.05250	El Bagre
CO.19.50251	El Castillo
CO.02.05147	Carepa
CO.02.05353	Hispania
CO.02.05495	Nechí
CO.02.05591	Puerto Triunfo
CO.02.05631	Sabaneta
CO.02.05658	San José de La Montaña
CO.02.05659	San Juan de Urabá
CO.02.05665	San Pedro de Uraba
CO.02.05690	Santo Domingo
CO.02.05790	Tarazá
CO.02.05842	Uramita
CO.32.85440	Villanueva
CO.02.05873	Vigía del Fuerte
CO.02.05893	Yondó
CO.04.08675	Santa Lucía
CO.35.13160	Cantagallo
CO.35.13188	Cicuco
CO.35.13300	Hatillo de Loba
CO.22.86755	San Francisco
CO.35.13670	San Pablo
CO.35.13780	Talaigua Nuevo
CO.02.05652	San Francisco
CO.35.13810	Tiquisio
CO.33.25612	Ricaurte
CO.02.05107	Briceño
CO.36.15232	Chíquiza
CO.28.73461	Murillo
CO.36.15187	Chivatá
CO.36.15236	Chivor
CO.19.50590	Puerto Rico
CO.28.73347	Herveo
CO.36.15476	Motavita
CO.36.15500	Oicatá
CO.36.15580	Quípama
CO.36.15660	San Eduardo
CO.36.15686	Santana
CO.36.15761	Somondoco
CO.27.70702	San Juan de Betulia
CO.36.15762	Sora
CO.36.15810	Tipacoque
CO.27.70418	Los Palmitos
CO.36.15832	Tununguá
CO.27.70400	La Unión
CO.27.70265	Guaranda
CO.27.70204	Coloso
CO.08.18150	Cartagena del Chairá
CO.26.68720	Santa Helena del Opón
CO.08.18205	Curillo
CO.26.68573	Puerto Parra
CO.26.68385	Landázuri
CO.09.19290	Florencia
CO.08.18479	Morelia
CO.26.68377	La Belleza
CO.08.18610	San José del Fragua
CO.26.68271	Florián
CO.08.18756	Solano
CO.26.68255	El Playón
CO.26.68235	El Carmen de Chucurí
CO.23.63212	Córdoba
CO.09.19780	Suárez
CO.22.86885	Villagarzón
CO.22.86865	Valle del Guamuez
CO.10.20032	Astrea
CO.22.86749	Sibundoy
CO.10.20045	Becerril
CO.10.20060	Bosconia
CO.22.86760	Santiago
CO.10.20228	Curumaní
CO.10.20250	El Paso
CO.22.86569	Puerto Caicedo
CO.10.20443	Manaure
CO.22.86568	Puerto Asís
CO.10.20517	Pailitas
CO.23.63111	Buenavista
CO.22.86320	Orito
CO.12.23079	Buenavista
CO.21.54553	Puerto Santander
CO.21.54385	La Esperanza
CO.10.20750	San Diego
CO.10.20001	Valledupar
CO.20.52565	Providencia
CO.20.52540	Policarpa
CO.20.52685	San Bernardo
CO.12.23419	Los Córdobas
CO.20.52405	Leiva
CO.12.23464	Momil
CO.12.23500	Moñitos
CO.20.52385	La Llanada
CO.08.18860	Valparaíso
CO.33.25335	Guayabetal
CO.20.52233	Cumbitara
CO.19.50683	San Juan de Arama
CO.04.08560	Ponedera
CO.19.50680	San Carlos de Guaroa
CO.20.52490	Olaya Herrera
CO.19.50568	Puerto Gaitán
CO.19.50400	Lejanías
CO.10.20238	El Copey
CO.19.50287	Fuente de Oro
CO.26.68190	Cimitarra
CO.19.50270	El Dorado
CO.19.50223	Cubarral
CO.19.50124	Cabuyaro
CO.29.76109	Buenaventura
CO.29.76403	La Victoria
CO.33.25740	Sibaté
CO.33.25871	Villagómez
CO.29.76892	Yumbo
CO.30.97161	Caruru
CO.15.94001	Inírida
CO.30.97001	Mitú
CO.17.44560	Manaure
CO.17.44855	Urumita
CO.14.95025	El Retorno
CO.16.41530	Palestina
CO.38.47170	Chibolo
CO.19.50110	Barranca de Upía
CO.31.99773	Cumaribo
CO.31.99524	La Primavera
CO.21.54250	El Tarra
CO.27.70235	Galeras
CO.31.99001	Puerto Carreño
CO.21.54405	Los Patios
CO.19.50325	Mapiripán
CO.35.13458	Montecristo
CO.31.99624	Santa Rosalía
CO.26.68655	Sabana de Torres
CO.36.15514	Páez
CO.10.20550	Pelaya
CO.35.13030	Altos del Rosario
CO.35.13600	Río Viejo
CO.02.05315	Guadalupe
CO.28.73671	Saldaña
CO.26.68872	Villanueva
CO.32.85300	Sabanalarga
CO.33.25120	Cabrera
CO.17.44110	El Molino
CO.02.05313	Granada
CO.11.27150	Carmen del Darien
CO.11.27050	Atrato
CO.11.27810	Unión Panamericana
CO.11.27425	Medio Atrato
CO.11.27600	Río Quito
CO.24.66170	Dosquebradas
CO.11.27160	Cértegui
CO.11.27430	Medio Baudó
CO.11.27580	Río Iro
CO.17.44090	Dibulla
CO.22.86757	San Miguel
CO.02.05390	La Pintada
CO.26.68705	Santa Bárbara
CO.33.25506	Venecia
CO.33.25312	Granada
CO.33.25260	El Rosal
CO.10.20400	La Jagua de Ibirico
CO.10.20570	Pueblo Bello
CO.33.25645	San Antonio del Tequendama
CO.35.13222	Clemencia
CO.17.44098	Distracción
CO.17.44035	Albania
CO.17.44378	Hatonuevo
CO.38.47980	Zona Bananera
CO.36.15401	La Victoria
CO.09.19300	Guachene
CO.12.23682	San Jose De Ure
CO.12.23815	Tuchin
CO.35.13490	Norosi
CO.02.05101	Ciudad Bolívar
CO.02.05148	El Carmen de Viboral
CO.09.19533	Piamonte
CO.09.19785	Sucre
CO.09.19845	Villa Rica
CO.11.27135	El Cantón del San Pablo
CO.11.27250	El Litoral del San Juan
CO.17.44420	La Jagua del Pilar
CO.19.50370	Uribe
CO.20.52254	El Peñol
CO.20.52480	Nariño
CO.20.52835	San Andres de Tumaco
CO.22.86219	Colón
CO.22.86573	Leguízamo
CO.26.68250	El Peñón
CO.27.70110	Buenavista
CO.27.70221	Coveñas
CO.27.70233	El Roble
CO.27.70742	San Luis de Sincé
CO.27.70820	Santiago de Tolú
CO.28.73520	Palocabildo
CO.29.76111	Guadalajara de Buga
CO.33.25843	Villa de San Diego de Ubate
CO.34.11001	Bogotá  D.C.
CO.35.13042	Arenal
CO.35.13062	Arroyohondo
CO.35.13580	Regidor
CO.35.13655	San Jacinto del Cauca
CO.36.15690	Santa María
CO.37.17495	Norcasia
CO.37.17665	San José
CO.38.47205	Concordia
CO.38.47268	El Retén
CO.38.47460	Nueva Granada
CO.38.47545	Pijiño del Carmen
CO.38.47660	Sabanas de San Angel
CO.38.47720	Santa Bárbara de Pinto
CO.38.47960	Zapayán
CR.08.111	Vázquez de Coronado
CR.01.212	Sarchí
CR.01.213	Upala
CR.02.305	Turrialba
CR.03.508	Tilarán
CR.08.113	Tibás
CR.08.105	Tarrazú
CR.06.704	Talamanca
CR.06.703	Siquirres
CR.04.410	Sarapiquí
CR.04.403	Santo Domingo
CR.03.503	Santa Cruz
CR.04.404	Santa Bárbara
CR.08.109	Santa Ana
CR.04.405	San Rafael
CR.04.409	San Pablo
CR.01.204	San Mateo
CR.08.101	San José
CR.01.210	San Carlos
CR.08.104	Puriscal
CR.07.601	Puntarenas
CR.06.702	Pococí
CR.01.208	Poás
CR.08.119	Pérez Zeledón
CR.07.609	Parrita
CR.02.302	Paraíso
CR.01.207	Palmares
CR.07.605	Osa
CR.01.209	Orotina
CR.02.307	Oreamuno
CR.03.502	Nicoya
CR.01.206	Naranjo
CR.03.509	Nandayure
CR.08.114	Moravia
CR.08.107	Mora
CR.07.604	Montes de Oro
CR.08.115	Montes de Oca
CR.06.705	Matina
CR.01.214	Los Chiles
CR.06.701	Limón
CR.03.501	Liberia
CR.08.120	León Cortés Castro
CR.02.303	La Unión
CR.03.510	La Cruz
CR.02.304	Jiménez
CR.03.511	Hojancha
CR.04.401	Heredia
CR.06.706	Guácimo
CR.01.203	Grecia
CR.07.607	Golfito
CR.08.108	Goicoechea
CR.04.408	Flores
CR.07.602	Esparza
CR.08.102	Escazú
CR.02.308	El Guarco
CR.08.103	Desamparados
CR.08.118	Curridabat
CR.07.608	Coto Brus
CR.07.610	Corredores
CR.02.301	Cartago
CR.03.505	Carrillo
CR.03.506	Cañas
CR.07.603	Buenos Aires
CR.04.407	Belén
CR.03.504	Bagaces
CR.01.205	Atenas
CR.08.106	Aserrí
CR.01.211	Zarcero
CR.08.110	Alajuelita
CR.01.201	Alajuela
CR.07.606	Quepos
CR.08.112	Acosta
CR.03.507	Abangares
CR.01.202	San Ramón
CR.07.611	Garabito
CU.10.3503	Municipio de Yateras
CU.14.2801	Municipio de Yaguajay
CU.01.2104	Municipio de Viñales
CU.03.2509	Municipio de Unión de Reyes
CU.14.2806	Municipio de Trinidad
CU.16.2611	Municipio de Santo Domingo
CU.15.3406	Municipio de Santiago de Cuba
CU.08.2704	Municipio de Santa Isabel de las Lajas
CU.05.3013	Municipio de Santa Cruz del Sur
CU.MA.2404	Municipio de Santa Cruz del Norte
CU.16.2609	Municipio de Santa Clara
CU.MA.2407	Municipio de San Nicolás
CU.01.2109	Municipio de San Luis
CU.15.3403	Municipio de San Luis
CU.01.2110	Municipio de San Juan y Martínez
CU.16.2607	Remedios
CU.MA.2402	Municipio de San José de las Lajas
CU.14.2807	Municipio de Sancti Spíritus
CU.AR.2211	Municipio de San Cristóbal
CU.AR.2206	Municipio de San Antonio de los Baños
CU.16.2603	Municipio de Sagua la Grande
CU.12.3213	Municipio de Sagua de Tánamo
CU.08.2702	Municipio de Rodas
CU.02.2305	Municipio de Regla
CU.16.2612	Municipio de Ranchuelo
CU.MA.2411	Municipio de Quivicán
CU.16.2602	Municipio de Quemado de Güines
CU.13.3102	Municipio de Puerto Padre
CU.01.2108	Municipio de Pinar del Río
CU.03.2505	Municipio de Perico
CU.03.2507	Municipio de Pedro Betancourt
CU.08.2703	Municipio de Palmira
CU.15.3407	Municipio de Palma Soriano
CU.05.3005	Municipio de Nuevitas
CU.MA.2406	Municipio de Nueva Paz
CU.09.3309	Municipio de Niquero
CU.07.2902	Municipio de Morón
CU.MA.2409	Municipio de Melena del Sur
CU.12.3211	Municipio de Mayarí
CU.03.2501	Municipio de Matanzas
CU.03.2503	Municipio de Martí
CU.AR.2202	Municipio de Mariel
CU.02.2311	Municipio de Marianao
CU.09.3306	Municipio de Manzanillo
CU.01.2102	Municipio de Mantua
CU.MA.2405	Municipio de Madruga
CU.01.2106	Municipio de Los Palacios
CU.03.2513	Municipio de Los Arabos
CU.13.3105	Municipio de Las Tunas
CU.01.2105	Municipio de La Palma
CU.03.2506	Municipio de Jovellanos
CU.09.3303	Municipio de Jiguaní
CU.14.2802	Municipio de Jatibonico
CU.MA.2403	Municipio de Jaruco
CU.03.2511	Municipio de Jagüey Grande
CU.12.3206	Municipio de Holguín
CU.AR.2207	Municipio de Güira de Melena
CU.MA.2408	Municipio de Güines
CU.10.3509	Municipio de Guantánamo
CU.01.2111	Municipio de Guane
CU.AR.2203	Municipio de Guanajay
CU.02.2307	Municipio de Guanabacoa
CU.05.3006	Municipio de Guáimaro
CU.12.3201	Municipio de Gibara
CU.14.2805	Municipio de Fomento
CU.05.3009	Municipio de Florida
CU.05.3002	Municipio de Esmeralda
CU.16.2604	Municipio de Encrucijada
CU.16.2601	Municipio de Corralillo
CU.01.2107	Municipio de Consolación del Sur
CU.03.2504	Municipio de Colón
CU.16.2610	Municipio de Cifuentes
CU.08.2707	Municipio de Cienfuegos
CU.07.2908	Municipio de Ciego de Ávila
CU.03.2502	Municipio de Cárdenas
CU.AR.2210	Municipio de Candelaria
CU.09.3307	Municipio de Campechuela
CU.16.2605	Municipio de Camajuaní
CU.05.3008	Municipio de Camagüey
CU.AR.2204	Municipio de Caimito
CU.16.2606	Municipio de Caibarién
CU.14.2804	Municipio de Cabaiguán
CU.MA.2401	Municipio de Bejucal
CU.09.3304	Municipio de Bayamo
CU.AR.2205	Municipio de Bauta
CU.MA.2410	Municipio de Batabanó
CU.10.3504	Municipio de Baracoa
CU.12.3203	Municipio de Banes
CU.AR.2209	Municipio de Artemisa
CU.12.3204	Municipio de Antilla
CU.AR.2208	Municipio de Alquízar
CU.08.2701	Municipio de Aguada de Pasajeros
CU.13.3106	Municipio de Jobabo
CU.13.3101	Municipio de Manatí
CU.13.3103	Municipio de Jesús Menéndez
CU.07.2910	Municipio de Baraguá
CU.07.2905	Municipio de Ciro Redondo
CU.07.2901	Municipio de Chambas
CU.09.3301	Municipio de Río Cauto
CU.01.2103	Minas De Matahambre
CU.02.2313	Boyeros
CU.02.2303	Centro Habana
CU.02.2310	Cerro
CU.02.2309	Diez De Octubre
CU.02.2306	La Habana Del Este
CU.02.2304	La Habana Vieja
CU.02.2312	La Lisa
CU.02.2302	Plaza De La Revolucion
CU.03.2512	Calimete
CU.05.3011	Jimaguayu
CU.05.3004	Minas
CU.05.3007	Sibanicu
CU.05.3010	Vertientes
CU.07.2903	Bolivia
CU.07.2906	Florencia
CU.07.2907	Majagua
CU.07.2904	Primero De Enero
CU.08.2706	Cumanayagua
CU.09.3311	Bartolome Maso
CU.09.3312	Buey Arriba
CU.09.3302	Cauto Cristo
CU.09.3313	Guisa
CU.09.3308	Media Luna
CU.09.3310	Pilon
CU.09.3305	Yara
CU.10.3508	Caimanera
CU.10.3505	Maisi
CU.10.3507	San Antonio Del Sur
CU.12.3205	Baguanos
CU.12.3212	Frank Pais
CU.12.3214	Moa
CU.13.3108	Amancio
CU.13.3107	Colombia
CU.13.3104	Majibacoa
CU.14.2803	Taguasco
CU.15.3401	Contramaestre
CU.15.3404	Segundo Frente
CU.16.2613	Manicaragua
CU.AR.2201	Bahia Honda
CU.12.3209	Urbano Noris
CU.12.3202	Rafael Freyre
CU.05.3001	Carlos Manuel De Cespedes
CU.02.2301	Playa
CU.12.3210	Cueto
CU.05.3012	Najasa
CV.04.7669150	Nossa Senhora da Luz
CV.18.11429194	Nossa Senhora da Conceicao
CV.17.11468611	Sao Nicolau Tolentino
CV.07.11468615	Santo Crucifixo
CV.08.11996036	Nossa Senhora das Dores
CV.13.11996037	Nossa Senhora da Ajuda
CV.01.11996041	Santa Isabel
CV.26.11996044	Sao Salvador do Mundo
CV.11.11996047	Nossa Senhora da Luz
CV.21.11996050	Sao Joao Baptista
CV.18.11996051	Sao Lourenco
CV.15.11996052	Santa Catarina
CV.16.11996053	Santiago Maior
CV.20.11996054	Santo Amaro Abade
CV.19.11996056	Sao Miguel Arcanjo
CV.14.11996057	Nossa Senhora da Graca
CV.23.11996058	Santissimo Nome de Jesus
CY.04.1010	Ágios Dométios
CY.04.1012	Stróvolos
CY.04.1013	Aglantziá
CY.04.1021	Lakatámia
CY.04.1024	Géri
CY.04.1102	Alámpra
CY.04.1107	Dáli
CY.04.1108	Lýmpia
CY.04.1109	Lythrodóntas
CY.04.1209	Klírou
CY.04.1210	Aredioú
CY.04.1225	Tséri
CY.04.1227	Péra
CY.04.1229	Psimolófou
CY.04.1230	Ergátes
CY.04.1232	Páno Defterá
CY.04.1233	Káto Defterá
CY.04.1243	Kokkinotrimithiá
CY.04.1340	Mórfou
CY.04.1244	Mámmari
CY.04.1360	Akáki
CY.04.1361	Peristeróna
CY.04.1362	Astromerítis
CY.04.1368	Méniko
CY.04.1404	Kakopetriá
CY.04.1435	Léfka
CY.04.1457	Káto Pýrgos
CY.02.2000	Kerýneia
CY.02.2222	Lápithos
CY.01.3000	Ammóchostos
CY.01.3100	Agía Nápa
CY.01.3101	Paralímni
CY.01.3102	Derýneia
CY.01.3104	Liopétri
CY.01.3105	Frénaros
CY.01.3110	Avgórou
CY.01.3111	Áchna
CY.01.3114	Acherítou
CY.01.3120	Égkomi
CY.01.3136	Tríkomo
CY.01.3221	Lefkónoiko
CY.01.3345	Leonárisso
CY.01.3352	Aigialoúsa
CY.01.3356	Rizokárpaso
CY.03.4000	Lárnaka
CY.03.4010	Aradíppou
CY.03.4101	Troúlloi
CY.03.4102	Voróklini
CY.03.4104	Pýla
CY.03.4105	Xylotýmvou
CY.03.4106	Ormídeia
CY.03.4107	Xylofágou
CY.03.4108	Pérgamos
CY.03.4110	Kíti
CY.03.4112	Tersefánou
CY.03.4215	Kórnos
CY.03.4202	Athiénou
CY.03.4212	Mosfilotí
CY.03.4213	Psevdás
CY.03.4309	Kofínou
CY.05.5013	Germasógeia
CY.05.5020	Páno Polemídia
CY.05.5021	Ýpsonas
CY.05.5022	Káto Polemídia
CY.05.5120	Mouttagiáka
CY.05.5125	Parekklisiá
CY.05.5211	Erími
CY.05.5214	Sotíra
CY.05.5227	Pissoúri
CY.05.5308	Páchna
CY.05.5365	Peléndri
CY.05.5369	Kyperoúnta
CY.06.6010	Geroskípou Municipality
CY.06.6011	Koniá
CY.06.6020	Chlórakas
CY.06.6022	Émpa
CY.06.6023	Tremithoúsa
CY.06.6025	Mesógi
CY.06.6026	Tála
CY.06.6027	Kissónerga
CY.06.6120	Tsáda
CY.06.6123	Polémi
CY.06.6133	Pégeia
CY.06.6318	Meládeia
CY.06.6343	Pólis
CY.06.6363	Argáka
CY.05.5129	Pyrgos
CY.03.4111	Perivolia (Larnakas)
CY.03.4011	Livadia (Larnakas)
CY.03.4210	Kalo Chorio (Larnakas)
CY.03.4014	Dromolaxia-Meneou
CY.05.5356	Troodos
CZ.78.0647	Okres Znojmo
CZ.80.0635	Okres Žďár nad Sázavou
CZ.78.0646	Okres Vyškov
CZ.90.0723	Okres Vsetín
CZ.86.0534	Okres Ústí nad Orlicí
CZ.89.0427	Okres Ústí nad Labem
CZ.90.0722	Okres Uherské Hradiště
CZ.82.0525	Okres Trutnov
CZ.80.0634	Okres Třebíč
CZ.89.0426	Okres Teplice
CZ.87.0327	Okres Tachov
CZ.79.0317	Okres Tábor
CZ.86.0533	Okres Svitavy
CZ.84.0715	Okres Šumperk
CZ.79.0316	Okres Strakonice
CZ.81.0413	Okres Sokolov
CZ.83.0514	Okres Semily
CZ.82.0524	Okres Rychnov nad Kněžnou
CZ.87.0326	Okres Rokycany
CZ.88.020C	Okres Rakovník
CZ.84.0713	Okres Prostějov
CZ.88.020B	Okres Příbram
CZ.84.0714	Okres Přerov
CZ.88.020A	Okres Praha-západ
CZ.88.0209	Okres Praha-východ
CZ.79.0315	Okres Prachatice
CZ.87.0325	Okres Plzeň-sever
CZ.87.0323	Okres Plzeň-město
CZ.87.0324	Okres Plzeň-jih
CZ.79.0314	Okres Písek
CZ.80.0633	Okres Pelhřimov
CZ.86.0532	Okres Pardubice
CZ.85.0806	Okres Ostrava-město
CZ.85.0805	Okres Opava
CZ.84.0712	Okres Olomouc
CZ.88.0208	Okres Nymburk
CZ.85.0804	Okres Nový Jičín
CZ.82.0523	Okres Náchod
CZ.89.0425	Okres Most
CZ.88.0207	Okres Mladá Boleslav
CZ.88.0206	Okres Mělník
CZ.89.0424	Okres Louny
CZ.89.0423	Okres Litoměřice
CZ.83.0513	Okres Liberec
CZ.88.0205	Okres Kutná Hora
CZ.90.0721	Okres Kroměříž
CZ.88.0204	Okres Kolín
CZ.87.0322	Okres Klatovy
CZ.88.0203	Okres Kladno
CZ.85.0803	Okres Karviná
CZ.81.0412	Okres Karlovy Vary
CZ.79.0313	Okres Jindřichův Hradec
CZ.80.0632	Okres Jihlava
CZ.82.0522	Okres Jičín
CZ.83.0512	Okres Jablonec nad Nisou
CZ.82.0521	Okres Hradec Králové
CZ.78.0645	Okres Hodonín
CZ.80.0631	Okres Havlíčkův Brod
CZ.90.0724	Okres Zlín
CZ.85.0802	Okres Frýdek-Místek
CZ.87.0321	Okres Domažlice
CZ.89.0421	Okres Děčín
CZ.86.0531	Okres Chrudim
CZ.89.0422	Okres Chomutov
CZ.81.0411	Okres Cheb
CZ.79.0312	Okres Český Krumlov
CZ.79.0311	Okres České Budějovice
CZ.83.0511	Okres Česká Lípa
CZ.85.0801	Okres Bruntál
CZ.78.0643	Okres Brno-venkov
CZ.78.0642	Město Brno
CZ.78.0644	Okres Břeclav
CZ.78.0641	Okres Blansko
CZ.88.0202	Okres Beroun
CZ.88.0201	Okres Benešov
CZ.84.0711	Okres Jeseník
CZ.52.8378769	Praha 1
CZ.52.8378770	Praha 2
CZ.52.8378771	Praha 3
CZ.52.8378772	Praha 4
CZ.52.8378773	Praha 5
CZ.52.8378774	Praha 6
CZ.52.8378775	Praha 7
CZ.52.8378776	Praha 8
CZ.52.8378777	Praha 9
CZ.52.8378778	Praha 10
CZ.52.8378779	Praha 11
CZ.52.8378780	Praha 12
CZ.52.8378781	Praha 13
CZ.52.8378782	Praha 14
CZ.52.8378784	Praha 15
CZ.52.8378785	Praha 16
CZ.52.8378787	Praha 17
CZ.52.8378788	Praha 18
CZ.52.8378789	Praha 19
CZ.52.8378790	Praha 20
CZ.52.8378792	Praha 21
CZ.52.8378793	Praha 22
DE.02.096	Regierungsbezirk Unterfranken
DE.02.097	Swabia
DE.02.093	Upper Palatinate
DE.02.094	Upper Franconia
DE.02.091	Upper Bavaria
DE.02.092	Lower Bavaria
DE.07.055	Regierungsbezirk Münster
DE.02.095	Regierungsbezirk Mittelfranken
DE.07.053	Regierungsbezirk Köln
DE.05.066	Regierungsbezirk Kassel
DE.01.083	Freiburg Region
DE.07.051	Düsseldorf District
DE.07.057	Regierungsbezirk Detmold
DE.05.064	Regierungsbezirk Darmstadt
DE.07.059	Regierungsbezirk Arnsberg
DE.01.082	Karlsruhe Region
DE.01.081	Regierungsbezirk Stuttgart
DE.01.084	Tübingen Region
DE.05.065	Regierungsbezirk Gießen
DK.20.390	Vordingborg Kommune
DK.18.791	Viborg Kommune
DK.21.630	Vejle Kommune
DK.21.575	Vejen Kommune
DK.17.187	Vallensbæk Kommune
DK.21.550	Tønder Kommune
DK.19.787	Thisted Kommune
DK.17.185	Tårnby Kommune
DK.21.479	Svendborg Kommune
DK.18.671	Struer Kommune
DK.20.336	Stevns Kommune
DK.20.340	Sorø Kommune
DK.21.540	Sønderborg Kommune
DK.20.269	Solrød Kommune
DK.20.330	Slagelse Kommune
DK.18.779	Skive Kommune
DK.18.746	Skanderborg Kommune
DK.18.740	Silkeborg Kommune
DK.18.741	Samsø Kommune
DK.20.265	Roskilde Kommune
DK.17.175	Rødovre Kommune
DK.20.329	Ringsted Kommune
DK.18.730	Randers Kommune
DK.21.461	Odense Kommune
DK.18.727	Odder Kommune
DK.21.450	Nyborg Kommune
DK.20.370	Næstved Kommune
DK.19.773	Morsø Kommune
DK.21.410	Middelfart Kommune
DK.17.173	Lyngby-Tårbæk Kommune
DK.19.825	Læso Kommune
DK.18.665	Lemvig Kommune
DK.20.350	Lejre Kommune
DK.17.101	København
DK.21.621	Kolding Kommune
DK.20.259	Køge Kommune
DK.21.440	Kerteminde Kommune
DK.20.326	Kalundborg Kommune
DK.17.183	Ishøj Kommune
DK.17.167	Hvidovre Kommune
DK.17.223	Hørsholm Kommune
DK.18.615	Horsens Kommune
DK.18.661	Holstebro Kommune
DK.20.316	Holbæk Kommune
DK.19.860	Hjørring Kommune
DK.17.219	Hillerød Kommune
DK.18.657	Herning Kommune
DK.17.163	Herlev Kommune
DK.17.217	Helsingør Kommune
DK.18.766	Hedensted Kommune
DK.21.510	Haderslev Kommune
DK.20.253	Greve Kommune
DK.17.161	Glostrup Kommune
DK.17.159	Gladsaxe Municipality
DK.17.157	Gentofte Kommune
DK.17.250	Frederikssund Kommune
DK.19.813	Frederikshavn Kommune
DK.17.147	Frederiksberg Kommune
DK.21.607	Fredericia Kommune
DK.21.563	Fanø Kommune
DK.21.573	Varde Kommune
DK.17.155	Dragør Kommune
DK.17.411	Christiansø
DK.19.810	Brønderslev Kommune
DK.17.153	Brøndby Kommune
DK.17.400	Bornholm Kommune
DK.21.530	Billund Kommune
DK.17.151	Ballerup Kommune
DK.21.420	Assens Kommune
DK.18.751	Aarhus Kommune
DK.17.201	Allerød Kommune
DK.17.165	Albertslund Kommune
DK.21.580	Aabenraa Kommune
DK.21.561	Esbjerg Kommune
DK.19.849	Jammerbugt Kommune
DK.17.190	Furesø Kommune
DK.20.306	Odsherred Kommune
DK.21.480	Nordfyns Kommune
DK.19.846	Mariagerfjord Kommune
DK.20.320	Faxe Kommune
DK.18.760	Ringkøbing-Skjern Kommune
DK.18.707	Norddjurs Kommune
DK.19.851	Ålborg Kommune
DK.21.492	Ærø Kommune
DK.21.430	Faaborg-Midtfyn Kommune
DK.19.840	Rebild Kommune
DK.17.169	Høje-Taastrup Kommune
DK.19.820	Vesthimmerland Kommune
DK.17.210	Fredensborg Kommune
DK.17.260	Halsnæs Kommune
DK.21.482	Langeland Kommune
DK.17.230	Rudersdal Kommune
DK.18.756	Ikast-Brande Kommune
DK.17.270	Gribskov Kommune
DK.18.710	Favrskov Kommune
DK.18.706	Syddjurs Kommune
DK.17.240	Egedal Kommune
DK.20.376	Guldborgsund Kommune
DK.20.360	Lolland Kommune
DO.32.2904	Yamasá
DO.33.2106	Yaguate
DO.15.1506	Villa Vásquez
DO.19.1903	Villa Tapia
DO.06.0605	Villa Riva
DO.02.0304	Villa Jaragua
DO.18.1808	Villa Isabela
DO.33.2105	Villa Altagracia
DO.03.0405	Vicente Noble
DO.23.2206	Vallejuelo
DO.19.1902	Tenares
DO.25.2506	Tamboril
DO.02.0303	Tamayo
DO.18.1807	Sosúa
DO.25.2501	Santiago de los Caballeros
DO.10.1102	San Rafael del Yuma
DO.24.2301	San Pedro de Macorís
DO.23.2201	San Juan de la Maguana
DO.36.3101	San José de Ocoa
DO.25.2505	San José de Las Matas
DO.06.0601	San Francisco de Macorís
DO.33.2101	San Cristóbal
DO.20.2002	Sánchez
DO.20.2001	Samaná Municipality
DO.19.1901	Salcedo
DO.26.2601	San Ignacio de Sabaneta
DO.32.2903	Sabana Grande de Boyá
DO.29.3002	Sabana de La Mar
DO.14.1404	Río San Juan
DO.04.0504	Restauración
DO.24.2303	Ramón Santana
DO.18.1801	Puerto Plata
DO.09.1004	Postrer Río
DO.06.0604	Pimentel
DO.01.0205	Peralta
DO.15.1505	Pepillo Salcedo
DO.11.0705	Pedro Santana
DO.16.1601	Pedernales
DO.03.0404	Paraíso
DO.01.0204	Padre Las Casas
DO.16.1602	Oviedo
DO.35.1702	Nizao
DO.02.0301	Neiba
DO.14.1401	Nagua
DO.32.2901	Monte Plata
DO.15.1501	Monte Cristi
DO.26.2603	Monción
DO.08.0901	Moca
DO.28.0802	Miches
DO.27.2701	Mao
DO.18.1806	Luperón
DO.24.2302	Los Llanos
DO.18.1805	Los Hidalgos
DO.04.0502	Loma de Cabrera
DO.25.2504	Licey al Medio
DO.30.1301	La Vega
DO.15.1504	Las Matas de Santa Cruz
DO.23.2205	Las Matas de Farfán
DO.12.1201	La Romana
DO.27.2703	Laguna Salada
DO.09.1003	La Descubierta
DO.09.1001	Jimaní
DO.30.1303	Jarabacoa
DO.25.2503	Jánico
DO.18.1804	Imbert
DO.11.0704	Hondo Valle
DO.10.1101	Higüey
DO.29.3001	Hato Mayor
DO.15.1503	Guayubín
DO.12.1202	Guaymate
DO.08.0903	Gaspar Hernández
DO.21.2403	Fantino
DO.27.2702	Esperanza
DO.03.0403	Enriquillo
DO.29.3003	El Valle
DO.28.0801	El Seibo
DO.11.0703	El Llano
DO.14.1403	El Factor
DO.23.2203	El Cercado
DO.09.1002	Duvergé
DO.04.0501	Dajabón
DO.21.2401	Cotuí
DO.30.1302	Constanza
DO.11.0701	Comendador
DO.21.2402	Cevicos
DO.08.0902	Cayetano Germosén
DO.06.0603	Castillo
DO.15.1502	Castañuelas
DO.33.2104	Cambita Garabitos
DO.14.1402	Cabrera
DO.03.0402	Cabral
DO.31.2801	Bonao
DO.23.2202	Bohechío
DO.25.2502	Bisonó
DO.32.2902	Bayaguana
DO.03.0401	Barahona
DO.11.0702	Bánica
DO.35.1701	Baní
DO.33.2103	Bajos de Haina
DO.01.0201	Azua
DO.18.1802	Altamira
DO.01.0208	Tábara Arriba
DO.01.0209	Guayabal
DO.01.0210	Estebanía
DO.02.0302	Galván
DO.03.0409	Las Salinas
DO.03.0410	Polo
DO.03.0411	Jaquimeyes
DO.04.0503	Partido
DO.04.0505	El Pino
DO.06.0602	Arenoso
DO.06.0606	Las Guáranas
DO.06.0607	Eugenio María De Hostos
DO.09.1006	Mella
DO.03.0406	El Peñón
DO.03.0407	La Ciénaga
DO.34.0101	Santo Domingo De Guzmán
DO.01.0202	Las Charcas
DO.01.0203	Las Yayas De Viajama
DO.01.0207	Pueblo Viejo
DO.09.1005	Cristóbal
DO.18.1809	Villa Montellano
DO.20.2003	Las Terrenas
DO.33.2102	Sabana Grande De Palenque
DO.33.2107	San Gregorio De Nigua
DO.33.2108	Los Cacaos
DO.23.2204	Juan De Herrera
DO.24.2305	Quisqueya
DO.24.2306	Guayacanes
DO.21.2404	La Mata
DO.25.2507	Villa González
DO.25.2509	Sabana Iglesia
DO.37.3201	Santo Domingo Este
DO.37.3202	Santo Domingo Oeste
DO.37.3204	Boca Chica
DO.37.3205	San Antonio De Guerra
DO.11.0706	Juan Santiago
DO.08.0904	Jamao Al Norte
DO.30.1304	Jima Abajo
DO.18.1803	Guananico
DO.31.2803	Piedra Blanca
DO.32.2905	Peralvillo
DO.02.0305	Los Ríos
DO.03.0408	Fundación
DZ.26.2476698	Daïra de Tighennif
DZ.56.2476913	Daïra de Theniet el Had
DZ.41.2477145	Daïra de Ténès
DZ.21.2479159	Daïra de Sour el Ghozlane
DZ.15.2482209	Daïra de Sebdou
DZ.51.2485580	Daïra d’Oued Ghiou
DZ.50.2485797	Daïra d’Ouargla
DZ.26.2487291	Daïra de Mohammadia
DZ.35.2487442	Daïra de Miliana
DZ.03.2487880	Daïra de Merouana
DZ.49.2489863	Daïra de Mecheria
DZ.15.2490582	Daïra de Maghnia
DZ.14.2491040	Daïra de L’Arbaa Naït Irathen
DZ.21.2491132	Daïra de Lakhdaria
DZ.06.2491321	Daïra de Ksar el Boukhari
DZ.15.2496040	Daïra de Ghazaouet
DZ.13.2496230	Daïra de Frenda
DZ.24.2497507	Daïra d’El Milia
DZ.44.2497985	Daïra d’El Kala
DZ.33.2498664	Daïra d’El Aouinet
DZ.14.2499101	Daïra de Draa el Mizan
DZ.01.2500886	Daïra de Dar el Beïda
DZ.31.2501159	Daïra de Collo
DZ.55.2501438	Daïra de Cherchell
DZ.27.2502382	Daïra de Bou Saâda
DZ.12.2503153	Daïra de Bougaa
DZ.40.2503639	Daïra de Bordj Menaïel
DZ.20.2503767	Daïra de Blida
DZ.36.2504579	Daïra de Beni Saf
DZ.BA.2504753	Daïra de Beni Abbes
DZ.38.2505528	Daïra de Béchar
DZ.03.2505627	Daïra de Barika
DZ.14.2506041	Daïra d’Azazga
DZ.03.2506402	Daïra d’Arris
DZ.18.2507644	Daïra d’Akbou
DZ.49.2507940	Daïra d’‘Aïn Sefra
DZ.22.2507970	Daïra d’‘Aïn Oussera
DZ.12.2507978	Aïn Oulmene
DZ.29.2508001	Daïra d’Aïn M’lila
DZ.25.2508735	Daïra d’Aflou
DZ.34.2508809	Daïra d’Adrar
DZ.TM.10303657	Charouine
DZ.EM.11203916	El Ménia District
DZ.44.11204517	Dréan District
DZ.48.11204560	Chelghoum Laïd District
DZ.36.12952421	El Amria
DZ.19.12952422	Zeribet El Oued
DZ.09.12952430	Ain Turk
DZ.09.12952431	Arzew
DZ.09.12952432	Bethioua
DZ.09.12952433	Boutlelis
DZ.37.12952437	El Hadjar
DZ.43.12952439	Robbah
DZ.19.12952444	Ourlal
DZ.48.12952449	Ferdjioua
DZ.14.12952450	Maatkas
DZ.34.12952467	Zaouiat Kounta
DZ.20.12952470	Boufarik
DZ.20.12952472	Bouinan
DZ.03.12952473	N'gaous
DZ.34.12952474	Tsabit
DZ.35.12952477	Khemis
DZ.01.12952478	Bab El Oued
DZ.01.12952479	Cheraga
DZ.01.12952480	Zeralda
DZ.39.12952481	Bordj Zemmoura
DZ.04.12952483	Hamma Bouziane
DZ.41.12952487	Ain Merane
DZ.43.12952490	Debila
DZ.43.12952491	Guemar
DZ.23.12952494	Heliopolis
DZ.09.12952500	Gdyel
DZ.29.12952502	Ain Fekroun
DZ.51.12952504	Mazouna
DZ.55.12952509	Bou Ismail
DZ.55.12952512	Kolea
DZ.14.12952514	Ouaguenoun
DZ.14.12952515	Tizi Rached
DZ.34.12952518	Fenoughil
DZ.34.12952519	Reggane
DZ.35.12952522	El Attaf
DZ.43.12952527	Reguiba
DZ.18.12952529	Amizour
DZ.23.12952533	Oued Zenati
DZ.06.12952534	Ain Boucif
DZ.27.12952535	Ain El Hadjel
DZ.29.12952537	Ain Kercha
DZ.13.12952539	Mahdia
DZ.14.12952541	Ain El Hammam
DZ.15.12952542	Hennaya
DZ.15.12952543	Mansourah
DZ.35.12952544	Hammam Righa
DZ.34.12952545	Aoulef
DZ.35.12952547	Ain Lechiakh
DZ.37.12952550	El Bouni
DZ.03.12952553	Ain Djasser
DZ.35.12952554	Djendel
DZ.35.12952556	El Abadia
DZ.36.12952559	Ain Temouchent
DZ.01.12952561	Bir Mourad Rais
DZ.36.12952562	Ain Kihel
DZ.36.12952564	El Maleh
DZ.01.12952565	Draria
DZ.36.12952567	Hammam Bou Hadjar
DZ.01.12952570	Baraki
DZ.01.12952572	Rouiba
DZ.37.12952576	Berrahal
DZ.03.12952579	Ain Touta
DZ.03.12952583	Ras El Aioun
DZ.18.12952584	Barbacha
DZ.03.12952588	Tazoult
DZ.03.12952590	Timgad
DZ.03.12952591	Tkout
DZ.18.12952592	Chemini
DZ.38.12952593	Abadla
DZ.18.12952594	Seddouk
DZ.18.12952597	El Kseur
DZ.19.12952608	Sidi Okba
DZ.19.12952609	Tolga
DZ.20.12952610	El Affroun
DZ.20.12952611	Bougara
DZ.20.12952612	Larbaa
DZ.20.12952613	Meftah
DZ.20.12952614	Mouzaia
DZ.20.12952615	Oued El Alleug
DZ.20.12952616	Ouled Yaich
DZ.39.12952620	Bordj Ghedir
DZ.39.12952623	Mansourah
DZ.39.12952624	Medjana
DZ.39.12952626	Ras El Oued
DZ.21.12952627	Ain Bessem
DZ.45.12952631	Metlili
DZ.21.12952633	M'chedallah
DZ.40.12952635	Boudouaou
DZ.40.12952638	Dellys
DZ.40.12952639	Isser
DZ.40.12952640	Khemis El Khechna
DZ.40.12952641	Naciria
DZ.40.12952643	Thenia
DZ.41.12952644	Abou El Hassane
DZ.41.12952646	Boukadir
DZ.41.12952647	Oued Fodda
DZ.22.12952655	Birine
DZ.41.12952656	Ouled Fares
DZ.22.12952657	Charef
DZ.22.12952659	Dar Chioukh
DZ.04.12952660	Ain Abid
DZ.22.12952661	El Idrissia
DZ.04.12952662	El Khroub
DZ.04.12952663	Zighoud Youcef
DZ.22.12952665	Hassi Bahbah
DZ.22.12952666	Messaad
DZ.22.12952667	Ain El Ibel
DZ.22.12952669	Faidh El Botma
DZ.45.12952672	Berriane
DZ.45.12952675	El Guerrara
DZ.42.12952676	Brezina
DZ.42.12952678	Labiodh Sidi Cheikh
DZ.43.12952682	Mih Ouensa
DZ.44.12952683	Ben M'hidi
DZ.44.12952684	Besbes
DZ.44.12952685	Bouhadjar
DZ.23.12952689	Guelaat Bousbaa
DZ.24.12952699	Ziamah Mansouriah
DZ.47.12952704	Kais
DZ.26.12952713	Bouhanifia
DZ.26.12952717	Oued El Abtal
DZ.26.12952718	Sig
DZ.06.12952720	Chellalat El Adhaoura
DZ.06.12952721	Aziz
DZ.06.12952722	Berrouaghia
DZ.06.12952724	Chahbounia
DZ.06.12952726	Medea
DZ.48.12952732	Rouached
DZ.06.12952733	Ouzera
DZ.48.12952734	Sidi Merouane
DZ.48.12952736	Tadjenanet
DZ.48.12952740	Grarem Gouga
DZ.48.12952742	Teleghma
DZ.27.12952748	Ain El Melh
DZ.09.12952752	Bir El Djir
DZ.27.12952753	Hammam Dalaa
DZ.09.12952756	Es Senia
DZ.27.12952760	Sidi Aissa
DZ.50.12952764	Hassi Messaoud
DZ.29.12952772	Meskiana
DZ.51.12952777	Djidiouia
DZ.51.12952778	Ammi Moussa
DZ.51.12952785	Zemmoura
DZ.10.12952786	Ain El Hadjar
DZ.12.12952792	Ain Arnat
DZ.12.12952794	Ain Azel
DZ.12.12952796	Babor
DZ.12.12952803	Salah Bey
DZ.30.12952804	Ain El Berd
DZ.30.12952811	Sfisef
DZ.31.12952816	Azzaba
DZ.31.12952818	El Harrouch
DZ.31.12952823	Tamalous
DZ.52.12952827	M'daourouche
DZ.33.12952829	Bir Mokadem
DZ.52.12952834	Sedrata
DZ.33.12952838	Bir El Ater
DZ.13.12952839	Ksar Chellala
DZ.33.12952840	Cheria
DZ.TM.12952841	Aougrout
DZ.33.12952844	Ouenza
DZ.13.12952846	Ain Deheb
DZ.13.12952847	Ain Kermes
DZ.55.12952851	Hadjout
DZ.13.12952856	Sougueur
DZ.56.12952864	Lardjem
DZ.14.12952865	Boghni
DZ.14.12952869	Beni Douala
DZ.14.12952870	Draa Ben Khedda
DZ.14.12952871	Makouda
DZ.14.12952872	Mekla
DZ.14.12952874	Ouadhias
DZ.14.12952876	Tizi-Ghenif
DZ.15.12952880	Bensekrane
DZ.15.12952881	Chetouane
DZ.15.12952883	Nedroma
DZ.15.12952884	Ouled Mimoun
DZ.15.12952885	Remchi
EC.08.0713	Zaruma
EC.20.1901	Zamora
EC.20.1905	Yantzaza
EC.10.0920	Cantón Yaguachi
EC.20.1904	Yacuambi
EC.13.1208	Vinces
EC.13.1207	Ventanas
EC.14.1316	Cantón Veinticuatro de Mayo
EC.24.2201	Francisco de Orellana Canton
EC.13.1206	Urdaneta
EC.10.0919	Cantón Salitre
EC.05.0401	Cantón Tulcán
EC.23.1501	Tena
EC.15.1406	Cantón Sucúa
EC.14.1314	Cantón Sucre
EC.02.0109	Sígsig
EC.12.1111	Saraguro
EC.26.2301	Santo Domingo
EC.15.1405	Santiago de Méndez
EC.08.0712	Cantón Santa Rosa
EC.25.2401	Santa Elena
EC.01.2003	Santa Cruz
EC.14.1313	Santa Ana
EC.03.0205	San Miguel
EC.09.0805	San Lorenzo
EC.01.2001	Cantón San Cristóbal
EC.10.0916	Cantón Samborondón
EC.25.2403	Salinas
EC.07.0505	Salcedo
EC.18.1705	Cantón Rumiñahui
EC.14.1312	Rocafuerte
EC.06.0601	Riobamba
EC.18.1701	Quito
EC.09.0804	Cantón Quinindé
EC.23.1507	Quijos
EC.13.1205	Quevedo
EC.19.1806	Quero
EC.07.0504	Cantón Pujilí
EC.13.1204	Puebloviejo
EC.14.1301	Portoviejo
EC.08.0711	Portovelo
EC.08.0710	Cantón Piñas
EC.11.1005	Pimampiro
EC.19.1808	Santiago de Píllaro
EC.19.1807	San Pedro de Pelileo
EC.18.1704	Pedro Moncayo
EC.02.0105	Paute
EC.19.1805	Patate
EC.17.1601	Pastaza
EC.08.0709	Pasaje
EC.07.0503	Cantón Pangua
EC.12.1109	Paltas
EC.15.1404	Palora
EC.14.1310	Cantón Paján
EC.11.1004	Otavalo
EC.10.0912	Naranjito
EC.10.0911	Naranjal
EC.09.0803	Cantón Muisne
EC.15.1401	Morona
EC.05.0405	Cantón Montúfar
EC.14.1309	Montecristi
EC.05.0404	Mira
EC.10.0910	Milagro
EC.17.1602	Cantón Mera
EC.18.1703	Cantón Mejía
EC.14.1308	Manta
EC.08.0701	Machala
EC.12.1108	Cantón Macará
EC.12.1101	Loja
EC.15.1403	Cantón Limón Indanza
EC.07.0501	Latacunga
EC.22.2101	Lago Agrio
EC.14.1307	Cantón Junín
EC.14.1306	Jipijapa
EC.01.2002	Isabela
EC.11.1001	Ibarra
EC.08.0707	Huaquillas
EC.10.0901	Guayaquil
EC.03.0201	Guaranda
EC.06.0607	Guano
EC.06.0606	Guamote
EC.15.1402	Gualaquiza
EC.02.0103	Gualaceo
EC.08.0706	El Guabo
EC.12.1107	Cantón Gonzanamá
EC.02.0102	Cantón Girón
EC.05.0403	Espejo
EC.09.0801	Esmeraldas
EC.09.0802	Eloy Alfaro
EC.10.0908	El Empalme
EC.14.1304	El Carmen
EC.10.0906	Daule
EC.02.0101	Cuenca
EC.11.1003	Cotacachi
EC.06.0603	Colta
EC.06.0605	Chunchi
EC.14.1303	Chone
EC.03.0203	Cantón Chimbo
EC.03.0202	Chillanes
EC.12.1104	Cantón Celica
EC.18.1702	Cayambe
EC.12.1103	Catamayo
EC.04.0303	Cantón Cañar
EC.12.1102	Calvas
EC.14.1302	Cantón Bolívar
EC.04.0302	Cantón Biblián
EC.19.1802	Baños de Agua Santa
EC.10.0904	Balzar
EC.13.1201	Babahoyo
EC.13.1202	Cantón Baba
EC.04.0301	Azogues
EC.08.0702	Arenillas
EC.23.1503	Archidona
EC.11.1002	Cantón Antonio Ante
EC.19.1801	Ambato
EC.06.0602	Cantón Alausí
EC.24.2202	Cantón Aguarico
EC.02.0104	Cantón Nabón
EC.13.1211	Valencia
EC.13.1210	Buena Fe
EC.23.1504	El Chaco
EC.07.0507	Sigchos
EC.05.0402	Canton Bolivar
EC.10.0905	Canton Colimes
EC.03.0206	Canton Caluma
EC.03.0204	Canton Echeandia
EC.04.0305	Canton El Tambo
EC.03.0207	Canton Las Naves
EC.18.1708	Canton Pedro Vicente Maldonado
EC.14.1317	Canton Pedernales
EC.11.1006	San Miguel de Urcuqui Canton
EC.09.0807	Rio Verde
EC.06.0608	Pallatanga
EC.06.0609	Penipe
EC.08.0703	Atahualpa
EC.08.0705	Chilla
EC.08.0708	Marcabelí
EC.10.0902	Alfredo Baquerizo Moreno (Juján)
EC.10.0903	Balao
EC.09.0806	Atacames
EC.10.0907	Durán
EC.10.0909	El Triunfo
EC.10.0913	Palestina
EC.10.0914	Pedro Carbo
EC.10.0918	Santa Lucía
EC.10.0923	Coronel Marcelino Maridueña
EC.12.1105	Chaguarpamba
EC.10.0924	Lomas De Sargentillo
EC.10.0921	Playas
EC.10.0922	Simón Bolívar
EC.10.0928	Isidro Ayora
EC.02.0111	Chordeleg
EC.13.1212	Mocache
EC.15.1407	Huamboya
EC.14.1311	Pichincha
EC.22.2106	Cascales
EC.22.2107	Cuyabeno
EC.24.2203	La Joya De Los Sachas
EC.14.1315	Tosagua
EC.14.1318	Olmedo
EC.14.1319	Puerto López
EC.14.1320	Jama
EC.15.1408	San Juan Bosco
EC.15.1409	Taisha
EC.17.1604	Arajuno
EC.18.1707	San Miguel De Los Bancos
EC.18.1709	Puerto Quito
EC.19.1803	Cevallos
EC.19.1804	Mocha
EC.19.1809	Tisaleo
EC.20.1906	El Pangui
EC.20.1908	Palanda
EC.22.2102	Gonzalo Pizarro
EC.12.1116	Olmedo
EC.13.1203	Montalvo
EC.13.1209	Palenque
EC.14.1305	Flavio Alfaro
EC.04.0304	La Troncal
EC.04.0306	Déleg
EC.04.0307	Suscal
EC.07.0502	La Maná
EC.07.0506	Saquisilí
EC.06.0604	Chambo
EC.08.0704	Balsas
EC.02.0110	Oña
EC.22.2104	Shushufindi
EC.13.1213	Quinsaloma
EC.14.1322	San Vicente
EC.17.1603	Santa Clara
EC.26.2302	La Concordia
EE.03.0321	Kohtla-Järve linn
EE.03.0511	Narva linn
EE.11.0624	Pärnu linn
EE.03.0735	Sillamäe linn
EE.01.0784	Tallinn
EE.07.0184	Haapsalu linn
EE.08.0191	Haljala vald
EE.01.0198	Harku vald
EE.11.0214	Häädemeeste vald
EE.01.0245	Jõelähtme vald
EE.05.0247	Jõgeva vald
EE.03.0251	Jõhvi vald
EE.08.0272	Kadrina vald
EE.18.0283	Kambja vald
EE.12.0284	Kanepi vald
EE.13.0293	Kehtna vald
EE.01.0296	Keila linn
EE.11.0303	Kihnu vald
EE.01.0304	Kiili vald
EE.13.0317	Kohila vald
EE.01.0338	Kose vald
EE.01.0424	Loksa linn
EE.18.0432	Luunja vald
EE.03.0442	Lüganuse vald
EE.01.0446	Maardu linn
EE.14.0478	Muhu vald
EE.13.0503	Märjamaa vald
EE.03.0514	Narva-Jõesuu linn
EE.18.0528	Nõo vald
EE.04.0567	Paide linn
EE.18.0586	Peipsiääre vald
EE.05.0618	Põltsamaa vald
EE.19.0557	Otepää vald
EE.08.0792	Tapa vald
EE.18.0796	Tartu vald
EE.11.0809	Tori vald
EE.13.0668	Rapla vald
EE.14.0689	Ruhnu vald
EE.21.0698	Rõuge vald
EE.12.0708	Räpina vald
EE.11.0712	Saarde vald
EE.01.0718	Saku vald
EE.01.0651	Raasiku vald
EE.01.0653	Rae vald
EE.08.0661	Rakvere vald
EE.08.0663	Rakvere linn
EE.01.0726	Saue vald
EE.01.0353	Kuusalu vald
EE.18.0793	Tartu linn
EE.01.0141	Anija vald
EE.21.0142	Antsla vald
EE.01.0890	Viimsi vald
EE.12.0622	Põlva vald
EE.03.0803	Toila vald
EE.04.0834	Türi vald
EE.20.0897	Viljandi linn
EE.08.0901	Vinni vald
EE.08.0903	Viru-Nigula vald
EE.07.0907	Vormsi vald
EE.21.0919	Võru linn
EE.08.0928	Väike-Maarja vald
EE.20.0899	Viljandi vald
EE.07.0441	Lääne-Nigula vald
EE.20.0480	Mulgi vald
EE.19.0855	Valga vald
EE.21.0732	Setomaa vald
EE.02.0205	Hiiumaa vald
EE.18.0171	Elva vald
EE.14.0714	Saaremaa vald
EE.04.0255	Järva vald
EE.05.0486	Mustvee vald
EE.18.0291	Kastre vald
EE.19.0824	Tõrva vald
EE.03.0130	Alutaguse vald
EE.11.0430	Lääneranna vald
EE.01.0431	Lääne-Harju vald
EE.20.0615	Põhja-Sakala vald
EE.11.0638	Põhja-Pärnumaa vald
EG.03.10430542	Markaz Idkū
ER.05.206	South Western Subregion
ER.01.404	Keren Subregion
ER.04.503	Akurdet Subregion
ER.04.507	Barentu Subregion
ER.06.304	Massawa Subregion
ER.02.604	Dekemhare Subregion
ER.02.603	Mendefera Subregion
ER.02.611	Mai-Mne Subregion
ER.04.513	Teseney Subregion
ER.04.506	Shambuko Subregion
ER.02.602	Areza Subregion
ER.03.102	Central Denkalya Subregion
ER.02.606	Adi Keyh
ER.02.601	Dbarwa
ER.03.104	Asseb
ER.04.512	Omhajer
ES.60.V	Província de València
ES.54.TO	Province of Toledo
ES.51.SE	Provincia de Sevilla
ES.53.TF	Provincia de Santa Cruz de Tenerife
ES.51.MA	Provincia de Málaga
ES.53.GC	Provincia de Las Palmas
ES.51.J	Provincia de Jaén
ES.51.H	Provincia de Huelva
ES.51.GR	Provincia de Granada
ES.54.CU	Provincia de Cuenca
ES.51.CO	Province of Córdoba
ES.54.CR	Provincia de Ciudad Real
ES.51.CA	Provincia de Cádiz
ES.57.CC	Provincia de Cáceres
ES.57.BA	Provincia de Badajoz
ES.51.AL	Almería
ES.60.A	Provincia de Alicante
ES.54.AB	Provincia de Albacete
ES.52.Z	Provincia de Zaragoza
ES.55.ZA	Provincia de Zamora
ES.59.BI	Bizkaia
ES.55.VA	Provincia de Valladolid
ES.52.TE	Provincia de Teruel
ES.56.T	Província de Tarragona
ES.55.SO	Provincia de Soria
ES.55.SG	Provincia de Segovia
ES.39.S	Provincia de Cantabria
ES.55.SA	Provincia de Salamanca
ES.58.PO	Provincia de Pontevedra
ES.55.P	Provincia de Palencia
ES.58.OR	Provincia de Ourense
ES.58.LU	Provincia de Lugo
ES.55.LE	Provincia de León
ES.58.C	Provincia da Coruña
ES.52.HU	Provincia de Huesca
ES.59.SS	Gipuzkoa
ES.54.GU	Provincia de Guadalajara
ES.60.CS	Província de Castelló
ES.55.BU	Provincia de Burgos
ES.56.B	Província de Barcelona
ES.55.AV	Provincia de Ávila
ES.59.VI	Araba / Álava
ES.56.GI	Província de Girona
ES.56.L	Província de Lleida
ES.27.LO	Provincia de La Rioja
ES.29.M	Provincia de Madrid
ES.31.MU	Murcia
ES.32.NA	Provincia de Navarra
ES.34.O	Province of Asturias
ES.07.PM	Illes Balears
ES.CE.CE	Ceuta
ES.ML.ME	Melilla
ET.56.326423	Wolayita Zone
ET.55.333384	Hadiya Zone
ET.47.343291	Asosa
ET.51.343450	Arsi Zone
ET.56.9159975	Gamo Gofa Zone
ET.52.10376670	Dollo
ET.SI.10376725	Awasa Zuria
ET.52.11750835	Korahe
ET.51.11750850	West Arsi
FI.15.153	Sydösterbotten
FI.02.021	Åboland-Turunmaa
FI.02.022	Salo
FI.10.103	Savonlinna
FI.10.105	Pieksämäki
FI.11.111	Ylä-Savo
FI.11.112	Kuopio
FI.11.113	Koillis-Savo
FI.11.114	Varkaus
FI.11.115	Sisä-Savo
FI.12.122	Joensuu
FI.12.124	Keski-Karjala
FI.12.125	Pielisen Karjala
FI.13.131	Jyväskylä
FI.13.132	Joutsa
FI.13.133	Keuruu
FI.13.134	Jämsä
FI.13.135	Äänekoski
FI.13.138	Saarijärvi-Viitasaari
FI.14.141	Suupohja
FI.14.142	Seinäjoki
FI.14.144	Kuusiokunnat
FI.14.146	Järviseutu
FI.15.152	Vaasa
FI.15.154	Jakobstadsregionen
FI.16.161	Kaustinen
FI.16.162	Kokkola
FI.17.171	Oulu
FI.17.173	Oulunkaari
FI.02.023	Turku
FI.02.024	Vakka-Suomi
FI.02.025	Loimaa
FI.01.011	Helsinki sub-region
FI.04.041	Rauma
FI.04.043	Pori
FI.04.044	Pohjois-Satakunta
FI.05.051	Hämeenlinna
FI.05.052	Riihimäki
FI.05.053	Forssa
FI.06.061	Luoteis-Pirkanmaa
FI.06.063	Etelä-Pirkanmaa
FI.06.064	Tampere
FI.06.068	Lounais-Pirkanmaa
FI.06.069	Ylä-Pirkanmaa
FI.07.071	Lahti
FI.08.081	Kouvola
FI.08.082	Kotka-Hamina
FI.09.091	Lappeenranta
FI.09.093	Imatra
FI.10.101	Mikkeli
FI.01.014	Raaseporin
FI.01.015	Porvoo
FI.01.016	Loviisa
FI.17.174	Raahe
FI.17.175	Haapavesi-Siikalatva
FI.17.176	Nivala-Haapajärvi
FI.17.177	Ylivieska
FI.17.178	Koillismaa
FI.18.181	Kehys-Kainuu
FI.18.182	Kajaani
FI.19.191	Rovaniemi
FI.19.192	Kemi-Tornio
FI.19.193	Torniolaakso
FI.19.194	Itä-Lappi
FI.19.196	Tunturi-Lappi
FI.19.197	Pohjois-Lappi
FJ.03.03	Cakaudrove Province
FJ.01.13	Serua Province
FJ.01.12	Rewa Province
FJ.05.11	Ra Province
FJ.05.08	Nandronga and Navosa Province
FJ.01.09	Naitasiri Province
FJ.05.01	Ba Province
FJ.02.05	Lau Province
FM.02.KP	Kapingamarangi Municipality
FM.02.KL	Kolonia Municipality
FM.02.MA	Madolenihm Municipality
FM.02.MO	Mokil Municipality
FM.02.NG	Sapwuahfik Municipality
FM.02.NU	Nukuoro Municipality
FM.02.PI	Pingelap Municipality
FM.02.SO	Sokehs Municipality
FM.01.LE	Lelu Municipality
FM.01.MA	Malem Municipality
FM.01.TA	Tafunsak Municipality
FM.01.UT	Utwe Municipality
FM.04.ER	Eauripik Municipality
FM.04.EL	Elato Municipality
FM.04.FS	Fais Municipality
FM.04.FP	Faraulep Municipality
FM.04.IF	Ifalik Municipality
FM.04.LA	Lamotrek Municipality
FM.04.NG	Ngulu Municipality
FM.04.RM	Rumung Municipality
FM.04.SA	Satawal Municipality
FM.04.SO	Sorol Municipality
FM.04.WE	Weloy Municipality
FM.03.ET	Ettal Municipality
FM.03.FN	Fananu Municipality
FM.03.PK	Houk Municipality
FM.03.KU	Kuttu Municipality
FM.03.LO	Losap Municipality
FM.03.LU	Lekinioch Municipality
FM.03.MA	Makur Municipality
FM.03.MC	Moch Municipality
FM.03.MU	Murilo Municipality
FM.03.NA	Nema Municipality
FM.03.NL	Namoluk Municipality
FM.03.NW	Nomwin Municipality
FM.03.OP	Oneop Municipality
FM.03.OO	Onou Municipality
FM.03.UL	Onoun Municipality
FM.03.PS	Piherarh Municipality
FM.03.PL	Piis-Emwar Municipality
FM.03.PP	Pollap Municipality
FM.03.PW	Polowat Municipality
FM.03.RU	Ruo Municipality
FM.03.SA	Satowan Municipality
FM.03.TA	Ta Municipality
FM.03.TM	Tamatam Municipality
FM.03.DU	Tonoas Municipality
FM.03.OR	Unanu Municipality
FM.03.MN	Weno Municipality
FO.NO.3	Viðareiði
FO.ST.28	Vestmanna
FO.SU.49	Vágur
FO.ST.29	Tórshavn
FO.VG.36	Sørvágur
FO.SA.43	Skúvoy
FO.SA.40	Skopun
FO.SA.41	Skálavík
FO.OS.14	Runavík
FO.SU.48	Porkeri
FO.NO.6	Kunoy
FO.NO.5	Klaksvik
FO.SU.44	Hvalbøur
FO.SU.47	Hov
FO.NO.1	Fugloy
FO.OS.19	Eiði
FO.OS.12	Eystur
FO.VG.34	Vága Municipality
FO.SU.45	Tvøroyri
FO.OS.17	Sjóvar
FR.11.78	Yvelines
FR.27.89	Yonne
FR.44.88	Vosges
FR.11.75	Paris
FR.75.86	Vienne
FR.52.85	Vendée
FR.93.84	Département du Vaucluse
FR.93.83	Var
FR.11.95	Val d'Oise
FR.11.94	Val-de-Marne
FR.76.82	Tarn-et-Garonne
FR.76.81	Tarn
FR.32.80	Somme
FR.11.93	Seine-Saint-Denis
FR.28.76	Seine-Maritime
FR.11.77	Seine-et-Marne
FR.84.73	Savoie
FR.52.72	Sarthe
FR.27.71	Saône-et-Loire
FR.76.66	Pyrénées-Orientales
FR.75.64	Pyrénées-Atlantiques
FR.84.63	Puy-de-Dôme
FR.84.69	Rhône
FR.32.62	Pas-de-Calais
FR.28.61	Orne
FR.32.60	Oise
FR.32.59	Département du Nord
FR.27.58	Nièvre
FR.44.57	Moselle
FR.53.56	Morbihan
FR.44.55	Meuse
FR.44.54	Meurthe et Moselle
FR.52.53	Mayenne
FR.44.51	Marne
FR.28.50	Manche
FR.52.49	Maine-et-Loire
FR.76.48	Lozère
FR.75.47	Lot-et-Garonne
FR.76.46	Lot
FR.24.41	Loire-et-Cher
FR.24.45	Loiret
FR.52.44	Loire-Atlantique
FR.84.42	Loire
FR.75.40	Landes
FR.27.39	Jura
FR.84.38	Isère
FR.24.37	Indre-et-Loire
FR.24.36	Indre
FR.53.35	Ille-et-Vilaine
FR.76.34	Hérault
FR.11.92	Hauts-de-Seine
FR.44.68	Haut-Rhin
FR.75.87	Haute-Vienne
FR.76.65	Hautes-Pyrénées
FR.84.74	Haute-Savoie
FR.27.70	Haute-Saône
FR.93.05	Hautes-Alpes
FR.44.52	Haute-Marne
FR.84.43	Haute-Loire
FR.76.31	Upper Garonne
FR.94.2B	Upper Corsica
FR.75.33	Gironde
FR.76.32	Gers
FR.76.30	Gard
FR.53.29	Finistère
FR.24.28	Eure-et-Loir
FR.28.27	Eure
FR.11.91	Essonne
FR.84.26	Drôme
FR.27.25	Doubs
FR.75.24	Dordogne
FR.75.79	Deux-Sèvres
FR.75.23	Creuse
FR.53.22	Côtes-d'Armor
FR.27.21	Cote d'Or
FR.94.2A	South Corsica
FR.75.19	Corrèze
FR.24.18	Cher
FR.75.17	Charente-Maritime
FR.75.16	Charente
FR.84.15	Cantal
FR.28.14	Calvados
FR.93.13	Bouches-du-Rhône
FR.27.90	Territoire de Belfort
FR.44.67	Bas-Rhin
FR.76.12	Aveyron
FR.76.11	Aude
FR.44.10	Aube
FR.76.09	Ariège
FR.44.08	Ardennes
FR.84.07	Ardèche
FR.93.06	Alpes-Maritimes
FR.93.04	Alpes-de-Haute-Provence
FR.84.03	Allier
FR.32.02	Aisne
FR.84.01	Ain
GA.05.7870326	Mougoutsi Department
GA.01.8260631	Komo-Mondah Department
GA.02.11996063	Djouori-Agnili
GA.02.11996069	Djoue
GA.02.11996070	Bayi-Brikolo
GB.ENG.Q5	City of York
GB.WLS.Z4	Wrexham
GB.ENG.Q4	Worcestershire
GB.ENG.P9	Royal Borough of Windsor and Maidenhead
GB.ENG.P8	Wiltshire
GB.ENG.P6	West Sussex
GB.SCT.W9	West Lothian
GB.SCT.W8	Eilean Siar
GB.ENG.P3	Warwickshire
GB.WLS.Z3	Vale of Glamorgan
GB.ENG.O3	Borough of Thurrock
GB.ENG.N7	Surrey
GB.ENG.N5	Suffolk
GB.SCT.W6	Stirling
GB.ENG.M9	Staffordshire
GB.ENG.M3	Somerset
GB.SCT.W3	Shetland Islands
GB.ENG.Z9	Isles of Scilly
GB.ENG.L6	Shropshire
GB.ENG.L4	District of Rutland
GB.SCT.W2	Renfrewshire
GB.WLS.Y8	Sir Powys
GB.WLS.Y7	Pembrokeshire
GB.ENG.K2	Oxfordshire
GB.SCT.V9	Orkney Islands
GB.ENG.J9	Nottinghamshire
GB.ENG.J7	North Yorkshire
GB.ENG.J6	Northumberland
GB.ENG.J5	North Tyneside
GB.ENG.I9	Norfolk
GB.SCT.V6	Moray
GB.SCT.V5	Midlothian
GB.ENG.H7	Lincolnshire
GB.ENG.H5	Leicestershire
GB.ENG.H2	Lancashire
GB.ENG.G2	Isle of Wight
GB.SCT.V4	Inverclyde
GB.SCT.V3	Highland
GB.ENG.F8	Hertfordshire
GB.ENG.F7	Herefordshire
GB.ENG.F2	Hampshire
GB.ENG.E9	Borough of Halton
GB.WLS.Y2	Gwynedd
GB.ENG.GLA	Greater London
GB.ENG.E6	Gloucestershire
GB.ENG.E5	Gateshead
GB.WLS.Y1	County of Flintshire
GB.SCT.V1	Fife
GB.ENG.E4	Essex
GB.ENG.E2	East Sussex
GB.ENG.E1	East Riding of Yorkshire
GB.SCT.U6	East Lothian
GB.ENG.D8	County Durham
GB.SCT.U2	Dumfries and Galloway
GB.ENG.D6	Dorset
GB.ENG.D4	Devon
GB.ENG.D3	Derbyshire
GB.WLS.X9	Denbighshire
GB.ENG.C9	Cumbria
GB.ENG.C6	Cornwall
GB.SCT.U1	Clackmannanshire
GB.WLS.X7	Carmarthenshire
GB.WLS.X6	County of Ceredigion
GB.ENG.C3	Cambridgeshire
GB.ENG.B9	Buckinghamshire
GB.SCT.T9	The Scottish Borders
GB.SCT.T7	Angus
GB.WLS.X1	Anglesey
GB.SCT.T6	Aberdeenshire
GB.ENG.A3	Barnsley
GB.ENG.A4	Bath and North East Somerset
GB.ENG.A7	City and Borough of Birmingham
GB.ENG.A8	Blackburn with Darwen
GB.ENG.A9	Blackpool
GB.ENG.B1	Borough of Bolton
GB.ENG.B3	Bracknell Forest
GB.ENG.B4	Bradford
GB.ENG.B6	Brighton and Hove
GB.ENG.B7	City of Bristol
GB.ENG.C1	Borough of Bury
GB.ENG.C2	Calderdale
GB.ENG.C7	Coventry
GB.ENG.D1	Darlington
GB.ENG.D2	Derby
GB.ENG.D5	Doncaster
GB.ENG.D7	Dudley
GB.ENG.F5	Hartlepool
GB.ENG.G5	Kent
GB.ENG.G6	City of Kingston upon Hull
GB.ENG.G8	Kirklees
GB.ENG.G9	Knowsley
GB.ENG.H3	City and Borough of Leeds
GB.ENG.H4	City of Leicester
GB.ENG.H8	Liverpool
GB.ENG.I1	Luton
GB.ENG.I2	Manchester
GB.ENG.I3	Medway
GB.ENG.I5	Middlesbrough
GB.ENG.I6	Milton Keynes
GB.ENG.I7	Newcastle upon Tyne
GB.ENG.J2	North East Lincolnshire
GB.ENG.J3	North Lincolnshire
GB.ENG.J4	North Somerset
GB.ENG.J8	Nottingham
GB.ENG.K1	Borough of Oldham
GB.ENG.K3	Peterborough
GB.ENG.K4	Plymouth
GB.ENG.K6	Portsmouth
GB.ENG.K7	Reading
GB.ENG.K9	Redcar and Cleveland
GB.ENG.L2	Borough of Rochdale
GB.ENG.L3	Rotherham
GB.ENG.L5	City and Borough of Salford
GB.ENG.L7	Sandwell
GB.ENG.L8	Sefton
GB.ENG.L9	Sheffield
GB.ENG.M1	Slough
GB.ENG.M2	Solihull
GB.ENG.M4	Southampton
GB.ENG.M5	Southend-on-Sea
GB.ENG.M6	South Gloucestershire
GB.ENG.M7	South Tyneside
GB.ENG.N1	St. Helens
GB.ENG.N2	Borough of Stockport
GB.ENG.N3	Stockton-on-Tees
GB.ENG.N4	Stoke-on-Trent
GB.ENG.N6	Sunderland
GB.ENG.N9	Borough of Swindon
GB.ENG.O1	Borough of Tameside
GB.ENG.O2	Telford and Wrekin
GB.ENG.O4	Borough of Torbay
GB.ENG.O6	Trafford
GB.ENG.O7	City and Borough of Wakefield
GB.ENG.O8	Walsall
GB.ENG.P2	Warrington
GB.ENG.P4	West Berkshire
GB.ENG.P7	Borough of Wigan
GB.ENG.Q1	Metropolitan Borough of Wirral
GB.ENG.Q2	Wokingham
GB.ENG.Q3	Wolverhampton
GB.NIR.N09000003	City of Belfast
GB.SCT.T5	Aberdeen City
GB.SCT.U3	Dundee City
GB.SCT.U4	East Ayrshire
GB.SCT.U5	East Dunbartonshire
GB.SCT.U7	East Renfrewshire
GB.SCT.U8	City of Edinburgh
GB.SCT.U9	Falkirk
GB.SCT.V2	Glasgow City
GB.SCT.V7	North Ayrshire
GB.SCT.V8	North Lanarkshire
GB.SCT.W1	Perth and Kinross
GB.SCT.W4	South Ayrshire
GB.SCT.W5	South Lanarkshire
GB.SCT.W7	West Dunbartonshire
GB.WLS.X2	Blaenau Gwent
GB.WLS.X3	Bridgend county borough
GB.WLS.X4	Caerphilly County Borough
GB.WLS.X5	Cardiff
GB.WLS.X8	Conwy
GB.WLS.Y3	Merthyr Tydfil County Borough
GB.WLS.Y4	Monmouthshire
GB.WLS.Y5	Neath Port Talbot
GB.WLS.Y6	Newport
GB.WLS.Y9	Rhondda Cynon Taf
GB.WLS.Z1	City and County of Swansea
GB.WLS.Z2	Torfaen County Borough
GB.SCT.T8	Argyll and Bute
GB.ENG.Z5	Bedford
GB.ENG.Z6	Central Bedfordshire
GB.ENG.Z7	Cheshire East
GB.ENG.Z8	Cheshire West and Chester
GB.NIR.N09000009	Mid Ulster
GB.NIR.N09000001	Antrim and Newtownabbey
GB.NIR.N09000004	Causeway Coast and Glens
GB.NIR.N09000006	Fermanagh and Omagh
GB.NIR.N09000007	Lisburn and Castlereagh
GB.NIR.N09000005	Derry City and Strabane
GB.NIR.N09000011	Ards and North Down
GB.NIR.N09000002	Armagh City Banbridge and Craigavon
GB.NIR.N09000010	Newry Mourne and Down
GB.NIR.N09000008	Mid and East Antrim
GB.ENG.AA	Bournemouth, Christchurch and Poole Council
GB.ENG.WNH	West Northamptonshire
GB.ENG.NNH	North Northamptonshire
GE.71.610823	Zugdidi Municipality
GE.66.610865	Zestaponi Municipality
GE.66.611214	Vani Municipality
GE.67.611448	Dedoplistsqaro Municipality
GE.68.611547	Tsalka Municipality
GE.71.611552	Tsalenjikha Municipality
GE.70.611565	Tsageri Municipality
GE.69.611668	Tianeti Municipality
GE.68.611676	Tetritsqaro Municipality
GE.66.611681	Terjola Municipality
GE.67.611901	Sighnaghi Municipality
GE.04.611935	Shuakhevi Municipality
GE.71.612051	Senaki Municipality
GE.66.612124	Samtredia Municipality
GE.67.612231	Sagarejo Municipality
GE.65.612535	Ozurgeti Municipality
GE.70.612590	Oni Municipality
GE.02.612651	Ochamchira District
GE.69.612889	Mtskheta Municipality
GE.71.612985	Mestia Municipality
GE.66.613054	Baghdati Municipality
GE.71.613064	Martvili Municipality
GE.68.613073	Marneuli Municipality
GE.70.613225	Lentekhi Municipality
GE.65.613310	Lanchkhuti Municipality
GE.67.613341	Lagodekhi Municipality
GE.67.613582	Kvareli Municipality
GE.04.613761	Kobuleti Municipality
GE.04.613869	Khulo Municipality
GE.66.613900	Khoni Municipality
GE.71.613915	Khobi Municipality
GE.73.613987	Khashuri Municipality
GE.66.614003	Kharagauli Municipality
GE.04.614073	Keda Municipality
GE.69.614086	Kazbegi Municipality
GE.73.614103	Kaspi Municipality
GE.73.614130	Kareli Municipality
GE.67.614356	Gurjaani Municipality
GE.02.614378	Gulripshi district
GE.02.614407	Gudauta District
GE.73.614450	Gori Municipality
GE.68.614573	Gardabani Municipality
GE.02.614611	Gali District
GE.69.614841	Dusheti Municipality
GE.68.614889	Dmanisi Municipality
GE.65.615117	Chokhatauri Municipality
GE.71.615141	Chkhorotsqu Municipality
GE.72.615400	Borjomi Municipality
GE.68.615418	Bolnisi Municipality
GE.72.615428	Ninotsminda Municipality
GE.66.615631	Tsqaltubo Municipality
GE.72.615659	Aspindza Municipality
GE.70.615775	Ambrolauri Municipality
GE.67.615843	Akhmeta Municipality
GE.72.615856	Akhaltsikhe Municipality
GE.72.615891	Akhalkalaki Municipality
GE.72.615972	Adigeni Municipality
GE.71.616020	Abasha Municipality
GE.66.828308	Chiatura Municipality
GE.71.828311	Poti Municipality
GE.68.828312	Rustavi Municipality
GE.66.828313	Tqibuli Municipality
GE.67.7667581	Telavi Municipality
GE.66.7667754	Sachkhere Municipality
GE.02.9021892	Gagra District
GE.02.9883703	Tkvarcheli district
GF.GF.973	Guyane
GH.08.402	Keta
GH.06.808	Nanumba North
GH.17.802	Sawla-Tuna-Kalba
GH.11.1006	Jirapa
GH.06.806	Kpandai
GH.17.805	East Gonja
GH.14.720	Pru
GH.16.415	Krachi East
GH.16.416	Krachi West
GH.05.517	Atiwa
GH.01.304	Accra
GH.01.305	Adenta
GH.04.211	Agona West
GH.02.617	Ahafo Ano North
GH.05.506	Akuapim North
GH.05.523	Akuapim South
GH.02.629	Asante Akim North
GH.01.307	Ashaiman
GH.04.214	Assin North
GH.12.702	Asunafo North
GH.02.607	Bekwai
GH.13.710	Berekum
GH.18.115	Bibiani/Ahwiaso/Bekwai
GH.05.502	Birim Central
GH.05.501	Birim South
GH.10.904	Bolgatanga Municipal District
GH.04.202	Cape Coast
GH.13.704	Dormaa
GH.05.513	East Akim
GH.15.819	East Mamprusi
GH.04.207	Effutu
GH.02.626	Ejura Sekyedumase
GH.05.512	Fanteakwa
GH.01.303	Ga East
GH.01.302	Ga West
GH.04.208	Gomoa East
GH.04.206	Gomoa West
GH.08.408	Ho
GH.08.411	Hohoe
GH.13.711	Jaman South
GH.09.101	Jomoro
GH.10.903	Kassena Nankana
GH.08.404	Ketu North District
GH.08.403	Ketu South District
GH.14.722	Kintampo North Municipal District
GH.04.201	Komenda/Edina/Eguafo/Abirem
GH.08.410	Kpando
GH.02.614	Kumasi
GH.02.620	Kwabre District
GH.05.514	Kwaebibirem
GH.05.518	Kwahu West
GH.05.519	Kwahu South
GH.01.306	Ledzekuku-Krowor
GH.02.622	Mampong
GH.04.204	Mfatseman
GH.05.507	New Juaben
GH.14.716	Nkoranza South
GH.09.103	Nzema East
GH.02.605	Obuasi
GH.09.109	Prestea-Huni Valley
GH.06.813	Savelugu Municipal District
GH.09.105	Secondi Takoradi
GH.18.114	Sefwi-Wiawso
GH.02.623	Sekyere East
GH.09.106	Shama
GH.05.504	Suhum/Kraboa/Coaltar
GH.13.708	Sunyani
GH.13.709	Sunyani West
GH.06.811	Tamale
GH.12.707	Tano North
GH.12.706	Tano South
GH.09.108	Tarkwa Nsuaem
GH.01.308	Tema Metropolitan District
GH.04.216	Upper Denkyira East
GH.11.1002	Wa
GH.09.110	Wassa Amenfi East
GH.13.714	Wenchi
GH.05.503	West Akim
GH.17.803	West Gonja
GH.06.810	Yendi
GH.14.718	Atebubu-Amantin District
GH.10.909	Bawku Municipal District
GH.01.301	Ga South
GH.02.618	Offinso Municipal District
GH.14.715	Techiman North District
GH.04.215	Twifo Ati-Morkwa
GH.05.505	Nsawam Adoagyiri
GH.05.525	Denkyembour
GH.04.220	Awutu Senya East Municipal
GH.08.405	Akatsi South
GL.04.3420847	Qaqortoq Municipality
GL.04.3421723	Narsaq Municipality
GL.04.3421767	Nanortalik Municipality
GM.01.2413107	Kanifing
GM.03.10299957	Janjanbureh
GN.N.29	Yomou
GN.L.28	Tougue Prefecture
GN.D.27	Telimele Prefecture
GN.K.39	Siguiri Prefecture
GN.M.25	Pita
GN.N.38	Nzerekore Prefecture
GN.M.23	Mamou Prefecture
GN.L.22	Mali Prefecture
GN.N.21	Macenta
GN.L.34	Labe Prefecture
GN.K.19	Kouroussa
GN.B.18	Koundara Prefecture
GN.F.17	Kissidougou
GN.D.16	Kindia
GN.K.15	Kerouane Prefecture
GN.K.32	Kankan Prefecture
GN.N.13	Préfecture de Guékédou
GN.B.12	Gaoual Prefecture
GN.B.11	Fria
GN.D.10	Préfecture de Forécariah
GN.F.09	Faranah Prefecture
GN.D.31	Préfecture de Dubréka
GN.F.07	Dinguiraye Prefecture
GN.M.06	Dalaba
GN.F.05	Dabola
GN.B.03	Boke Prefecture
GN.B.02	Boffa
GN.N.01	Beyla Prefecture
GN.D.30	Coyah
GN.L.33	Koubia
GN.L.35	Lelouma Prefecture
GN.N.36	Lola
GN.K.37	Mandiana Prefecture
GN.04.8335012	Conakry Special Zone
GP.GP.971	Guadeloupe
GQ.08.11237864	Río Campo
GQ.07.11237869	Ncue
GR.ESYE22.28	Nomós Zakýnthou
GR.ESYE24.33	Nomós Voiotías
GR.ESYE14.22	Trikala
GR.ESYE21.18	Nomós Thesprotías
GR.ESYE41.48	Nomós Sámou
GR.ESYE43.44	Nomós Rethýmnis
GR.ESYE21.19	Nomós Prevézis
GR.ESYE25.40	Nomós Messinías
GR.ESYE14.24	Nomós Magnisías
GR.ESYE22.26	Lefkada
GR.ESYE41.51	Lesbos
GR.ESYE43.46	Nomós Lasithíou
GR.ESYE14.21	Nomós Larísis
GR.ESYE25.42	Nomós Lakonías
GR.ESYE25.37	Nomós Korinthías
GR.ESYE42.49	Nomós Kykládon
GR.ESYE41.50	Chios
GR.ESYE43.43	Nomós Chaniás
GR.ESYE22.27	Kefallonia Regional Unit
GR.ESYE14.23	Nomós Kardhítsas
GR.ESYE43.45	Heraklion Regional Unit
GR.ESYE21.17	Nomós Ioannínon
GR.ESYE23.39	Nomós Ileías
GR.ESYE24.29	Nomós Fthiótidos
GR.ESYE24.32	Nomós Fokídos
GR.ESYE24.34	Nomós Evvoías
GR.ESYE24.30	Nomós Evrytanías
GR.ESYE42.47	Dodecanese
GR.ESYE31.35	Nomós Attikís
GR.ESYE21.20	Nomós Ártas
GR.ESYE25.41	Nomós Arkadías
GR.ESYE25.36	Argolida
GR.ESYE23.38	Nomós Achaḯas
GR.ESYE23.31	Nomós Aitolías kai Akarnanías
GR.ESYE31.96	Nomós Piraiós
GR.ESYE31.98	Nomarchía Anatolikís Attikís
GR.ESYE31.99	Nomarchía Athínas
GR.ESYE11.03	Nomós Xánthis
GR.ESYE12.13	Nomós Thessaloníkis
GR.ESYE12.05	Nomós Serrón
GR.ESYE11.02	Nomós Rodópis
GR.ESYE12.16	Nomós Pierías
GR.ESYE12.07	Nomós Péllis
GR.ESYE13.11	Nomós Kozánis
GR.ESYE12.06	Nomós Kilkís
GR.ESYE12.15	Nomós Chalkidikís
GR.ESYE11.14	Nomós Kaválas
GR.ESYE13.09	Nomós Kastoriás
GR.ESYE12.12	Nomós Imathías
GR.ESYE13.10	Nomós Grevenón
GR.ESYE13.08	Nomós Florínis
GR.ESYE11.01	Nomós Évrou
GR.ESYE11.04	Nomós Drámas
GR.ESYE22.25	Nomós Kerkýras
GT.03.415	Municipio de Zaragoza
GT.11.2206	Municipio de Yupiltepeque
GT.03.412	Municipio de Yepocapa
GT.07.115	Municipio de Villa Nueva
GT.07.116	Municipio de Villa Canales
GT.01.1606	Municipio de Tucurú
GT.21.801	Municipio de Totonicapán
GT.08.1315	Municipio de Todos Santos Cuchumatán
GT.06.506	Município de Tiquisate
GT.08.1321	Municipio de Tectitán
GT.03.406	Municipio de Tecpán Guatemala
GT.18.609	Municipio de Taxisco
GT.01.1605	Municipio de Tamahú
GT.01.1604	Municipio de Tactic
GT.08.1308	San Pedro Soloma
GT.06.504	Municipio de Siquinalá
GT.01.1608	Municipio de Senahú
GT.06.512	Municipio de San Vicente Pacaya
GT.08.1330	Municipio de Santiago Chimaltenango
GT.16.311	Municipio de Santa María de Jesús
GT.21.806	Municipio de Santa María Chiquimula
GT.06.502	Municipio de Santa Lucía Cotzumalguapa
GT.01.1602	Municipio de Santa Cruz Verapaz
GT.03.410	Municipio de Santa Cruz Balanyá
GT.07.102	Municipio de Santa Catarina Pinula
GT.11.2203	Municipio de Santa Catarina Mita
GT.08.1310	Municipio de Santa Bárbara
GT.03.405	Municipio de Santa Apolonia
GT.08.1331	Municipio de Santa Ana Huista
GT.12.1707	Municipio de Santa Ana
GT.08.1320	Municipio de San Sebastián Huehuetenango
GT.08.1325	Municipio de San Sebastián Coatán
GT.05.207	Municipio de Sansare
GT.07.111	Municipio de San Raymundo
GT.08.1328	Municipio de San Rafael Petzal
GT.08.1314	Municipio de San Rafael La Independencia
GT.07.109	Municipio de San Pedro Sacatepéquez
GT.10.2102	Municipio de San Pedro Pinula
GT.08.1306	Municipio de San Pedro Necta
GT.01.1609	Municipio de San Pedro Carchá
GT.07.107	Municipio de San Pedro Ayampuc
GT.20.1011	Municipio de San Miguel Panán
GT.02.1502	Municipio de San Miguel Chicaj
GT.08.1313	Municipio de San Miguel Acatán
GT.08.1318	Municipio de San Mateo Ixtatán
GT.03.403	Municipio de San Martín Jilotepeque
GT.17.1201	Municipio de San Marcos
GT.10.2104	Municipio de San Manuel Chaparrón
GT.10.2103	Municipio de San Luis Jilotepeque
GT.17.1229	Municipio de San Lorenzo
GT.20.1007	Municipio de San Lorenzo
GT.07.110	Municipio de San Juan Sacatepéquez
GT.08.1323	Municipio de San Juan Ixcoy
GT.04.2003	Municipio de San Juan la Ermita
GT.01.1610	Municipio de San Juan Chamelco
GT.08.1316	Municipio de San Juan Atitán
GT.03.402	Municipio de San José Poaquil
GT.07.103	Municipio de San José Pinula
GT.04.2002	Municipio de San José La Arada
GT.07.104	Municipio de San José del Golfo
GT.12.1702	Municipio de San José
GT.06.509	Municipio de San José
GT.02.1507	Municipio de San Jerónimo
GT.04.2010	Municipio de San Jacinto
GT.08.1329	Municipio de San Gaspar Ixchil
GT.20.1012	Municipio de San Gabriel
GT.12.1706	Municipio de San Francisco
GT.01.1603	Municipio de San Cristóbal Verapaz
GT.05.204	Municipio de San Cristóbal Acasaguastlán
GT.13.904	Municipio de San Carlos Sija
GT.10.2105	Municipio de San Carlos Alzatate
GT.12.1703	Municipio de San Benito
GT.05.206	Municipio de Sanarate
GT.20.1010	Municipio de San Antonio Suchitepéquez
GT.05.208	Municipio de San Antonio La Paz
GT.08.1324	Municipio de San Antonio Huista
GT.21.804	Municipio de San Andrés Xecul
GT.03.413	Municipio de San Andrés Itzapa
GT.12.1704	Municipio de San Andrés
GT.05.203	Municipio de San Agustín Acasaguastlán
GT.02.1501	Municipio de Salamá
GT.15.1101	Municipio de Retalhuleu
GT.02.1503	Municipio de Rabinal
GT.04.2009	Municipio de Quezaltepeque
GT.02.1508	Municipio de Purulhá
GT.09.1801	Municipio de Puerto Barrios
GT.03.408	Municipio de Pochuta
GT.07.117	Municipio de Petapa
GT.03.407	Municipio de Patzún
GT.03.409	Municipio de Patzicía
GT.03.414	Municipio de Parramos
GT.01.1607	Municipio de Panzós
GT.06.511	Municipio de Palín
GT.07.105	Municipio de Palencia
GT.04.2006	Municipio de Olopa
GT.06.513	Municipio de Nueva Concepción
GT.08.1305	Municipio de Nentón
GT.05.202	Municipio de Morazán
GT.09.1804	Municipio de Morales
GT.10.2106	Municipio de Monjas
GT.21.805	Municipio de Momostenango
GT.07.108	Municipio de Mixco
GT.10.2107	Municipio de Mataquescuintla
GT.06.505	Municipio de Masagua
GT.08.1303	Municipio de Malacatancito
GT.09.1805	Municipio de Los Amates
GT.09.1802	Municipio de Lívingston
GT.01.1611	Municipio de Lanquín
GT.12.1705	Municipio de La Libertad
GT.08.1311	Municipio de La Libertad
GT.06.507	Municipio de La Gomera
GT.13.923	Municipio de La Esperanza
GT.08.1312	Municipio de La Democracia
GT.06.503	Municipio de La Democracia
GT.11.2201	Municipio de Jutiapa
GT.04.2004	Municipio de Jocotán
GT.11.2208	Municipio de Jerez
GT.10.2101	Municipio de Jalapa
GT.08.1307	Municipio de Jacaltenango
GT.06.510	Municipio de Iztapa
GT.08.1309	San Ildefonso Ixtahuacán
GT.04.2011	Municipio de Ipala
GT.08.1301	Municipio de Huehuetenango
GT.07.101	Municipio de Guatemala
GT.06.508	Municipio de Guanagazapa
GT.22.1904	Municipio de Gualán
GT.02.1505	Municipio de Granados
GT.07.113	Municipio de Fraijanes
GT.12.1701	Municipio de Flores
GT.17.1227	Municipio de Esquipulas Palo Gordo
GT.04.2007	Municipio de Esquipulas
GT.06.501	Municipio de Escuintla
GT.03.416	Municipio de El Tejar
GT.11.2202	Municipio de El Progreso
GT.05.205	Municipio de El Jícaro
GT.09.1803	Municipio de El Estor
GT.02.1506	Municipio de El Chol
GT.11.2209	Municipio de El Adelanto
GT.20.1002	Municipio de Cuyotenango
GT.08.1304	Municipio de Cuilco
GT.02.1504	Municipio de Cubulco
GT.04.2008	Municipio de Concepción Las Minas
GT.08.1322	Municipio de Concepción Huista
GT.03.404	Municipio de Comalapa
GT.08.1319	Municipio de Colotenango
GT.01.1601	Municipio de Cobán
GT.07.112	Municipio de Chuarrancho
GT.01.1613	Municipio de Chisec
GT.18.608	Municipio de Chiquimulilla
GT.04.2001	Municipio de Chiquimula
GT.07.106	Municipio de Chinautla
GT.03.401	Municipio de Chimaltenango
GT.08.1302	Municipio de Chiantla
GT.15.1107	Municipio de Champerico
GT.14.1405	Municipio de Chajul
GT.01.1614	Municipio de Chahal
GT.04.2005	Municipio de Camotán
GT.01.1612	Municipio de Cahabón
GT.08.1326	Municipio de Barillas
GT.11.2207	Municipio de Atescatempa
GT.11.2205	Municipio de Asunción Mita
GT.07.114	Municipio de Amatitlán
GT.08.1327	Municipio de Aguacatán
GT.11.2204	Municipio de Agua Blanca
GT.03.411	Municipio de Acatenango
GT.01.1615	Municipio de Fray Bartolome de las Casas
GT.01.1617	Raxruhá
GT.01.1616	Santa Catarina La Tinta
GT.05.201	Municipio de Guastatoya
GW.02.7909708	Fulacunda
GW.07.7911001	Cacine
GW.12.8335038	Prabis Sector
GW.04.8335051	Nhacra Sector
GW.10.8335053	Sonaco Sector
GW.01.8335054	Xitole Sector
GW.06.8335055	Caio Sector
GW.01.11995994	Bambadinca
GW.12.11995996	Safim
GW.10.11995997	Pirada
GW.10.11995998	Pitche
GW.10.11995999	Boe
GW.11.11996003	Sector Autonomo de Bissau
HN.07.0701	Yuscarán
HN.18.1801	Yoro
HN.18.1811	Yorito
HN.07.0718	Yauyupe
HN.12.1219	Yarula
HN.10.1016	Yamaranguila
HN.13.1327	Virginia
HN.06.0511	Villanueva
HN.08.0827	Villa de San Francisco
HN.04.0319	Villa de San Antonio
HN.18.1810	Victoria
HN.08.0826	Valle de Ángeles
HN.13.1326	Valladolid
HN.03.0201	Trujillo
HN.05.0422	Trinidad de Copán
HN.16.1626	Trinidad
HN.13.1325	Tomalá
HN.03.0209	Tocoa
HN.07.0716	Municipio de Texiguat
HN.07.0715	Teupasenti
HN.01.0107	Tela
HN.13.1323	Talgua
HN.08.0824	Talanga
HN.18.1809	Sulaco
HN.03.0208	Sonaguera
HN.14.1416	Sinuapa
HN.15.1521	Silca
HN.04.0318	Siguatepeque
HN.14.1415	Sensenti
HN.16.1625	San Vicente Centenario
HN.12.1218	Santiago Puringla
HN.05.0401	Santa Rosa de Copán
HN.03.0207	Santa Rosa de Aguán
HN.18.1808	Santa Rita
HN.05.0421	Santa Rita
HN.15.1520	Santa María del Real
HN.08.0823	Santa Lucía
HN.06.0510	Santa Cruz de Yojoa
HN.16.1601	Santa Bárbara
HN.02.0616	Santa Ana de Yusguare
HN.08.0822	Santa Ana
HN.04.0317	San Sebastián
HN.16.1623	San Pedro Zacapa
HN.06.0501	San Pedro Sula
HN.12.1214	San Pedro de Tutule
HN.05.0420	San Pedro de Copán
HN.05.0419	San Nicolás
HN.16.1622	San Nicolás
HN.07.0713	San Matías
HN.02.0615	San Marcos de Colón
HN.16.1621	San Marcos
HN.14.1413	San Marcos
HN.13.1319	San Manuel Colohete
HN.06.0509	San Manuel
HN.16.1620	San Luis
HN.04.0316	San Luis
HN.07.0712	San Lucas
HN.17.1709	San Lorenzo
HN.05.0418	San Juan de Opoa
HN.08.0820	San Juan de Flores
HN.04.0315	San José del Potrero
HN.05.0417	San José
HN.04.0314	San José de Comayagua
HN.16.1619	San José de Colinas
HN.12.1212	San José
HN.05.0416	San Jerónimo
HN.04.0313	San Jerónimo
HN.08.0819	San Ignacio
HN.06.0508	San Francisco de Yojoa
HN.16.1618	San Francisco de Ojuera
HN.14.1411	San Francisco del Valle
HN.15.1519	Municipio de San Francisco de La Paz
HN.17.1708	San Francisco de Coray
HN.15.1518	San Francisco de Becerra
HN.01.0106	San Francisco
HN.13.1317	San Francisco
HN.14.1410	San Fernando
HN.15.1517	San Esteban
HN.12.1211	San Antonio del Norte
HN.06.0507	San Antonio de Cortés
HN.05.0415	San Antonio
HN.13.1316	San Andrés
HN.05.0414	San Agustín
HN.15.1516	Salamá
HN.08.0816	Sabanagrande
HN.11.1101	Roatán
HN.08.0815	Reitoca
HN.16.1617	Quimistán
HN.09.0901	Puerto Lempira
HN.16.1616	Protección
HN.06.0505	Potrerillos
HN.13.1315	Piraera
HN.16.1615	Petoa
HN.02.0611	Pespire
HN.07.0709	Oropolí
HN.02.0610	Orocuina
HN.08.0814	Orica
HN.12.1210	Opatoro
HN.06.0503	Omoa
HN.18.1807	Olanchito
HN.08.0813	Ojojona
HN.16.1614	Nuevo Celilac
HN.14.1401	Nueva Ocotepeque
HN.05.0413	Nueva Arcadia
HN.16.1613	Naranjito
HN.02.0609	Namasigüe
HN.17.1701	Nacaome
HN.02.0608	Morolica
HN.07.0708	Morocelí
HN.18.1806	Morazán
HN.04.0311	Minas de Oro
HN.12.1209	Mercedes de Oriente
HN.04.0310	Meámbar
HN.02.0607	Marcovia
HN.12.1208	Marcala
HN.08.0811	Marale
HN.08.0810	Maraita
HN.13.1314	Mapulaca
HN.15.1515	Manto
HN.15.1514	Mangulile
HN.16.1612	Macuelizo
HN.14.1408	Lucerna
HN.07.0707	Liure
HN.03.0204	Limón
HN.08.0809	Lepaterique
HN.13.1313	Lepaera
HN.04.0309	Lejamaní
HN.13.1312	La Virtud
HN.08.0808	La Venta
HN.12.1207	Lauterique
HN.15.1513	La Unión
HN.13.1311	La Unión
HN.05.0412	La Unión
HN.12.1201	La Paz
HN.17.1707	Langue
HN.01.0105	La Masica
HN.04.0307	Lamaní
HN.04.0306	La Libertad
HN.14.1407	La Labor
HN.05.0411	La Jigua
HN.13.1309	La Iguala
HN.15.1510	Guata
HN.14.1406	La Encarnación
HN.01.0101	La Ceiba
HN.15.1501	Juticalpa
HN.01.0104	Jutiapa
HN.18.1805	Jocón
HN.10.1007	Jesús de Otoro
HN.07.0706	Jacaleapa
HN.03.0203	Iriona
HN.10.1006	Intibucá
HN.16.1611	Ilama
HN.07.0705	Güinope
HN.15.1511	Guayape
HN.15.1509	Guarizama
HN.13.1307	Guarita
HN.11.1102	Guanaja
HN.13.1306	Gualcince
HN.16.1610	Gualala
HN.15.1508	Gualaco
HN.12.1206	Guajiquiro
HN.08.0806	Guaimaca
HN.13.1301	Gracias
HN.05.0410	Florida
HN.15.1507	Esquipulas del Norte
HN.04.0304	Esquías
HN.01.0103	Esparta
HN.13.1305	Erandique
HN.02.0606	El Triunfo
HN.04.0303	El Rosario
HN.18.1804	El Progreso
HN.01.0102	El Porvenir
HN.08.0805	El Porvenir
HN.05.0409	El Paraíso
HN.07.0704	El Paraíso
HN.16.1609	El Níspero
HN.18.1803	El Negrito
HN.02.0605	El Corpus
HN.02.0604	Duyure
HN.15.1505	Dulce Nombre de Culmí
HN.05.0408	Dulce Nombre
HN.14.1404	Dolores Merendón
HN.05.0407	Dolores
HN.07.0703	Danlí
HN.05.0406	Cucuyagua
HN.05.0405	Corquín
HN.05.0404	Copán Ruinas
HN.15.1504	Concordia
HN.16.1607	Concepción del Sur
HN.16.1606	Concepción del Norte
HN.10.1004	Concepción
HN.04.0301	Comayagua
HN.10.1003	Colomoncagua
HN.13.1304	Cololaca
HN.02.0601	Choluteca
HN.06.0502	Choloma
HN.16.1608	Chinda
HN.08.0801	Distrito Central
HN.16.1605	Ceguaca
HN.08.0803	Cedros
HN.15.1503	Catacamas
HN.17.1705	Caridad
HN.12.1204	Cane
HN.15.1502	Campamento
HN.10.1002	Camasca
HN.12.1203	Cabañas
HN.09.0902	Brus Laguna
HN.14.1402	Belén Gualcho
HN.03.0202	Balfate
HN.16.1604	Azacualpa
HN.16.1603	Atima
HN.18.1802	Arenal
HN.17.1704	Aramecina
HN.16.1602	Arada
HN.17.1703	Amapala
HN.08.0802	Alubarén
HN.17.1702	Alianza
HN.07.0702	Alauca
HN.04.0302	Ajuterique
HN.12.1202	Aguanqueterique
HN.06.0512	La Lima
HN.06.0506	Puerto Cortés
HN.09.0905	Villeda Morales
HN.09.0903	Ahuas
HN.16.1628	Nueva Frontera
HN.16.1627	Las Vegas
HN.08.0828	Vallecillo
HN.07.0719	Trojes
HN.01.0108	Arizona
HN.03.0210	Bonito Oriental
HN.04.0321	Taulabé
HR.18.3186293	Grad Županja
HR.07.3186405	Grad Zlatar
HR.20.3186602	Grad Sveti Ivan Zelina
HR.20.3186780	Grad Zaprešić
HR.07.3186983	Grad Zabok
HR.18.3187046	Grad Vukovar
HR.15.3187229	Grad Vrgorac
HR.14.3187231	Općina Gvozd
HR.12.3187256	Grad Vrbovsko
HR.20.3187264	Grad Vrbovec
HR.05.3187450	Općina Vojnić
HR.15.3187684	Town of Vis
HR.17.3187693	Grad Virovitica
HR.18.3187718	Grad Vinkovci
HR.20.3188243	Grad Velika Gorica
HR.16.3188382	Grad Varaždin
HR.10.3188394	Grad Valpovo
HR.15.3188762	Grad Trogir
HR.15.3190259	Grad Split
HR.05.3190522	Slunj
HR.02.3190585	Grad Slavonski Brod
HR.11.3190588	Grad Požega
HR.14.3190812	Grad Sisak
HR.15.3190864	Grad Sinj
HR.13.3190938	Grad Šibenik
HR.21.3190965	Sesvete
HR.20.3191315	Grad Samobor
HR.04.3191516	Grad Rovinj
HR.12.3191647	Grad Rijeka
HR.04.3192222	Grad Pula
HR.04.3192696	Grad Poreč
HR.17.3192931	Grad Slatina
HR.03.3193146	Grad Ploče
HR.14.3193419	Grad Petrinja
HR.04.3193560	Grad Pazin
HR.11.3193705	Grad Pakrac
HR.05.3193753	Grad Ozalj
HR.10.3193934	Grad Osijek
HR.17.3194063	Grad Orahovica
HR.12.3194097	Grad Opatija
HR.15.3194113	Grad Omiš
HR.05.3194182	Grad Ogulin
HR.14.3194318	Grad Novska
HR.16.3194366	Grad Novi Marof
HR.02.3194448	Grad Nova Gradiška
HR.10.3194580	Grad Našice
HR.15.3195888	Town of Makarska
HR.16.3196119	Grad Ludbreg
HR.03.3196753	Općina Lastovo
HR.04.3196833	Grad Labin
HR.14.3196862	Grad Kutina
HR.12.3197207	Grad Krk
HR.06.3197228	Grad Križevci
HR.07.3197366	Grad Krapina
HR.14.3197593	Grad Hrvatska Kostajnica
HR.03.3197709	Grad Korčula
HR.06.3197726	Grad Koprivnica
HR.07.3198102	Grad Klanjec
HR.05.3198257	Grad Karlovac
HR.20.3198798	Grad Jastrebarsko
HR.20.3199068	Grad Ivanić-Grad
HR.16.3199075	Grad Ivanec
HR.15.3199110	Grad Imotski
HR.15.3199178	Grad Hvar
HR.01.3199514	Grad Grubišno Polje
HR.14.3200597	Grad Glina
HR.01.3200709	Grad Garešnica
HR.14.3200915	Općina Dvor
HR.06.3200960	Grad Đurđevac
HR.20.3201007	Grad Dugo Selo
HR.05.3201029	Grad Duga Resa
HR.13.3201161	Grad Drniš
HR.10.3201431	Grad Donji Miholjac
HR.07.3201620	Grad Donja Stubica
HR.12.3202102	Grad Delnice
HR.01.3202183	Grad Daruvar
HR.10.3202219	Grad Đakovo
HR.12.3202506	Grad Crikvenica
HR.01.3202819	Grad Čazma
HR.09.3202887	Grad Čakovec
HR.12.3202931	Grad Čabar
HR.04.3202941	Grad Buzet
HR.04.3203088	Grad Buje
HR.15.3203595	Grad Supetar
HR.01.3203981	Grad Bjelovar
HR.19.3204122	Grad Biograd na Moru
HR.10.3204319	Grad Beli Manastir
HR.03.7577034	Grad Dubrovnik
HR.20.8260123	Općina Dubrava
HR.21.8531823	Peščenica – Žitnjak
HR.21.8531824	Novi Zagreb – istok
HR.21.8531825	Novi Zagreb - zapad
HR.21.8531827	Trešnjevka – jug
HR.21.8531831	Stenjevec
HR.21.8531834	Brezovica
HR.13.9076750	Rogoznica Općina
HR.15.9076752	Dugi Rat Općina
HR.19.9077071	Novigrad Općina
HR.20.11048980	Bedenica
HR.20.11048981	Općina Brckovljani
HR.20.11048982	Općina Brdovec
HR.20.11048983	Farkaševac
HR.20.11048984	Dubravica
HR.20.11048985	Gradec
HR.20.11048986	Jakovlje
HR.20.11048987	Klinča Sela
HR.20.11048989	Općina Kloštar Ivanić
HR.20.11048992	Krašić
HR.20.11048993	Općina Kravarsko
HR.20.11048994	Križ
HR.20.11048995	Općina Luka
HR.20.11048997	Marija Gorica
HR.20.11048998	Općina Orle
HR.20.11048999	Pisarovina
HR.20.11049000	Općina Pokupsko
HR.20.11049001	Preseka
HR.20.11049002	Pušća
HR.20.11049003	Rakovec
HR.20.11049004	Općina Rugvica
HR.20.11049005	Općina Stupnik
HR.20.11049006	Žumberak
HR.07.11049007	Bedekovčina
HR.07.11049008	Budinščina
HR.07.11049009	Desinić
HR.07.11049010	Gornja Stubica
HR.07.11049011	Hrašćina
HR.07.11049012	Hum na Sutli
HR.07.11049013	Jesenje
HR.07.11049014	Konjščina
HR.07.11049188	Kraljevec na Sutli
HR.07.11049189	Krapinske Toplice
HR.07.11049190	Kumrovec
HR.07.11049191	Lobor
HR.07.11049192	Mače
HR.07.11049193	Mihovljan
HR.07.11049194	Novi Golubovec
HR.07.11049195	Petrovsko
HR.07.11049212	Radoboj
HR.07.11049213	Sveti Križ Začretje
HR.07.11049214	Stubičke Toplice
HR.07.11049218	Tuhelj
HR.07.11049219	Veliko Trgovišće
HR.07.11049220	Zagorska Sela
HR.07.11049222	Zlatar Bistrica
HR.14.11049225	Općina Donji Kukuruzari
HR.14.11049226	Hrvatska Dubica
HR.14.11049227	Općina Jasenovac
HR.14.11049228	Općina Lekenik
HR.14.11049229	Lipovljani
HR.14.11049230	Općina Majur
HR.14.11049231	Općina Martinska Ves
HR.14.11049232	Popovača
HR.14.11049233	Općina Sunja
HR.14.11049234	Općina Topusko
HR.14.11049235	Općina Velika Ludina
HR.05.11049266	Barilović
HR.05.11049267	Općina Bosiljevo
HR.05.11049268	Cetingrad
HR.05.11049269	Draganić
HR.05.11049270	Općina Generalski Stol
HR.05.11049271	Općina Josipdol
HR.05.11049272	Kamanje
HR.05.11049273	Krnjak
HR.05.11049275	Lasinja
HR.05.11049276	Netretić
HR.05.11049277	Općina Plaški
HR.05.11049278	Rakovica
HR.05.11049279	Ribnik
HR.05.11049280	Saborsko
HR.05.11049281	Općina Tounj
HR.05.11049283	Žakanje
HR.08.11049284	Brinje
HR.08.11049285	Donji Lapac
HR.08.11049286	Gospić
HR.08.11049287	Karlobag
HR.08.11049288	Lovinac
HR.08.11049289	Novalja
HR.08.11049290	Otočac
HR.08.11049291	Perušić
HR.08.11049292	Plitvička Jezera
HR.08.11049293	Senj
HR.08.11049294	Udbina
HR.08.11049295	Općina Vrhovine
HR.16.11049296	Bednja
HR.16.11049297	Beretinec
HR.16.11049298	Breznica
HR.16.11049299	Breznički Hum
HR.16.11049300	Cestica
HR.16.11049301	Donja Voća
HR.16.11049302	Gornji Kneginec
HR.16.11049303	Općina Jalžabet
HR.16.11049306	Klenovnik
HR.16.11049307	Općina Ljubešćica
HR.16.11049308	Lepoglava
HR.16.11049309	Mali Bukovec
HR.16.11049310	Općina Martijanec
HR.16.11049311	Maruševec
HR.16.11049312	Petrijanec
HR.16.11049313	Sračinec
HR.16.11049314	Sveti Ilija
HR.16.11049315	Općina Trnovec Bartolovečki
HR.16.11049316	Grad Varaždinske Toplice
HR.16.11049317	Veliki Bukovec
HR.16.11049318	Vidovec
HR.16.11049320	Vinica
HR.16.11049321	Visoko
HR.06.11049322	Drnje
HR.06.11049323	Ferdinandovac
HR.06.11049324	Gola
HR.06.11049326	Gornja Rijeka
HR.06.11049369	Hlebine
HR.06.11049370	Kalinovac
HR.06.11049372	Općina Kalnik
HR.06.11049373	Kloštar Podravski
HR.06.11049374	Koprivnički Bregi
HR.06.11049375	Koprivnički Ivanec
HR.06.11049376	Općina Legrad
HR.06.11049377	Molve
HR.06.11049378	Novigrad Podravski
HR.06.11049380	Novo Virje
HR.06.11049381	Peteranec
HR.06.11049383	Podravske Sesvete
HR.06.11049389	Općina Rasinja
HR.06.11049391	Općina Sokolovac
HR.06.11049393	Sveti Ivan Žabno
HR.06.11049395	Općina Sveti Petar Orehovec
HR.06.11049397	Virje
HR.01.11049398	Berek
HR.01.11049399	Dežanovac
HR.01.11049403	Hercegovac
HR.01.11049406	Ivanska
HR.01.11049413	Kapela
HR.01.11049414	Končanica
HR.01.11049415	Nova Rača
HR.01.11049416	Rovišće
HR.01.11049417	Severin
HR.01.11049418	Sirač
HR.01.11049419	Šandrovac
HR.01.11049420	Štefanje
HR.01.11049421	Velika Pisanica
HR.01.11049422	Velika Trnovitica
HR.01.11049424	Veliki Grđevac
HR.01.11049426	Veliko Trojstvo
HR.01.11049428	Zrinski Topolovac
HR.12.11049429	Bakar
HR.12.11049430	Baška
HR.12.11049431	Brod Moravice
HR.12.11049432	Čavle
HR.12.11049433	Dobrinj
HR.12.11049434	Fužine
HR.12.11049435	Jelenje
HR.12.11049436	Kastav
HR.12.11049437	Klana
HR.12.11049438	Kostrena
HR.12.11049439	Lokve
HR.12.11049440	Lopar
HR.12.11049441	Lovran
HR.12.11049442	Mali Lošinj
HR.12.11049443	Matulji
HR.12.11049445	Mošćenička Draga
HR.12.11049446	Mrkopalj
HR.12.11049447	Novi Vinodolski
HR.12.11049448	Omišalj
HR.12.11049449	Punat
HR.12.11049450	Rab
HR.12.11049451	Ravna Gora
HR.12.11049452	Skrad
HR.12.11049453	Viškovo
HR.12.11049454	Vrbnik
HR.17.11049455	Crnac
HR.17.11049456	Čačinci
HR.17.11049457	Čađavica
HR.17.11049459	Gradina
HR.17.11049462	Lukač
HR.17.11049464	Mikleuš
HR.17.11049465	Nova Bukovica
HR.17.11049466	Pitomača
HR.17.11049467	Sopje
HR.17.11049468	Suhopolje
HR.17.11049469	Špišić Bukovica
HR.17.11049470	Voćin
HR.17.11049471	Zdenci
HR.11.11049472	Brestovac
HR.11.11049473	Čaglin
HR.11.11049474	Jakšić
HR.11.11049475	Kaptol
HR.11.11049476	Kutjevo
HR.11.11049477	Lipik
HR.11.11049478	Pleternica
HR.11.11049479	Velika
HR.02.11049480	Bebrina
HR.02.11049481	Brodski Stupnik
HR.02.11049482	Bukovlje
HR.02.11049489	Cernik
HR.02.11049490	Davor
HR.02.11049491	Donji Andrijevci
HR.02.11049492	Dragalić
HR.02.11049493	Garčin
HR.02.11049494	Gornja Vrba
HR.02.11049495	Gornji Bogićevci
HR.02.11049496	Gundinci
HR.02.11049497	Klakar
HR.02.11049498	Nova Kapela
HR.02.11049499	Okučani
HR.02.11049500	Oprisavci
HR.02.11049501	Općina Oriovac
HR.02.11049502	Podcrkavlje
HR.02.11049503	Rešetari
HR.02.11049504	Sibinj
HR.02.11049505	Sikirevci
HR.02.11049506	Slavonski Šamac
HR.02.11049507	Općina Stara Gradiška
HR.02.11049508	Staro Petrovo Selo
HR.02.11049509	Velika Kopanica
HR.02.11049510	Vrbje
HR.02.11049511	Općina Vrpolje
HR.19.11049512	Benkovac
HR.19.11049513	Bibinje
HR.19.11049514	Galovac
HR.19.11054319	Općina Gračac
HR.19.11054321	Jasenice
HR.19.11054322	Kali
HR.19.11054323	Kolan
HR.19.11054325	Kukljica
HR.19.11054326	Lišane Ostrovičke
HR.19.11054327	Nin
HR.19.11054328	Obrovac
HR.19.11054329	Pag
HR.19.11054332	Pakoštane
HR.19.11054333	Pašman
HR.19.11054335	Polača
HR.19.11054336	Poličnik
HR.19.11054372	Posedarje
HR.19.11054373	Povljana
HR.19.11054374	Preko
HR.19.11054375	Privlaka
HR.19.11054376	Ražanac
HR.19.11054377	Sali
HR.19.11054378	Stankovci
HR.19.11054379	Starigrad
HR.19.11054380	Sukošan
HR.19.11054381	Sveti Filip i Jakov
HR.19.11054383	Škabrnja
HR.19.11054384	Tkon
HR.19.11054386	Vir
HR.19.11054387	Vrsi
HR.19.11054389	Zemunik Donji
HR.10.11054390	Antunovac
HR.10.11054391	Belišće
HR.10.11054392	Bilje
HR.10.11054393	Bizovac
HR.10.11054394	Općina Čeminac
HR.10.11054395	Općina Čepin
HR.10.11054454	Općina Darda
HR.10.11054455	Donja Motičina
HR.10.11054456	Draž
HR.10.11054458	Drenje
HR.10.11054461	Erdut
HR.10.11054464	Ernestinovo
HR.10.11054465	Feričanci
HR.10.11054467	Gorjani
HR.10.11054468	Jagodnjak
HR.10.11054469	Kneževi Vinogradi
HR.10.11054470	Koška
HR.10.11054471	Levanjska Varoš
HR.10.11054472	Magadenovac
HR.10.11054473	Marijanci
HR.10.11054474	Petlovac
HR.10.11054475	Petrijevci
HR.10.11054476	Podgorač
HR.10.11054477	Podravska Moslavina
HR.10.11054478	Popovac
HR.10.11054479	Punitovci
HR.10.11054480	Semeljci
HR.10.11054481	Općina Strizivojna
HR.10.11054482	Šodolovci
HR.10.11054483	Trnava
HR.10.11054484	Viljevo
HR.10.11054485	Viškovci
HR.10.11054486	Vladislavci
HR.10.11054488	Vuka
HR.03.11054489	Blato
HR.13.11054512	Biskupija
HR.13.11054513	Civljane
HR.13.11054514	Kijevo
HR.13.11054515	Kistanje
HR.13.11054516	Knin
HR.13.11054517	Pirovac
HR.13.11054518	Murter-Kornati
HR.13.11054519	Primošten
HR.13.11054520	Ružić
HR.13.11054521	Skradin
HR.13.11054522	Tisno
HR.13.11054523	Tribunj
HR.13.11054524	Unešić
HR.13.11054525	Vodice
HR.18.11054526	Andrijaševci
HR.18.11054527	Babina Greda
HR.18.11054529	Bogdanovci
HR.18.11054530	Općina Borovo
HR.18.11054531	Bošnjaci
HR.18.11054533	Cerna
HR.18.11054534	Drenovci
HR.18.11054535	Gradište
HR.18.11054536	Gunja
HR.18.11054537	Ilok
HR.18.11054538	Ivankovo
HR.18.11054539	Jarmina
HR.18.11054540	Lovas
HR.18.11054541	Markušica
HR.18.11054542	Negoslavci
HR.18.11054543	Nijemci
HR.18.11054545	Nuštar
HR.18.11054546	Stari Jankovci
HR.18.11054547	Stari Mikanovci
HR.18.11054549	Štitar
HR.18.11054550	Tompojevci
HR.18.11054551	Tordinci
HR.18.11054552	Tovarnik
HR.18.11054553	Trpinja
HR.18.11054554	Vođinci
HR.18.11054556	Vrbanja
HR.15.11054557	Baška Voda
HR.15.11054558	Bol
HR.15.11054559	Brela
HR.15.11054560	Cista Provo
HR.15.11054601	Dicmo
HR.15.11054602	Dugopolje
HR.15.11054603	Gradac
HR.15.11054604	Hrvace
HR.15.11054605	Jelsa
HR.15.11054606	Kaštela
HR.15.11054607	Klis
HR.15.11054608	Town of Komiža
HR.15.11054609	Lećevica
HR.15.11054610	Lokvičići
HR.15.11054611	Lovreć
HR.15.11054612	Marina
HR.15.11054613	Milna
HR.15.11054614	Muć
HR.15.11054615	Nerežišća
HR.15.11054616	Okrug
HR.15.11054617	Podbablje
HR.15.11054618	Municipality of Podgora
HR.15.11054619	Podstrana
HR.15.11054620	Postira
HR.15.11054621	Prgomet
HR.15.11054622	Primorski Dolac
HR.15.11054623	Proložac
HR.15.11054624	Pučišća
HR.15.11054625	Runovići
HR.15.11054627	Seget
HR.15.11054631	Selca
HR.15.11054720	Solin
HR.15.11054721	Stari Grad
HR.15.11054722	Sućuraj
HR.15.11054727	Sutivan
HR.15.11054733	Šestanovac
HR.15.11054737	Šolta
HR.15.11054739	Trilj
HR.15.11054740	Tučepi
HR.15.11054741	Vrlika
HR.15.11054742	Zadvarje
HR.15.11054743	Zagvozd
HR.15.11054744	Zmijavci
HR.04.11054745	Bale-Valle
HR.04.11054746	Barban
HR.04.11054747	Brtonigla-Verteneglio
HR.04.11054749	Cerovlje
HR.04.11054750	Fažana-Fasana
HR.04.11054751	Funtana-Fontane
HR.04.11054790	Gračišće
HR.04.11054800	Grožnjan-Grisignana
HR.04.11054801	Općina Kanfanar
HR.04.11054804	Karojba
HR.04.11054805	Kršan
HR.04.11054806	Ližnjan-Lisignano
HR.04.11054807	Općina Lupoglav
HR.04.11054808	Marčana
HR.04.11054809	Medulin
HR.04.11054810	Motovun-Montona
HR.04.11054811	Novigrad-Cittanova
HR.04.11054812	Oprtalj-Portole
HR.04.11054813	Pićan
HR.04.11054816	Raša
HR.04.11054818	Sveti Lovreč
HR.04.11054819	Sveti Petar u Šumi
HR.04.11054820	Svetvinčenat
HR.04.11054821	Tinjan
HR.04.11054822	Umag-Umago
HR.04.11054824	Višnjan-Visignano
HR.04.11054825	Vižinada-Visinada
HR.04.11054827	Vodnjan-Dignano
HR.04.11054828	Vrsar-Orsera
HR.04.11054829	Žminj
HR.09.11054830	Općina Belica
HR.09.11054832	Općina Dekanovec
HR.09.11054834	Općina Domašinec
HR.09.11054835	Donja Dubrava
HR.09.11054836	Općina Donji Kraljevec
HR.09.11054837	Općina Donji Vidovec
HR.09.11054838	Općina Goričan
HR.09.11054839	Općina Gornji Mihaljevec
HR.09.11054840	Općina Kotoriba
HR.09.11054845	Općina Mala Subotica
HR.09.11054846	Grad Mursko Središće
HR.09.11054847	Općina Nedelišće
HR.09.11054848	Općina Orehovica
HR.09.11054849	Općina Podturen
HR.09.11054850	Grad Prelog
HR.09.11054852	Općina Pribislavec
HR.09.11054853	Općina Selnica
HR.09.11054879	Općina Strahoninec
HR.09.11054880	Općina Sveta Marija
HR.09.11054883	Sveti Juraj na Bregu
HR.09.11054884	Općina Sveti Martin na Muri
HR.09.11054885	Općina Šenkovec
HR.09.11054886	Općina Štrigova
HR.09.11054887	Općina Vratišinec
HR.20.11054888	Bistra
HR.20.11054889	Sveta Nedelja
HR.07.11054890	Marija Bistrica
HR.07.11054895	Oroslavje
HR.07.11054900	Pregrada
HR.12.11054902	Cres
HR.12.11054903	Kraljevica
HR.04.11054952	Kaštelir-Labinci
HR.15.11054954	Otok
HR.18.11054955	Otok
HR.13.11054956	Bilice
HR.03.11054957	Župa dubrovačka
HR.03.11054958	Zažablje
HR.03.11054959	Vela Luka
HR.03.11054960	Trpanj
HR.03.11054961	Općina Ston
HR.03.11054962	Smokvica
HR.03.11054963	Slivno
HR.03.11054964	Pojezerje
HR.03.11054966	Općina Orebić
HR.03.11054967	Opuzen
HR.03.11054968	Općina Mljet
HR.03.11054969	Metković
HR.03.11054970	Lumbarda
HR.03.11054971	Kula Norinska
HR.03.11054972	Općina Konavle
HR.03.11054973	Općina Janjina
HR.03.11055009	Dubrovačko primorje
HR.19.11055010	Zadar
HR.07.11055011	Đurmanec
HR.16.11055013	Sveti Đurđ
HR.06.11055014	Đelekovec
HR.01.11055019	Đulovac
HR.10.11055020	Đurđenovac
HR.10.11055021	Satnica Đakovačka
HR.13.11055022	Ervenik
HR.13.11055025	Promina
HR.18.11072232	Privlaka
HR.04.11072234	Sveta Nedelja
HR.12.11072235	Vinodolska općina
HR.12.11072236	Malinska-Dubašnica
HR.04.11072413	Tar-Vabriga-Torre Abrega
HR.04.11129787	Općina Lanišće
HT.10.3716114	Arrondissement de Vallières
HT.10.3716223	Arrondissement du Trou du Nord
HT.09.3717545	Sen Rafayèl
HT.06.3717563	Arrondissement de Marmelade
HT.06.3717587	Arrondissement de Saint-Marc
HT.03.3717599	Arrondissement de Saint-Louis du Nord
HT.03.3718419	Arrondissement de Port-de-Paix
HT.11.3718425	Arrondissement de Port-au-Prince
HT.09.3718665	Arrondissement de Plaisance
HT.10.3719435	Wanament
HT.03.3720764	Mòl Sen Nikola
HT.07.3720809	Arrondissement de Mirebalais
HT.15.3720823	Arrondissement de Miragoâne
HT.09.3722122	Lenbe
HT.11.3722285	Leyogàn
HT.07.3722578	Arrondissement de Lascahobas
HT.11.3723019	Lagonav
HT.14.3723592	Jeremi
HT.13.3723778	Arrondissement de Jacmel
HT.07.3723840	Arrondissement de Hinche
HT.06.3724144	Arrondissement de Gros Morne
HT.09.3724438	Grann Rivyè di Nò
HT.06.3724695	Gonayiv
HT.10.3725169	Fòlibète
HT.06.3726539	Arrondissement de Dessalines
HT.11.3727134	Arrondissement de Croix des Bouquets
HT.12.3727295	Koto
HT.14.3727381	Arrondissement de Corail
HT.12.3727900	Chadonyè
HT.07.3728053	Arrondissement de Cerca la Source
HT.12.3728096	Arrondissement des Cayes
HT.09.3728473	Okap
HT.09.3729454	Oboy
HT.13.3730361	Belans
HT.15.3730801	Arrondissement de Baradères
HT.11.3731086	Arcahaie
HT.12.3731094	Arrondissement d'Aquin
HT.14.3731116	Ansdeno
HT.15.3731122	Ansavo
HT.09.3731232	Arrondissement de l'Acul du Nord
HU.24.196	Nagykanizsai Járás
HU.10.102	Püspökladányi Járás
HU.10.094	Berettyóújfalui Járás
HU.18.157	Nyíregyházi Járás
HU.18.155	Nagykállói Járás
HU.18.149	Csengeri Járás
HU.04.054	Cigándi Járás
HU.04.061	Miskolci Járás
HU.04.065	Sátoraljaújhelyi járás
HU.14.116	Balassagyarmati Járás
HU.14.119	Rétsági Járás
HU.16.123	Budakeszi Járás
HU.16.136	Szigetszentmiklósi Járás
HU.16.135	Szentendrei Járás
HU.12.110	Esztergomi Járás
HU.08.084	Sárbogárdi Járás
HU.21.172	Paksi járás
HU.05.002	Budapest II.
HU.05.010	Budapest X.
HU.05.019	Budapest XIX.
HU.05.005	Budapest V.
HU.05.012	Budapest XII.
HU.05.004	Budapest IV.
HU.05.011	Budapest XI.
HU.05.008	Budapest VIII.
HU.05.016	Budapest XVI.
HU.05.003	Budapest III.
HU.05.015	Budapest XV.
HU.05.018	Budapest XVIII.
HU.05.023	Budapest XXIII.
HU.05.022	Budapest XXII.
HU.05.021	Budapest XXI.
HU.05.020	Budapest XX.
HU.05.017	Budapest XVII.
HU.05.001	Budapest I.
HU.05.006	Budapest VI.
HU.05.013	Budapest XIII.
HU.05.014	Budapest XIV.
HU.05.007	Budapest VII.
HU.05.009	Budapest IX.
ID.26.1274	Kota Tebing Tinggi
ID.26.1204	Kabupaten Tapanuli Tengah
ID.26.1203	South Tapanuli Regency
ID.26.1272	Kota Tanjung Balai
ID.26.1209	Kabupaten Simalungun
ID.26.1271	Kota Sibolga
ID.01.1172	Kota Sabang
ID.26.1273	Kota Pematang Siantar
ID.26.1275	Kota Medan
ID.26.1213	Kabupaten Langkat
ID.26.1207	Kabupaten Labuhan Batu
ID.26.1211	Kabupaten Karo
ID.26.1212	Kabupaten Deli Serdang
ID.26.1210	Kabupaten Dairi
ID.01.1171	Kota Banda Aceh
ID.26.1208	Kabupaten Asahan
ID.01.1111	Kabupaten Aceh Utara
ID.01.1105	Kabupaten Aceh Timur
ID.01.1104	Kabupaten Aceh Tenggara
ID.01.1106	Kabupaten Aceh Tengah
ID.01.1103	Kabupaten Aceh Selatan
ID.01.1108	Kabupaten Aceh Besar
ID.01.1107	Kabupaten Aceh Barat
ID.10.3471	Kota Yogyakarta
ID.36.9426	Kabupaten Waropen
ID.07.3312	Kabupaten Wonogiri
ID.38.7313	Kabupaten Wajo
ID.38.7371	Kota Makassar
ID.08.3504	Kabupaten Tulungagung
ID.08.3523	Kabupaten Tuban
ID.08.3503	Kabupaten Trenggalek
ID.18.5305	Kabupaten Timor Tengah Utara
ID.18.5304	Kabupaten Timor Tengah Selatan
ID.07.3323	Kabupaten Temanggung
ID.07.3328	Kabupaten Tegal
ID.30.3278	Kota Tasikmalaya
ID.30.3206	Kabupaten Tasikmalaya
ID.12.6305	Kabupaten Tapin
ID.15.1871	Kota Bandar Lampung
ID.33.3603	Kabupaten Tangerang
ID.38.7318	Kabupaten Tana Toraja
ID.12.6301	Kabupaten Tanah Laut
ID.38.7305	Kabupaten Takalar
ID.02.5102	Kabupaten Tabanan
ID.12.6309	Kabupaten Tabalong
ID.07.3372	Kota Surakarta
ID.08.3578	Kota Surabaya
ID.30.3211	Kabupaten Sumedang
ID.18.5302	Kabupaten Sumba Timur
ID.18.5301	Kabupaten Sumba Barat
ID.07.3311	Kabupaten Sukoharjo
ID.30.3272	Kota Sukabumi
ID.30.3202	Kabupaten Sukabumi
ID.PD.9107	Kabupaten Sorong
ID.24.1372	Kota Solok
ID.24.1303	Kabupaten Solok
ID.11.6107	Kabupaten Sintang
ID.38.7307	Kabupaten Sinjai
ID.18.5310	Kabupaten Sikka
ID.08.3515	Kabupaten Sidoarjo
ID.38.7314	Kabupaten Sidenreng Rappang
ID.13.6208	Kabupaten Seruyan
ID.33.3604	Kabupaten Serang
ID.07.3374	Kota Semarang
ID.38.7301	Selayar Islands Regency
ID.24.1373	Kota Sawah Lunto
ID.05.1503	Kabupaten Sarolangun
ID.31.7103	Kabupaten Kepulauan Sangihe
ID.11.6105	Kabupaten Sanggau
ID.08.3527	Kabupaten Sampang
ID.11.6101	Kabupaten Sambas
ID.14.6472	Kota Samarinda
ID.07.3317	Kabupaten Rembang
ID.03.1702	Kabupaten Rejang Lebong
ID.PD.9108	Kabupaten Raja Ampat
ID.07.3306	Kabupaten Purworejo
ID.30.3214	Kabupaten Purwakarta
ID.08.3574	Kota Probolinggo
ID.08.3513	Kabupaten Probolinggo
ID.21.7204	Kabupaten Poso
ID.11.6171	Kota Pontianak
ID.11.6104	Kabupaten Mempawah
ID.08.3502	Kabupaten Ponorogo
ID.41.7602	Kabupaten Polewali Mandar
ID.38.7315	Kabupaten Pinrang
ID.24.1302	Kabupaten Pesisir Selatan
ID.07.3327	Kabupaten Pemalang
ID.37.1471	Kota Pekanbaru
ID.07.3375	Kota Pekalongan
ID.PE.9402	Kabupaten Jayawijaya
ID.24.1376	Kota Payakumbuh
ID.07.3318	Kabupaten Pati
ID.08.3575	Kota Pasuruan
ID.08.3514	Kabupaten Pasuruan
ID.38.7372	Kota Parepare
ID.PT.9410	Kabupaten Paniai
ID.35.1971	Kota Pangkal Pinang
ID.38.7309	Kabupaten Pangkajene Dan Kepulauan
ID.33.3601	Kabupaten Pandeglang
ID.08.3512	Kabupaten Situbondo
ID.08.3528	Kabupaten Pamekasan
ID.21.7271	Kota Palu
ID.32.1671	Kota Palembang
ID.13.6271	Kota Palangka Raya
ID.24.1306	Kabupaten Padang Pariaman
ID.24.1374	Kota Padang Panjang
ID.24.1371	Kota Padang
ID.08.3501	Kabupaten Pacitan
ID.32.1601	Kabupaten Ogan Komering Ulu
ID.32.1602	Kabupaten Ogan Komering Ilir
ID.08.3518	Kabupaten Nganjuk
ID.18.5312	Kabupaten Ngada
ID.32.1605	Kabupaten Musi Rawas
ID.32.1606	Kabupaten Musi Banyuasin
ID.13.6213	Kabupaten Murung Raya
ID.22.7402	Kabupaten Muna
ID.08.3576	Kota Mojokerto
ID.08.3516	Kabupaten Mojokerto
ID.PS.9401	Kabupaten Merauke
ID.17.5271	Kota Mataram
ID.38.7308	Kabupaten Maros
ID.39.9105	Kabupaten Manokwari
ID.18.5313	Kabupaten Manggarai
ID.31.7171	Kota Manado
ID.41.7604	Kabupaten Mamuju
ID.28.8102	Kabupaten Maluku Tenggara
ID.08.3573	Kota Malang
ID.08.3507	Kabupaten Malang
ID.41.7601	Kabupaten Majene
ID.30.3210	Kabupaten Majalengka
ID.07.3371	Kota Magelang
ID.08.3577	Kota Madiun
ID.08.3519	Kabupaten Madiun
ID.08.3508	Kabupaten Lumajang
ID.17.5203	Kabupaten Lombok Timur
ID.17.5202	Kabupaten Lombok Tengah
ID.17.5201	Kabupaten Lombok Barat
ID.33.3602	Kabupaten Lebak
ID.15.1806	Kabupaten Lampung Utara
ID.15.1805	Kabupaten Lampung Tengah
ID.30.3208	Kabupaten Kuningan
ID.07.3319	Kabupaten Kudus
ID.13.6202	Kabupaten Kotawaringin Timur
ID.13.6201	Kabupaten Kotawaringin Barat
ID.12.6302	Kabupaten Kota Baru
ID.22.7404	Kabupaten Kolaka
ID.02.5105	Kabupaten Klungkung
ID.07.3310	Kabupaten Klaten
ID.11.6106	Kabupaten Ketapang
ID.05.1501	Kabupaten Kerinci
ID.22.7471	Kota Kendari
ID.08.3571	Kota Kediri
ID.08.3506	Kabupaten Kediri
ID.13.6209	Kabupaten Katingan
ID.30.3215	Kabupaten Karawang
ID.11.6108	Kabupaten Kapuas Hulu
ID.13.6203	Kabupaten Kapuas
ID.08.3517	Kabupaten Jombang
ID.07.3320	Kabupaten Jepara
ID.38.7304	Kabupaten Jeneponto
ID.02.5101	Kabupaten Jembrana
ID.08.3509	Kabupaten Jember
ID.36.9403	Kabupaten Jayapura
ID.05.1571	Kota Jambi
ID.04.3172	Kota Administrasi Jakarta Timur
ID.30.3212	Kabupaten Indramayu
ID.37.1402	Kabupaten Indragiri Hulu
ID.37.1403	Kabupaten Indragiri Hilir
ID.12.6308	Kabupaten Hulu Sungai Utara
ID.12.6307	Kabupaten Hulu Sungai Tengah
ID.12.6306	Kabupaten Hulu Sungai Selatan
ID.29.8202	Kabupaten Halmahera Tengah
ID.10.3403	Kabupaten Gunungkidul
ID.07.3315	Kabupaten Grobogan
ID.38.7306	Kabupaten Gowa
ID.34.7571	Kota Gorontalo
ID.02.5104	Kabupaten Gianyar
ID.30.3205	Kabupaten Garut
ID.18.5309	Kabupaten Flores Timur
ID.38.7316	Kabupaten Enrekang
ID.21.7205	Kabupaten Donggala
ID.02.5171	Kota Denpasar
ID.30.3274	Kota Cirebon
ID.30.3209	Kabupaten Cirebon
ID.30.3277	Kota Cimahi
ID.30.3207	Kabupaten Ciamis
ID.22.7401	Kabupaten Buton
ID.21.7207	Kabupaten Buol
ID.38.7302	Kabupaten Bulukumba
ID.02.5108	Kabupaten Buleleng
ID.24.1375	Kota Bukittinggi
ID.07.3329	Kabupaten Brebes
ID.07.3309	Kabupaten Boyolali
ID.38.7311	Kabupaten Bone
ID.31.7101	Kabupaten Bolaang Mongondow
ID.08.3522	Kabupaten Bojonegoro
ID.30.3271	Kota Bogor
ID.30.3201	Kabupaten Bogor
ID.07.3316	Kabupaten Blora
ID.08.3572	Kota Blitar
ID.08.3505	Kabupaten Blitar
ID.31.7172	Kota Bitung
ID.26.1276	Kota Binjai
ID.17.5206	Kabupaten Bima
ID.03.1703	Kabupaten Bengkulu Utara
ID.03.1701	Kabupaten Bengkulu Selatan
ID.03.1771	Kota Bengkulu
ID.18.5306	Kabupaten Belu
ID.35.1902	Kabupaten Belitung
ID.30.3216	Kabupaten Bekasi
ID.05.1504	Kabupaten Batang Hari
ID.07.3325	Kabupaten Batang
ID.38.7310	Kabupaten Barru
ID.13.6205	Kabupaten Barito Utara
ID.13.6212	Kabupaten Barito Timur
ID.13.6204	Kabupaten Barito Selatan
ID.12.6304	Kabupaten Barito Kuala
ID.08.3510	Kabupaten Banyuwangi
ID.07.3302	Kabupaten Banyumas
ID.10.3402	Kabupaten Bantul
ID.38.7303	Kabupaten Bantaeng
ID.12.6371	Kota Banjarmasin
ID.12.6372	Kota Banjar Baru
ID.12.6303	Kabupaten Banjar
ID.02.5106	Kabupaten Bangli
ID.08.3526	Kabupaten Bangkalan
ID.35.1901	Kabupaten Bangka
ID.30.3204	Kabupaten Bandung
ID.14.6471	Kota Balikpapan
ID.02.5103	Kabupaten Badung
ID.28.8171	Kota Ambon
ID.18.5307	Kabupaten Alor
ID.24.1307	Kabupaten Agam
ID.18.5371	Kota Kupang
ID.18.5303	Kabupaten Kupang
ID.07.3308	Kabupaten Magelang
ID.07.3373	Kota Salatiga
ID.10.3404	Kabupaten Sleman
ID.07.3314	Kabupaten Sragen
ID.07.3305	Kabupaten Kebumen
ID.07.3304	Kabupaten Banjarnegara
ID.07.3301	Kabupaten Cilacap
ID.07.3303	Kabupaten Purbalingga
ID.07.3307	Kabupaten Wonosobo
ID.08.3520	Kabupaten Magetan
ID.08.3521	Kabupaten Ngawi
ID.07.3322	Kabupaten Semarang
ID.30.3273	Kota Bandung
ID.07.3313	Kabupaten Karanganyar
ID.30.3213	Kabupaten Subang
ID.30.3203	Kabupaten Cianjur
ID.30.3275	Kota Bekasi
ID.39.9101	Kabupaten Fakfak
ID.31.7105	Kabupaten Minahasa Selatan
ID.01.1114	Kabupaten Aceh Tamiang
ID.01.1112	Kabupaten Aceh Barat Daya
ID.01.1115	Kabupaten Nagan Raya
ID.01.1101	Kabupaten Simeulue
ID.01.1116	Kabupaten Aceh Jaya
ID.01.1117	Kabupaten Bener Meriah
ID.01.1102	Kabupaten Aceh Singkil
ID.26.1218	Kabupaten Serdang Bedagai
ID.01.1174	Kota Lhokseumawe
ID.37.1407	Kabupaten Rokan Hulu
ID.37.1406	Kabupaten Kampar
ID.26.1216	Kabupaten Pakpak Bharat
ID.26.1205	Kabupaten Tapanuli Utara
ID.01.1110	Kabupaten Bireuen
ID.07.3321	Kabupaten Demak
ID.07.3324	Kabupaten Kendal
ID.30.3276	Kota Depok
ID.31.7102	Kabupaten Minahasa
ID.33.3672	Kota Cilegon
ID.07.3376	Kota Tegal
ID.08.3525	Gresik Regency
ID.07.3326	Kabupaten Pekalongan
ID.08.3511	Kabupaten Bondowoso
ID.34.7502	Kabupaten Gorontalo
ID.38.7317	Kabupaten Luwu
ID.22.7472	Kota Baubau
ID.21.7202	Kabupaten Banggai
ID.17.5207	Kabupaten Sumbawa Barat
ID.17.5205	Kabupaten Dompu
ID.38.7312	Kabupaten Soppeng
ID.02.5107	Kabupaten Karang Asem
ID.15.1803	Kabupaten Lampung Selatan
ID.30.3217	Kabupaten Bandung Barat
ID.05.1509	Kabupaten Bungo
ID.39.9102	Kabupaten Kaimana
ID.39.9103	Kabupaten Teluk Wondama
ID.PD.9106	Kabupaten Sorong Selatan
ID.29.8204	Kabupaten Halmahera Selatan
ID.10.3401	Kabupaten Kulon Progo
ID.29.8271	Kota Ternate
ID.36.9471	Kota Jayapura
ID.PT.9404	Kabupaten Nabire
ID.41.7603	Kabupaten Mamasa
ID.PE.9417	Kabupaten Pegunungan Bintang
ID.32.1672	Kota Prabumulih
ID.08.3524	Kabupaten Lamongan
ID.01.1173	Kota Langsa
ID.01.1113	Kabupaten Gayo Lues
ID.01.1109	Kabupaten Pidie
ID.26.1214	Kabupaten Nias Selatan
ID.32.1603	Kabupaten Muara Enim
ID.36.9409	Kabupaten Biak Numfor
ID.36.9419	Kabupaten Sarmi
ID.36.9420	Kabupaten Keerom
ID.08.3529	Kabupaten Sumenep
ID.24.1304	Kabupaten Sijunjung
ID.15.1811	Kabupaten Mesuji
ID.24.1308	Kabupaten Lima Puluh Kota
ID.01.1118	Kabupaten Pidie Jaya
ID.01.1175	Kota Subulussalam
ID.17.5204	Kabupaten Sumbawa
ID.24.1305	Kabupaten Tanah Datar
ID.37.1408	Kabupaten Bengkalis
ID.26.1222	Kabupaten Labuhan Batu Selatan
ID.42.6502	Kabupaten Bulungan
ID.42.6571	Kabupaten Tarakan
ID.42.6501	Kabupaten Malinau
ID.42.6504	Kabupaten Nunukan
ID.42.6503	Kabupaten Tana Tidung
ID.17.5208	Kabupaten Lombok Utara
ID.17.5272	Kota Bima
ID.40.2104	Kabupaten Lingga
ID.11.6103	Kabupaten Landak
ID.11.6102	Kabupaten Bengkayang
ID.40.2103	Kabupaten Natuna
ID.24.1301	Kabupaten Kepulauan Mentawai
ID.40.2105	Kabupaten Kepulauan Anambas
ID.13.6210	Kabupaten Pulang Pisau
ID.40.2102	Kabupaten Bintan
ID.26.1202	Kabupaten Mandailing Natal
ID.26.1215	Kabupaten Humbang Hasundutan
ID.26.1217	Kabupaten Samosir
ID.24.1309	Kabupaten Pasaman
ID.24.1312	Kabupaten Pasaman Barat
ID.37.1401	Kabupaten Kuantan Singingi
ID.37.1404	Kabupaten Pelalawan
ID.32.1610	Kabupaten Ogan Ilir
ID.15.1807	Kabupaten Way Kanan
ID.15.1808	Kabupaten Tulangbawang
ID.18.5308	Kabupaten Lembata
ID.18.5315	Kabupaten Manggarai Barat
ID.12.6311	Kabupaten Balangan
ID.34.7504	Kabupaten Bone Bolango
ID.34.7501	Kabupaten Boalemo
ID.34.7503	Kabupaten Pohuwato
ID.21.7209	Tojo Una-Una Regency
ID.21.7208	Kabupaten Parigi Moutong
ID.21.7201	Kabupaten Banggai Kepulauan
ID.21.7203	Morowali Regency
ID.38.7325	Kabupaten Luwu Timur
ID.22.7408	Kabupaten Kolaka Utara
ID.28.8105	Kabupaten Kepulauan Aru
ID.29.8201	Kabupaten Halmahera Barat
ID.PS.9414	Kabupaten Mappi
ID.PS.9415	Kabupaten Asmat
ID.14.6409	Kabupaten Penajam Paser Utara
ID.26.1206	Kabupaten Toba Samosir
ID.24.1310	Kabupaten Solok Selatan
ID.32.1607	Kabupaten Banyu Asin
ID.15.1804	Kabupaten Lampung Timur
ID.18.5314	Kabupaten Rote Ndao
ID.38.7322	Kabupaten Luwu Utara
ID.29.8205	Kabupaten Halmahera Utara
ID.18.5311	Kabupaten Ende
ID.34.7505	Kabupaten Gorontalo Utara
ID.31.7106	Kabupaten Minahasa Utara
ID.28.8103	Kabupaten Maluku Tengah
ID.28.8106	Kabupaten Seram Bagian Barat
ID.32.1608	Kabupaten Ogan Komering Ulu Selatan
ID.13.6207	Kabupaten Lamandau
ID.28.8104	Kabupaten Buru
ID.29.8206	East Halmahera Regency
ID.22.7407	Wakatobi Regency
ID.22.7405	Kabupaten Konawe Selatan
ID.28.8107	Kabupaten Seram Bagian Timur
ID.PS.9413	Kabupaten Boven Digoel
ID.39.9104	Kabupaten Teluk Bintuni
ID.24.1311	Kabupaten Dharmasraya
ID.32.1604	Lahat Regency
ID.32.1609	Kabupaten Ogan Komering Ulu Timur
ID.15.1801	Kabupaten Lampung Barat
ID.11.6109	Kabupaten Sekadau
ID.22.7406	Kabupaten Bombana
ID.29.8203	Kabupaten Kepulauan Sula
ID.36.9408	Kabupaten Kepulauan Yapen
ID.36.9427	Kabupaten Supiori
ID.PT.9412	Kabupaten Mimika
ID.PT.9411	Kabupaten Puncak Jaya
ID.12.6310	Kabupaten Tanah Bumbu
ID.21.7210	Kabupaten Sigi
ID.05.1505	Kabupaten Muaro Jambi
ID.35.1905	Kabupaten Bangka Selatan
ID.35.1904	Kabupaten Bangka Tengah
ID.35.1903	Kabupaten Bangka Barat
ID.35.1906	Kabupaten Belitung Timur
ID.40.2101	Kabupaten Karimun
ID.26.1220	Kabupaten Padang Lawas Utara
ID.26.1219	Kabupaten Batu Bara
ID.26.1221	Kabupaten Padang Lawas
ID.26.1223	Kabupaten Labuhan Batu Utara
ID.03.1709	Kabupaten Bengkulu Tengah
ID.31.7110	Kabupaten Bolaang Mongondow Selatan
ID.31.7111	Kabupaten Bolaang Mongondow Timur
ID.31.7107	Kabupaten Bolaang Mongondow Utara
ID.14.6474	Kota Bontang
ID.28.8109	Kabupaten Buru Selatan
ID.22.7409	Kabupaten Buton Utara
ID.37.1473	Kota Dumai
ID.PT.9436	Kabupaten Deiyai
ID.PT.9434	Kabupaten Dogiyai
ID.32.1611	Kabupaten Empat Lawang
ID.22.7412	Kabupaten Konawe Kepulauan
ID.41.7606	Kabupaten Mamuju Tengah
ID.39.9111	Kabupaten Manokwari Selatan
ID.21.7212	Kabupaten Morowali Utara
ID.32.1613	Kabupaten Musi Rawas Utara
ID.30.3218	Kabupaten Pangandaran
ID.39.9112	Kabupaten Pegunungan Arfak
ID.32.1612	Kabupaten Penukal Abab Lematang Ilir
ID.15.1813	West Pesisir Regency
ID.29.8208	Kabupaten Pulau Taliabu
ID.03.1704	Kabupaten Kaur
ID.11.6111	Kabupaten Kayong Utara
ID.03.1708	Kabupaten Kepahiang
ID.37.1410	Kabupaten Kepulauan Meranti
ID.31.7104	Kabupaten Kepulauan Talaud
ID.22.7410	Kabupaten Konawe Utara
ID.31.7174	Kota Kotamobagu
ID.11.6112	Kabupaten Kubu Raya
ID.14.6402	Kabupaten Kutai Barat
ID.14.6403	Kabupaten Kutai Kartanegara
ID.PE.9430	Kabupaten Lanny Jaya
ID.03.1707	Kabupaten Lebong
ID.32.1674	Kota Lubuklinggau
ID.28.8108	Kabupaten Maluku Barat Daya
ID.28.8101	Kabupaten Maluku Tenggara Barat
ID.36.9428	Kabupaten Mamberamo Raya
ID.PE.9431	Kabupaten Mamberamo Tengah
ID.18.5319	Kabupaten Manggarai Timur
ID.PD.9110	Kabupaten Maybrat
ID.11.6110	Kabupaten Melawi
ID.05.1502	Kabupaten Merangin
ID.15.1872	Kota Metro
ID.31.7109	Kabupaten Minahasa Tenggara
ID.03.1706	Kabupaten Mukomuko
ID.18.5318	Kabupaten Nagekeo
ID.PE.9429	Kabupaten Nduga
ID.26.1225	Kabupaten Nias Barat
ID.26.1224	Kabupaten Nias Utara
ID.26.1277	Kota Padangsidimpuan
ID.38.7373	Kota Palopo
ID.24.1377	Kota Pariaman
ID.14.6401	Kabupaten Paser
ID.15.1809	Kabupaten Pesawaran
ID.15.1810	Kabupaten Pringsewu
ID.29.8207	Kabupaten Pulau Morotai
ID.37.1409	Kabupaten Rokan Hilir
ID.37.1405	Kabupaten Siak
ID.18.5320	Kabupaten Sabu Raijua
ID.03.1705	Kabupaten Seluma
ID.33.3673	Kota Serang
ID.11.6172	Kota Singkawang
ID.PD.9171	Kota Sorong
ID.18.5317	Kabupaten Sumba Barat Daya
ID.05.1572	Kota Sungai Penuh
ID.PD.9109	Kabupaten Tambrauw
ID.33.3674	Kota Tangerang Selatan
ID.15.1802	Kabupaten Tanggamus
ID.05.1507	Kabupaten Tanjung Jabung Barat
ID.05.1506	Kabupaten Tanjung Jabung Timur
ID.05.1508	Kabupaten Tebo
ID.29.8272	Kota Tidore Kepulauan
ID.PE.9418	Kabupaten Tolikara
ID.21.7206	Kabupaten Toli-Toli
ID.31.7173	Kota Tomohon
ID.38.7326	Kabupaten Toraja Utara
ID.28.8172	Kota Tual
ID.15.1812	Kabupaten Tulang Bawang Barat
ID.PE.9416	Kabupaten Yahukimo
ID.PE.9432	Kabupaten Yalimo
ID.26.1278	Kota Gunungsitoli
ID.PT.9435	Kabupaten Intan Jaya
ID.18.5321	Kabupaten Malaka
ID.14.6404	Kabupaten Kutai Timur
ID.PT.9433	Kabupaten Puncak
ID.31.7108	Kabupaten Siau Tagulandang Biaro
ID.04.3101	Kabupaten Administrasi Kepulauan Seribu
ID.08.3579	Kota Batu
ID.14.6411	Kabupaten Mahakam Hulu
ID.33.3671	Kota Tangerang
ID.40.2171	Kota Batam
ID.40.2172	Kota Tanjung Pinang
ID.30.3279	Kota Banjar
ID.22.7415	Kabupaten Buton Selatan
ID.22.7414	Kabupaten Buton Tengah
ID.22.7413	Kabupaten Muna Barat
IE.L.31	Wicklow
IE.L.30	Wexford
IE.L.29	Westmeath
IE.M.26	County Tipperary
IE.C.25	Sligo
IE.C.24	Roscommon
IE.L.23	Uíbh Fhailí
IE.U.22	County Monaghan
IE.L.21	Meath
IE.C.20	Mayo County
IE.L.19	Louth
IE.L.18	An Longfort
IE.C.14	County Leitrim
IE.L.15	Laois
IE.L.13	Kilkenny
IE.L.12	Kildare
IE.M.11	Kerry
IE.C.10	County Galway
IE.U.06	County Donegal
IE.M.04	County Cork
IE.M.03	Clare
IE.U.02	An Cabhán
IE.L.01	County Carlow
IE.L.35	Fingal County
IE.L.34	Dún Laoghaire-Rathdown
IE.L.39	South Dublin
IE.L.33	Dublin City
IE.M.42	Limerick City and County Council
IE.M.44	County Waterford
IL.04.294798	H̱efa
IN.20.263	Zunheboto
IN.16.510	Yavatmal
IN.20.264	Wokha
IN.26.289	West Tripura
IN.30.250	West Siang
IN.30.246	West Kameng
IN.02.546	West Godāvari
IN.29.242	Gyalshing
IN.16.504	Wardha
IN.40.540	Warangal Rural
IN.02.544	Visākhapatnam
IN.35.443	Vidisha
IN.36.197	Varanasi
IN.09.491	Valsād
IN.34.220	Vaishāli
IN.09.486	Vadodara
IN.39.056	Uttarkashi
IN.19.563	Uttar Kannada
IN.30.249	Upper Subansiri
IN.36.156	District Unnao
IN.35.435	Ujjain
IN.12.019	Udhampur
IN.24.130	Udaipur
IN.19.571	Tumkur
IN.20.267	Tuensang District
IN.24.120	Tonk
IN.25.614	Tiruchirappalli
IN.30.254	Tirāp
IN.35.424	Tīkamgarh
IN.09.489	The Dāngs
IN.25.620	Thanjavur
IN.16.517	Thane
IN.39.059	Tehri Garhwal
IN.37.401	Surguja
IN.09.475	Surendranagar
IN.09.492	Sūrat
IN.21.374	Sundargarh
IN.36.179	District Sultanpur
IN.12.010	Srīnagar
IN.02.542	Srīkākulam
IN.26.290	South Tripura
IN.29.243	Namchi
IN.10.076	Sonīpat
IN.16.526	Solapur
IN.11.031	Solan
IN.34.218	Siwān
IN.36.154	Sitapur
IN.34.206	Sītāmarhi
IN.10.079	Sirsa
IN.24.117	Sirohi
IN.11.032	Sirmaur
IN.38.368	Pashchim Singhbhūm
IN.11.033	Shimla
IN.24.111	Sikar District
IN.35.462	Sidhi
IN.03.311	Sibsāgar
IN.35.423	Shivpurī
IN.19.568	Shimoga
IN.35.436	Shājāpur
IN.36.152	Shājahānpur
IN.35.460	Shahdol
IN.35.456	Seonī
IN.35.445	Sehore
IN.24.108	Sawāi Mādhopur
IN.35.429	Satna
IN.34.219	Sāran
IN.23.053	Sangrur
IN.21.372	Sambalpur
IN.34.221	Samastīpur
IN.25.608	Salem
IN.34.214	Saharsa
IN.36.132	District Saharanpur
IN.35.427	Sāgar
IN.09.472	Sabarkantha
IN.23.051	Rupnagar
IN.34.234	Rohtās
IN.10.082	Rohtak
IN.35.430	Rewa
IN.16.528	Ratnagiri
IN.35.434	Ratlām
IN.38.364	Rānchī
IN.36.136	District Rampur
IN.25.626	Rāmanāthapuram
IN.37.408	Rāj Nāndgaon
IN.09.476	Rājkot
IN.35.442	Rājgarh
IN.12.006	Rājauri
IN.35.446	Raisen
IN.37.410	Raipur
IN.37.403	Raigarh
IN.19.559	Raichur
IN.36.158	District Raebareli
IN.28.340	Puruliya
IN.34.211	Purnia
IN.34.204	Pūrba Champāran
IN.25.621	Pudukkottai
IN.36.173	District Pratapgarh
IN.02.549	Prakasam
IN.22.635	Puducherry
IN.39.062	Pithoragarh
IN.36.151	District Pilibhit
IN.20.266	Phek
IN.34.230	Patna
IN.23.048	Patiala
IN.34.203	Pashchim Champāran
IN.16.513	Parbhani
IN.35.426	Panna
IN.09.484	Pānch Mahāls
IN.24.118	Pali District
IN.38.358	Palāmu
IN.16.525	Osmanabad
IN.26.292	North Tripura
IN.29.241	Mangan
IN.03.315	Dima Hasao District
IN.40.533	Nizamabad
IN.25.611	Nilgiris
IN.01.638	Nicobar
IN.02.550	Nellore
IN.34.237	Nawāda
IN.35.452	Narsimhapur
IN.16.511	Nanded
IN.40.539	Nalgonda District
IN.34.229	Nālanda
IN.39.066	Nainital
IN.24.112	Nagaur District
IN.28.336	Nadia
IN.19.577	Mysore
IN.34.216	Muzaffarpur
IN.36.133	Muzaffarnagar
IN.34.226	Munger
IN.35.419	Morena
IN.36.135	Morādābād
IN.20.261	Mon
IN.20.262	Mokokchūng
IN.36.199	Mirzāpur
IN.36.138	Meerut
IN.40.535	Medak
IN.21.376	Mayūrbhanj
IN.36.145	Mathura
IN.19.573	Mandya
IN.35.433	Mandsaur
IN.35.454	Mandla
IN.11.027	Mandi
IN.28.332	Malda District
IN.13.592	Malappuram
IN.36.148	Mainpuri
IN.09.471	Mahesāna
IN.10.084	Mahendragarh
IN.40.538	Mahbūbnagar
IN.25.623	Madurai
IN.34.207	Madhubani
IN.23.041	Ludhiāna
IN.36.157	Lucknow District
IN.30.255	Lower Subansiri
IN.30.259	Lohit District
IN.36.167	Lalitpur
IN.03.307	Lakhimpur
IN.11.025	Lāhul and Spiti
IN.41.003	Leh
IN.10.072	Kurukshetra
IN.02.552	Kurnool
IN.11.026	Kulu
IN.02.547	Krishna
IN.13.591	Kozhikode
IN.13.597	Kottayam
IN.24.127	Kota
IN.21.398	Koraput
IN.16.530	Kolhapur
IN.19.581	Kolar
IN.20.270	Kohīma
IN.19.576	Kodagu
IN.28.329	Cooch Behar District
IN.36.153	Kheri
IN.09.483	Kheda
IN.18.298	East Khāsi Hills
IN.40.541	Khammam
IN.21.375	Kendujhar
IN.12.007	Kathua
IN.10.074	Karnāl
IN.40.534	Karīmnagar
IN.03.314	Kārbi Ānglong
IN.22.637	Kāraikāl
IN.23.036	Kapurthala
IN.36.164	Kānpur
IN.25.629	Kanniyakumari
IN.11.024	Kāngra
IN.03.321	Kāmrūp
IN.21.395	Kālāhandi
IN.09.468	Kutch
IN.09.479	Jūnāgadh
IN.23.037	Jalandhar
IN.24.113	Jodhpur
IN.10.077	Jīnd
IN.24.103	Jhunjhunu District
IN.36.166	Jhānsi
IN.24.129	Jhalawar District
IN.35.464	Jhābua
IN.36.194	Jaunpur
IN.09.477	Jāmnagar
IN.12.021	Jammu
IN.28.328	Jalpāiguri
IN.24.116	Jalore
IN.16.499	Jalgaon
IN.36.165	District Jalaun
IN.24.114	Jaisalmer
IN.24.110	Jaipur
IN.18.299	West Jaintia Hills
IN.35.451	Jabalpur
IN.35.439	Indore
IN.13.596	Idukki
IN.40.536	Hyderābād
IN.28.338	Hugli
IN.23.038	Hoshiarpur
IN.35.449	Narmadapuram district
IN.10.080	Hisār
IN.38.360	Hazārībāg
IN.19.574	Hassan
IN.36.155	Hardoi
IN.28.341	Hāora
IN.11.028	Hamīrpur
IN.36.168	District Hamirpur
IN.35.421	Gwalior
IN.10.086	Gurugram district
IN.23.035	Gurdaspur
IN.02.548	Guntūr
IN.35.458	Guna
IN.19.579	Gulbarga
IN.16.518	Mumbai Suburban
IN.36.188	Gorakhpur
IN.34.217	Gopālganj
IN.36.183	Gonda
IN.03.302	Goālpāra
IN.38.349	Girīdīh
IN.36.195	Ghazipur
IN.36.140	Ghāziābād
IN.34.236	Gayā
IN.18.294	East Gāro Hills
IN.39.061	Garhwāl
IN.21.388	Ganjām
IN.24.099	Gangānagar
IN.09.473	Gāndhīnagar
IN.23.043	Firozpur
IN.36.172	Fatehpur
IN.36.159	Ferrukhabad
IN.23.045	Faridkot
IN.36.177	Ayodhya
IN.36.161	District Etawah
IN.36.201	Etah District
IN.13.595	Ernākulam
IN.30.251	East Siang
IN.35.466	Khandwa district
IN.30.247	East Kameng
IN.02.545	East Godāvari
IN.29.244	Gangtok
IN.37.409	Durg
IN.24.124	Dūngarpur
IN.52.494	Diu
IN.03.310	Dibrugarh
IN.30.257	Dibāng Valley
IN.16.498	Dhule
IN.21.383	Dhenkānāl
IN.19.562	Dharwad
IN.25.630	Dharmapuri
IN.35.438	Dhār
IN.38.354	Dhānbād
IN.35.437	Dewas
IN.36.190	Deoria
IN.35.422	Datia
IN.03.325	Darrang
IN.28.327	Darjeeling
IN.34.215	Darbhanga
IN.35.428	Damoh
IN.52.495	Daman District
IN.19.575	Dakshina Kannada
IN.21.381	Cuttack
IN.02.551	YSR district
IN.25.632	Coimbatore
IN.24.102	Churu District
IN.02.554	Chittoor
IN.24.126	Chittaurgarh
IN.19.566	Chitradurga
IN.19.570	Chikmagalur
IN.35.455	Chhindwāra
IN.35.425	Chhatarpur
IN.39.057	Chamoli
IN.11.023	Chamba
IN.13.589	Kannur
IN.28.342	Kolkata
IN.03.316	Cāchār
IN.24.121	Bundi District
IN.16.500	Buldhana
IN.36.142	Bulandshahr
IN.36.149	Budaun
IN.28.334	Birbhum
IN.16.523	Bid
IN.11.030	Bilāspur
IN.37.406	Bilāspur
IN.24.101	Bikaner District
IN.36.134	Bijnor
IN.19.557	Bijāpur
IN.19.558	Bīdar
IN.35.444	Bhopāl
IN.34.231	Bhojpur
IN.10.081	Bhiwani
IN.35.420	Bhind
IN.24.122	Bhilwara District
IN.09.481	Bhāvnagar
IN.23.046	Bathinda
IN.09.488	Bharūch
IN.24.105	Bharatpur
IN.16.506	Bhandara
IN.34.224	Bhāgalpur
IN.35.447	Betūl
IN.19.565	Ballari
IN.19.555	Belgaum
IN.34.222	Begusarāi
IN.36.185	Basti
IN.37.414	Bastar
IN.24.115	Barmer District
IN.36.150	Bareilly
IN.28.335	Purba Bardhaman
IN.12.008	Bāramūla
IN.36.176	Bāra Banki
IN.24.125	Banswara District
IN.28.339	Bankura
IN.19.572	Bangalore Urban
IN.19.583	Bangalore Rural
IN.36.170	District Banda
IN.09.469	Banās Kāntha
IN.36.193	Ballia
IN.21.377	Bāleshwar
IN.21.393	Balāngīr
IN.35.457	Bālāghāt
IN.36.180	Bahraich
IN.36.191	Āzamgarh
IN.34.235	Aurangābād
IN.01.640	South Andaman
IN.12.014	Anantnāg
IN.02.553	Anantapur
IN.23.049	Amritsar
IN.09.480	Amreli
IN.10.070	Ambāla
IN.24.104	Alwar
IN.39.064	Almora
IN.13.598	Alappuzha
IN.36.175	Prayagraj
IN.36.143	Alīgarh
IN.16.501	Akola
IN.24.119	Ajmer
IN.09.474	Ahmadābād
IN.36.146	Āgra
IN.40.532	Adilabad
IN.25.609	Namakkal
IN.13.590	Wayanad
IN.13.593	Palakkad district
IN.36.181	Shrawasti
IN.36.184	Siddharthnagar
IN.36.189	Kushinagar
IN.16.502	Washim
IN.16.514	Jalna
IN.16.512	Hingoli
IN.16.522	Ahmadnagar
IN.16.507	Gondiya
IN.16.508	Gadchiroli
IN.16.524	Latur
IN.16.529	Sindhudurg
IN.16.520	Raigarh
IN.16.497	Nandurbar
IN.34.208	Supaul
IN.34.213	Madhepura
IN.34.209	Araria
IN.31.283	Aizawl
IN.31.286	Lunglei
IN.40.537	Rangareddi
IN.02.543	Vizianagaram District
IN.25.627	Thoothukkudi
IN.25.615	Perambalur
IN.25.618	Nagapattinam
IN.03.303	Barpeta
IN.03.319	Bongaigaon
IN.03.308	Dhemaji
IN.03.301	Dhubri
IN.03.313	Golaghat
IN.03.318	Hailakandi
IN.03.312	Jorhat
IN.03.317	Karimganj
IN.03.300	Kokrajhar
IN.03.323	Nalbari
IN.03.309	Tinsukia
IN.37.404	Korba
IN.37.412	Dhamtari
IN.37.413	Uttar Bastar Kanker
IN.38.367	Simdega
IN.38.351	Godda
IN.38.362	Dumka
IN.38.359	Latehar
IN.38.356	Lohardaga
IN.35.453	Dindori
IN.21.371	Jharsuguda District
IN.21.390	Kandhamal
IN.21.399	Malkangiri
IN.21.396	Rayagada
IN.09.482	Anand
IN.34.239	Jehanabad
IN.34.232	Buxar
IN.37.405	Janjgir-Champa
IN.09.485	Dohad
IN.38.363	Jamtara
IN.34.212	Katihar
IN.37.407	Kabeerdham
IN.34.223	Khagaria
IN.34.210	Kishanganj
IN.19.560	Koppal
IN.34.227	Lakhisarai
IN.37.411	Mahasamund
IN.28.333	Murshidabad
IN.09.470	Patan
IN.34.205	Sheohar
IN.35.418	Sheopur
IN.25.602	Thiruvallur
IN.21.378	Bhadrak
IN.21.380	Jagatsinghpur
IN.21.379	Kendrapara
IN.21.386	Khordha
IN.21.387	Puri
IN.25.603	Chennai
IN.25.605	Vellore
IN.25.606	Tiruvannamalai
IN.25.604	Kancheepuram
IN.25.607	Villupuram
IN.25.617	Cuddalore
IN.25.622	Sivaganga
IN.25.624	Theni
IN.25.625	Virudhunagar
IN.25.619	Thiruvarur
IN.19.567	Davanagere
IN.24.109	Dausa
IN.24.106	Dhaulpur
IN.24.107	Karauli
IN.24.128	Baran
IN.24.123	Rajsamand
IN.11.029	Una
IN.38.357	Purba Singhbhum
IN.38.355	Bokaro
IN.38.366	Gumla
IN.18.297	Ri-Bhoi
IN.18.296	West Khasi Hills
IN.39.063	Bageshwar
IN.39.065	Champawat
IN.39.067	Udham Singh Nagar
IN.37.400	Koriya
IN.37.402	Jashpur
IN.38.369	Saraikela
IN.38.352	Sahibganj
IN.38.353	Pakur
IN.38.346	Garhwa
IN.34.228	Sheikhpura
IN.24.100	Hanumangarh
IN.36.178	Ambedkar Nagar
IN.36.162	Auraiya
IN.36.182	Balrampur
IN.36.163	Kanpur Dehat
IN.36.187	Maharajganj
IN.36.192	Mau
IN.36.198	Bhadohi
IN.13.599	Pattanamtitta
IN.25.628	Tirunelveli Kattabo
IN.36.147	Firozabad
IN.36.160	Kannauj
IN.13.600	Kollam
IN.13.601	Thiruvananthapuram
IN.31.281	Mamit
IN.19.564	Haveri
IN.19.561	Gadag
IN.23.040	Fatehgarh Sahib
IN.23.044	Muktsar
IN.16.503	Amravati Division
IN.16.515	Aurangabad
IN.16.505	Nagpur Division
IN.16.516	Nashik Division
IN.16.527	Satara Division
IN.16.521	Pune Division
IN.13.594	Thrissur District
IN.25.616	Ariyalur
IN.25.631	Krishnagiri
IN.25.612	Dindigul
IN.25.610	Erode
IN.25.613	Karur
IN.19.582	Chikkaballapur
IN.19.556	Bagalkot
IN.19.578	Chamrajnagar
IN.19.569	Udupi
IN.19.584	Ramanagara
IN.19.580	Yadgir
IN.24.131	Pratapgarh
IN.31.282	Kolasib district
IN.28.331	Dakshin Dinajpur
IN.20.271	Peren
IN.28.343	South 24 Parganas
IN.28.344	Paschim Medinipur
IN.28.345	Purba Medinipur
IN.28.330	Uttar Dinajpur
IN.28.337	North 24 Parganas
IN.07.095	Central Delhi
IN.07.091	North Delhi
IN.07.098	South Delhi
IN.07.093	East Delhi
IN.07.092	North East Delhi
IN.07.097	South West Delhi
IN.07.090	North West Delhi
IN.07.096	West Delhi
IN.07.094	New Delhi
IN.13.588	Kāsaragod District
IN.10.069	Panchkula
IN.23.047	Mansa
IN.23.042	Moga
IN.23.054	Barnala
IN.23.651	Fazilka
IN.23.052	Ajitgarh
IN.23.039	Shahid Bhagat Singh Nagar
IN.23.662	Pathankot
IN.23.050	Tarn Taran
IN.21.394	Nuapada
IN.21.389	Gajapati
IN.39.058	Rudraprayag
IN.35.432	Neemuch
IN.35.440	Khargone
IN.03.306	Sonitpur
IN.39.068	Haridwar
IN.35.441	Barwani
IN.35.467	Burhanpur
IN.21.370	Baragarh
IN.35.448	Harda
IN.31.285	Serchhip
IN.17.275	Bishnupur
IN.17.273	Tamenglong
IN.17.276	Thoubal
IN.17.279	Ukhrul
IN.35.459	Ashoknagar
IN.35.450	Katni
IN.34.233	Kaimur District
IN.03.304	Morigaon
IN.03.320	Chirang
IN.03.326	Udalguri
IN.03.305	Nagaon
IN.34.238	Jamui
IN.34.225	Banka
IN.21.397	Nabarangpur
IN.03.324	Baksa
IN.21.384	Angul District
IN.18.293	West Garo Hills
IN.21.385	Nayagarh District
IN.21.391	Baudh
IN.38.350	Deogarh
IN.36.174	Kaushambi District
IN.35.431	Umaria District
IN.09.478	Porbandar
IN.36.139	Baghpat
IN.36.137	Amroha
IN.36.141	Gautam Buddha Nagar
IN.36.169	Mahoba
IN.36.171	Chitrakoot
IN.36.196	Chandauli District
IN.09.493	Tapi
IN.09.490	Navsari
IN.39.060	Dehradun
IN.10.088	Faridabad District
IN.10.085	Rewari District
IN.10.078	Fatehabad District
IN.09.487	Narmada
IN.31.284	Champhai
IN.17.274	Churachandpur
IN.31.287	Lawngtlai
IN.33.585	North Goa
IN.33.586	South Goa
IN.21.382	Jajpur
IN.35.465	Alirajpur
IN.12.016	Doda
IN.35.461	Anuppur
IN.12.009	Bandipore
IN.12.002	Badgam
IN.12.018	Kishtwar
IN.37.417	Bijapur
IN.16.509	Chandrapur
IN.30.253	Changlang
IN.38.347	Chatra
IN.30.260	Anjaw
IN.37.416	Dakshin Bastar Dantewada
IN.17.280	Chandel
IN.05.055	Chandigarh
IN.38.348	Kodarma
IN.52.496	Dadra & Nagar Haveli
IN.12.015	Kulgam
IN.12.022	Samba
IN.16.531	Sangli
IN.21.373	Debagarh
IN.26.291	Dhalai
IN.20.265	Dimapur
IN.36.144	Hathras
IN.17.278	Imphal East
IN.17.277	Imphal West
IN.20.268	Longleng
IN.10.083	Jhajjar
IN.10.073	Kaithal
IN.03.322	Kamrup Metropolitan
IN.10.089	Palwal
IN.12.012	Pulwama
IN.12.005	Punch
IN.36.202	Kasganj
IN.12.017	Ramban
IN.12.020	Reasi
IN.16.519	Mumbai
IN.10.075	Panipat
IN.41.004	Kargil
IN.38.365	Khunti
IN.20.269	Kiphire
IN.30.256	Kurung Kumey
IN.12.013	Shupiyan
IN.35.463	Singrauli
IN.30.258	Lower Dibang Valley
IN.36.200	Sonbhadra
IN.18.295	South Garo Hills
IN.10.087	Nuh
IN.01.639	North  & Middle Andaman
IN.14.587	Lakshadweep
IN.25.633	Tiruppur
IN.37.415	Narayanpur
IN.30.248	Papum Pare
IN.38.361	Ramgarh
IN.31.288	Saiha
IN.36.186	Sant Kabir Nagar
IN.21.392	Subarnapur
IN.30.245	Tawang
IN.30.252	Upper Siang
IN.10.071	Yamunanagar
IN.34.240	Arwal
IN.12.011	Ganderbal
IN.12.001	Kupwara
IN.03.705	Biswanath
IN.30.678	Namsai
IN.30.679	Siang
IN.03.708	Charaideo
IN.03.709	Hojai
IN.03.710	West Karbi Anglong
IN.03.707	South Salmara Mancachar
IN.37.648	Surajpur
IN.37.649	Balrampur
IN.37.644	Baloda Bazar
IN.37.646	Balod
IN.37.643	Kondagaon
IN.37.650	Bemetara
IN.37.645	Gariyaband
IN.37.647	Mungeli
IN.37.642	Sukma
IN.07.670	South East
IN.07.671	Shahdara
IN.09.674	Devbhumi Dwarka
IN.09.669	Mahisagar
IN.09.672	Arvalli
IN.09.673	Morbi
IN.09.675	Gir Somnath
IN.09.676	Botad
IN.09.668	Chhotaudepur
IN.10.701	Charki Dadri
IN.35.667	Agar Malwa
IN.16.665	Palghar
IN.18.657	East Jaintia Hills
IN.18.656	North Garo Hills
IN.18.663	South West Garo Hills
IN.40.696	Suryapet
IN.40.698	Vikarabad
IN.40.692	Siddipet
IN.40.691	Sangareddy
IN.40.683	Rajanna Sircilla
IN.40.682	Peddapalli
IN.40.694	Nagarkurnool
IN.40.700	Medchal Malkajgiri
IN.40.684	Mancherial
IN.40.688	Mahabubabad
IN.40.685	Kamareddy
IN.40.695	Jogulamba Gadwal
IN.40.687	Jayashankar Bhupalapally
IN.40.689	Jangoan
IN.40.690	Bhadradri Kothagudem
IN.40.681	Jagitial
IN.40.680	Nirmal
IN.40.693	Wanaparthy
IN.40.686	Hanamkonda
IN.40.697	Yadadri Bhuvanagiri
IN.26.654	Gomati
IN.26.655	Unakoti
IN.26.653	Sepahijala
IN.26.652	Khowai
IN.36.660	Shamli
IN.36.640	Amethi
IN.36.661	Hapur
IN.36.659	Sambhal
IN.28.702	Kalimpong
IN.28.703	Jhargram
IN.28.664	Alipurduar
IN.30.666	Longding
IN.40.699	Kumuram Bheem Asifabad
IN.03.706	Majuli
IN.28.704	Paschim Bardhaman
IN.17.713	Jiribam
IN.17.712	Kangpokpi
IN.17.711	Kakching
IN.17.717	Kamjong
IN.17.715	Pherzawl
IN.17.716	Tengnoupal
IN.25.730	Chengalpattu district
IN.25.729	Kallakurichi district
IN.25.731	Ranipet district
IN.25.733	Tenkasi district
IN.25.732	Tirupattur district
IN.25.734	Mayiladuthurai district
IN.30.785	Shi Yomi
IN.40.781	Narayanpet
IN.40.780	Mulugu
IN.35.782	Niwari
IN.30.778	Kamle
IN.30.784	Lepa Rada
IN.31.727	Saitual
IN.31.728	Khawzawl
IN.31.726	Hnahthial
IN.02.745	Alluri Sitharama Raju
IN.02.744	Anakapalli
IN.02.753	Annamayya
IN.03.739	Bajali
IN.02.750	Bapatla
IN.20.758	Chumoukedima
IN.18.740	Eastern West Khasi Hills
IN.02.748	Eluru
IN.37.734	Gaurella Pendra Marwahi
IN.37.759	Khairgarh Chhuikhadan Gandai
IN.02.747	Konaseema
IN.23.737	Malerkotla
IN.37.760	Manendragarh Chirimiri Bharatpur
IN.37.761	Mohla Manpur Ambagarh Chouki
IN.02.755	Nandyal
IN.02.749	NTR
IN.29.741	Pakyong
IN.02.751	Palnadu
IN.02.743	Parvathipuram Manyam
IN.37.762	Sakti
IN.37.763	Sarangarh Bilaigarh
IN.02.746	Kakinada
IN.29.742	Soreng
IN.02.754	Sri Sathya Sai
IN.02.752	Tirupati
IN.20.757	Tseminyu
IN.19.738	Vijayanagar
IQ.08.89569	Zakho District
IQ.18.90148	Tikrit District
IQ.15.90392	Tel Afar District
IQ.09.90509	Suq Al-Shoyokh District
IQ.05.91176	Sharbazher District
IQ.05.92051	Rania District
IQ.14.92536	Qaḑā’ Qal‘at Şāliḩ
IQ.05.92743	Pshdar District
IQ.11.93817	Makhmūr District
IQ.10.94296	Qaḑā’ Kifrī
IQ.10.94590	Khanaqin District
IQ.13.94786	Kirkuk District
IQ.12.94822	Kerbala District
IQ.11.95444	Arbil
IQ.08.97269	Dohuk District
IQ.05.97416	Chamchamal District
IQ.16.98197	Badra District
IQ.02.98247	Al-Zubair District
IQ.16.98460	Al-Suwaira District
IQ.05.98464	Qaḑā’ as Sulaymānīyah
IQ.03.98532	Al-Samawa District
IQ.03.98534	Al-Salman District
IQ.15.98612	Shekhan District
IQ.09.98623	Al-Shatra District
IQ.04.98634	Qada Al-Shamiya
IQ.01.98678	Al-Rutba District
IQ.09.98700	Al-Rifa'i District
IQ.01.98718	Ramadi District
IQ.15.98820	Akre District
IQ.09.98855	Nassriya District
IQ.01.98884	Anah District
IQ.02.98994	Al-Qurna District
IQ.06.99040	Al-Musayab District
IQ.10.99063	Al-Muqdadiya District
IQ.07.99101	Mahmudiya District
IQ.16.99132	Kut District
IQ.10.99170	Al-Khalis District
IQ.09.99185	Al-Chibayish District
IQ.14.99305	Ali Al-Gharbi District
IQ.06.99348	Al-Hilla District
IQ.16.99351	Al-Hai District
IQ.06.99358	Hashimiya District
IQ.15.99414	Hatra District
IQ.01.99455	Falluja District
IQ.02.99534	Basrah District
IQ.14.99610	Amara District
IQ.08.99612	Adhamiyah
IQ.04.99737	Afaq District
IQ.04.99763	Qada Diwaniya
IQ.02.100049	Abu Al-Khaseeb District
IQ.01.6765480	Haditha District
IQ.13.6770659	Al-Hawija District
IQ.18.6783103	Al-Daur District
IQ.18.6804454	Al-Shirqat District
IQ.18.6805736	Balad District
IQ.06.6818313	Al-Mahawil District
IQ.04.6850588	Hamza District
IQ.18.6872046	Baiji District
IQ.11.9166534	Mergasur District
IQ.15.9166541	Al-Hamdaniya District
IQ.07.9166542	Abu Ghraib District
IQ.02.9166549	Al-Faw District
IQ.17.9166552	Al-Manathera District
IQ.14.9166557	Al Kahla District
IQ.14.9166562	Al-Maimouna District
IQ.02.9166563	Al-Midaina District
IQ.03.9166568	Al-Rumaitha District
IQ.07.9166569	Al Tarmia District
IQ.01.9166576	Al-Ka'im District
IQ.01.9166579	Hīt District
IQ.13.9166581	Daquq District
IQ.11.9166586	Choman District
IQ.11.9166588	Koisnjaq district
IQ.11.9166591	Shaqlawa
IQ.11.9166592	Soran District
IQ.05.9166594	Darbandokeh District
IQ.05.9166596	Dokan District
IQ.18.9166598	Tooz District
IQ.05.9166600	Kalar District
IQ.12.9166603	Ain Al-Tamur District
IQ.16.9166606	Al-Na'maniya District
IQ.08.9166607	Semel District
IQ.15.9166608	Al-Ba'aj District
IQ.18.9166616	Al-Faris
IQ.15.9166618	Tel Keppe District
IQ.15.9166620	Sinjar
IQ.17.9166629	Kufa
IQ.15.9166649	Mosul
IQ.01.9166650	Rawah District
IQ.07.9166668	Al Rusafa
IQ.10.9166680	Qada Balad Ruz
IQ.05.9166684	Penjwin District
IQ.16.9166961	Qada Al-Azezia
IQ.13.9171727	Dabes
IQ.05.9877798	Mawat District
IQ.11.9878719	Qeza-î Ṟuwandiz
IQ.08.13405730	Batifa district
IR.29.66575	Shahrestān-e Sīrjān
IR.25.124337	Mahdishahr
IR.33.449426	Shahrestān-e Oskū
IR.33.449434	Shabestar
IR.33.449438	Marand
IR.33.449439	Shahrestān-e Malekān
IR.01.449456	Shahrestān-e Mīāndoāb
IR.28.449483	Shahrestān-e Dehāqān
IR.28.449488	Shahrestān-e Kāshān
IR.28.449490	Shahrestān-e Lenjān
IR.28.449491	Shahrestān-e Mobārakeh
IR.28.449493	Shahrestān-e Najafābād
IR.22.449495	Shahrestān-e Būshehr
IR.22.449498	Shahrestān-e Dashtestān
IR.22.449502	Shahrestān-e Kangān
IR.26.449508	Shahrestān-e Robāţ Karīm
IR.26.449509	Rey
IR.44.449510	Shahrestān-e Sāvojbolāgh
IR.26.449512	Shahrestān-e Shahrīār
IR.26.449513	Shahrestān-e Fīrūzkūh
IR.42.449528	Shahrestān-e Khalīlābād
IR.42.449538	Mashhad
IR.15.449550	Shahrestān-e Bandar-e Māhshahr
IR.15.449553	Shahrestān-e Dezfūl
IR.15.449558	Shahrestān-e Shūshtar
IR.07.449580	Shahrestān-e Dārāb
IR.07.449583	Shahrestān-e Shīrāz
IR.07.449590	Shahrestān-e Lāmerd
IR.07.449591	Marvdasht
IR.39.449599	Qom
IR.29.449609	Shahrestān-e Bāft
IR.29.449612	Shahrestān-e Jīroft
IR.29.449619	Shahrestān-e Kermān
IR.29.449621	Shahrestān-e Manūjān
IR.13.449625	Shahrestān-e Javānrūd
IR.05.449634	Shahrestān-e Bowyer Aḩmad
IR.08.449649	Shahrestān-e Āstārā
IR.08.449655	Shahrestān-e Rūdbār
IR.08.449656	Shahrestān-e Rūdsar
IR.08.449661	Shahrestān-e Fūman
IR.08.449662	Shahrestān-e Lāhījān
IR.08.449663	Shahrestān-e Langarūd
IR.35.449674	Shahrestān-e Āmol
IR.35.449675	Bābol
IR.35.449677	Behshahr
IR.35.449682	Shahrestān-e Sārī
IR.35.449686	Shahrestān-e Nekā
IR.35.449688	Nowshahr
IR.34.449696	Shahrestān-e Shāzand
IR.11.449700	Bastak
IR.11.449701	Shahrestān-e Bandar ‘Abbās
IR.11.449702	Bandar Lengeh
IR.11.449706	Qeshm
IR.11.449707	Shahrestān-e Mīnāb
IR.09.449710	Shahrestān-e Tūyserkān
IR.09.449713	Shahrestān-e Malāyer
IR.09.449715	Shahrestān-e Hamadān
IR.40.449718	Shahrestān-e Bāfq
IR.40.449719	Taft
IR.40.449721	Shahrestān-e Ashkez̄ar
IR.40.449723	Shahrestān-e Mehrīz
IR.04.1158999	Shahrestān-e Īrānshahr
IR.42.1482420	Shahrestān-e Tāybād
IR.42.1482421	Torbat-e Jām
IR.42.1482426	Shahrestān-e Khvāf
IR.04.1482480	Shahrestān-e Chābahār
IR.04.1482504	Shahrestān-e Nīkshahr
IR.22.9519975	‘Asalūyah
IR.07.9520866	Shahrestān-e Kherāmeh
IR.42.9526260	Shahrestān-e Bīnālūd
IR.05.9532947	Shahrestān-e Charām
IR.35.9533061	Shahrestān-e Mīāndorūd
IR.26.9533736	Shahrestān-e Malārd
IR.26.9533739	Shahrestān-e Bahārestān
IR.26.9533740	Shahrestān-e Eslāmshahr
IR.38.11963561	Alborz
IR.04.11963562	Fanuj
IS.40.6400	Dalvíkurbyggð
IS.40.6000	Akureyrarkaupstaður
IS.41.5200	Sveitarfélagið Skagafjörður
IS.40.6612	Þingeyjarsveit
IS.38.7300	Fjarðabyggð
IS.38.7708	Sveitarfélagið Hornafjörður
IS.42.8613	Rangárþing Eystra
IS.42.8000	Vestmannaeyjabær
IS.39.1100	Seltjarnarneskaupstaður
IS.39.0000	Reykjavíkurborg
IS.42.8717	Sveitarfélagið Ölfus
IS.39.1604	Mosfellsbaer
IS.39.1000	Kópavogsbær
IS.44.4200	Ísafjarðarbær
IS.42.8716	Hveragerðisbær
IS.39.1400	Hafnarfjarðarkaupstaður
IS.39.1300	Garðabær
IS.45.3609	Borgarbyggð
IS.45.3000	Akraneskaupstaður
IS.45.3714	Snæfellsbær
IS.43.2000	Reykjanesbær
IS.42.8200	Sveitarfélagið Árborg
IS.40.6100	Norðurþing
IS.40.6250	Fjallabyggð
IS.43.2506	Sveitarfélagið Vogar
IS.43.2300	Grindavíkurbær
IS.43.2507	Suðurnesjabær
IS.38.7400	Múlaþing
IS.45.3716	Stykkishólmur-Helgafellssveit
IT.15.TP	Trapani
IT.15.SR	Provincia di Siracusa
IT.03.RC	Provincia di Reggio Calabria
IT.15.RG	Ragusa
IT.15.PA	Palermo
IT.14.OR	Provincia di Oristano
IT.15.ME	Messina
IT.15.EN	Enna
IT.03.CS	Provincia di Cosenza
IT.03.CZ	Provincia di Catanzaro
IT.15.CT	Catania
IT.15.CL	Provincia di Caltanissetta
IT.14.CA	Provincia di Cagliari
IT.15.AG	Agrigento
IT.07.VT	Provincia di Viterbo
IT.20.VI	Provincia di Vicenza
IT.20.VR	Provincia di Verona
IT.12.VC	Provincia di Vercelli
IT.12.VB	Provincia Verbano-Cusio-Ossola
IT.20.VE	Provincia di Venezia
IT.09.VA	Provincia di Varese
IT.06.UD	Udine
IT.06.TS	Trieste
IT.20.TV	Provincia di Treviso
IT.17.TN	Provincia autonoma di Trento
IT.12.TO	Torino
IT.18.TR	Provincia di Terni
IT.01.TE	Provincia di Teramo
IT.13.TA	Provincia di Taranto
IT.09.SO	Provincia di Sondrio
IT.16.SI	Provincia di Siena
IT.08.SV	Provincia di Savona
IT.14.SS	Provincia di Sassari
IT.04.SA	Provincia di Salerno
IT.20.RO	Provincia di Rovigo
IT.07.RM	Città metropolitana di Roma Capitale
IT.07.RI	Provincia di Rieti
IT.05.RE	Provincia di Reggio Emilia
IT.05.RA	Provincia di Ravenna
IT.02.PZ	Provincia di Potenza
IT.06.PN	Pordenone
IT.16.PT	Provincia di Pistoia
IT.16.PI	Province of Pisa
IT.05.PC	Provincia di Piacenza
IT.01.PE	Provincia di Pescara
IT.10.PU	Provincia di Pesaro e Urbino
IT.18.PG	Provincia di Perugia
IT.09.PV	Provincia di Pavia
IT.05.PR	Provincia di Parma
IT.20.PD	Provincia di Padova
IT.14.NU	Provincia di Nuoro
IT.12.NO	Provincia di Novara
IT.04.NA	Napoli
IT.05.MO	Provincia di Modena
IT.09.MI	Città metropolitana di Milano
IT.02.MT	Provincia di Matera
IT.16.MS	Provincia di Massa-Carrara
IT.09.MN	Provincia di Mantova
IT.10.MC	Provincia di Macerata
IT.16.LU	Provincia di Lucca
IT.16.LI	Provincia di Livorno
IT.13.LE	Provincia di Lecce
IT.07.LT	Provincia di Latina
IT.08.SP	Provincia di La Spezia
IT.01.AQ	Provincia dell' Aquila
IT.11.IS	Provincia di Isernia
IT.08.IM	Provincia di Imperia
IT.16.GR	Provincia di Grosseto
IT.06.GO	Gorizia
IT.08.GE	Provincia di Genova
IT.07.FR	Provincia di Frosinone
IT.05.FC	Provincia di Forlì-Cesena
IT.13.FG	Provincia di Foggia
IT.16.FI	Province of Florence
IT.05.FE	Provincia di Ferrara
IT.12.CN	Provincia di Cuneo
IT.09.CR	Provincia di Cremona
IT.09.CO	Provincia di Como
IT.01.CH	Provincia di Chieti
IT.04.CE	Provincia di Caserta
IT.11.CB	Provincia di Campobasso
IT.13.BR	Provincia di Brindisi
IT.09.BS	Provincia di Brescia
IT.17.BZ	Bolzano
IT.05.BO	Bologna
IT.09.BG	Provincia di Bergamo
IT.04.BN	Provincia di Benevento
IT.20.BL	Provincia di Belluno
IT.13.BA	Bari
IT.04.AV	Provincia di Avellino
IT.12.AT	Provincia di Asti
IT.10.AP	Provincia di Ascoli Piceno
IT.16.AR	Province of Arezzo
IT.19.AO	Valle d'Aosta
IT.10.AN	Provincia di Ancona
IT.12.AL	Provincia di Alessandria
IT.12.BI	Provincia di Biella
IT.05.RN	Provincia di Rimini
IT.03.VV	Provincia di Vibo-Valentia
IT.03.KR	Provincia di Crotone
IT.09.LC	Provincia di Lecco
IT.09.LO	Provincia di Lodi
IT.16.PO	Provincia di Prato
IT.10.FM	Province of Fermo
IT.13.BT	Provincia di Barletta - Andria - Trani
IT.09.MB	Provincia di Monza e della Brianza
IT.14.SU	Provincia del Sud Sardegna
JM.07.415	Central Port Antonio
JM.08.15124	Mavis Bank
JM.08.15024	Stony Hill
JM.08.15025	Constant Spring
JM.17.15086	Port Royal
JM.16.1040	Negril
JM.16.1046	Little London
JM.16.1019	Bethel Town
JM.16.1029	Darliston
JM.09.601	Discovery Bay
JM.09.602	Runaway Bay
JM.09.620	Bamboo
JM.01.1309	Kellits
JM.01.1327	Chapelton
JM.16.1079	Bluefields
JM.01.1351	May Pen Proper
JM.16.1084	Whitehouse
JM.01.1372	Hayes
JM.02.904	Lucea West
JM.02.907	Sandy Bay
JM.02.921	Cascade
JM.09.608	Ocho Rios
JM.02.936	Orange Bay
JM.04.1204	Coleyville
JM.04.1245	Porus
JM.09.627	Alexandria
JM.10.1403	Linstead
JM.10.1402	Ewarton
JM.10.1413	Bog Walk
JM.10.1429	Old Harbour
JM.10.1438	Spanish Town Central
JM.10.1448	Naggo Head
JM.11.1134	Santa Cruz
JM.11.1142	Malvern
JM.11.1158	Southfield
JM.11.1114	Maggotty
JM.11.1124	Black River
JM.12.871	Cambridge
JM.13.532	Islington
JM.13.510	Port Maria
JM.13.506	Oracabessa
JM.13.518	Gayle
JM.13.528	Richmond
JM.14.335	Easington
JM.14.348	Morant Bay
JM.15.702	Falmouth
JM.15.703	Duncans
JM.08.15082	Vineyard Town
JM.14.343	Yallahs
JM.15.727	Wilson's Run
JM.15.715	Sherwood Content
JM.07.407	Hope Bay
JM.07.426	Manchioneal
JM.09.635	Moneague
JM.11.1127	Lacovia
JM.07.404	Buff Bay
JM.08.15018	Half-Way-Tree
JM.08.15054	Waterhouse
JM.01.1381	Rocky Point
JM.08.15004	Mona Heights
JM.08.15128	Bloxborough
JM.08.15017	New Kingston
JM.08.15073	Arnett Gardens
JM.08.15125	Gordon Town
JM.16.1002	Grange Hill
JM.16.1032	Petersfield
JM.16.1057	Savanna-la-mar Business Dist.
JM.04.1269	Alligator Pond
JM.10.1411	Above Rocks
JM.13.534	Annotto Bay
JM.12.805	Barrett Town
JM.11.1110	Balaclava
JM.14.313	Bath
JM.11.1161	Bull Savannah
JM.12.847	Comfort Hall
JM.15.719	Clarks Town
JM.14.356	Dalvey
JM.12.816	Down Town Montego Bay
JM.01.1380	Lionel Town
JM.10.1401	Lluidas Vale
JM.12.865	Maldon
JM.04.1242	Mandeville Proper
JM.07.430	Moore Town
JM.11.1147	Nain
JM.10.1430	Old Harbour Bay
JM.10.1424	Point Hill
JM.01.1376	Race Course
JM.14.330	Seaforth
JM.10.1407	Riversdale
JM.11.1112	Siloah
JM.09.606	St. Ann's Bay
JM.14.308	Trinityville
JM.15.733	Ulster Spring
JM.15.714	Wakefield
JM.16.1031	Whithorn
JM.04.1233	Williamsfield
JM.14.322	Winchester
JM.15.732	Albert Town
JO.20.8621632	Liwā’ Kufrinjah
JO.16.8621742	Liwā’ Qaşabat ‘Ammān
JP.13.1847945	Tatsuno-shi
JP.17.1847982	Zentsūji Shi
JP.19.1847999	Zama Shi
JP.07.1848086	Yukuhashi Shi
JP.14.1848088	Yūki Shi
JP.14.1848093	Yūki-gun
JP.28.1848164	Yoshino-gun
JP.22.1848224	Yosa-gun
JP.41.1848276	Yonago Shi
JP.19.1848308	Yokosuka Shi
JP.19.1848350	Yokohama Shi
JP.23.1848370	Yokkaichi-shi
JP.41.1848416	Yazu-gun
JP.21.1848441	Yatsushiro Shi
JP.21.1848443	Yatsushiro-gun
JP.01.1848455	Yatomi-shi
JP.35.1848489	Yasu-shi
JP.32.1848519	Yao-shi
JP.45.1848548	Yanai Shi
JP.07.1848572	Yanagawa Shi
JP.07.1848578	Yame Shi
JP.07.1848579	Yame-gun
JP.28.1848592	Yamatotakada-shi
JP.19.1848595	Yamato-shi
JP.28.1848602	Yamatokōriyama-shi
JP.46.1848648	Yamanashi Shi
JP.08.1848677	Yama-gun
JP.45.1848678	Yamaguchi Shi
JP.11.1848699	Yamagata-gun
JP.37.1848772	Yaizu Shi
JP.38.1848775	Yaita Shi
JP.47.1848816	Yaeyama-gun
JP.13.1848845	Yabu-shi
JP.23.1848873	Watarai-gun
JP.34.1848902	Warabi-shi
JP.34.1848915	Wakō-shi
JP.43.1848936	Wakayama Shi
JP.15.1848973	Wajima Shi
JP.05.1849041	Uwajima-shi
JP.38.1849052	Utsunomiya Shi
JP.21.1849062	Uto Shi
JP.30.1849092	Usuki Shi
JP.30.1849160	Usa Shi
JP.47.1849184	Urasoe Shi
JP.04.1849185	Urayasu-shi
JP.34.1849187	Saitama-shi
JP.42.1849235	Uozu Shi
JP.22.1849362	Uji Shi
JP.46.1849406	Uenohara-shi
JP.26.1849427	Ueda Shi
JP.28.1849448	Uda-gun
JP.45.1849494	Ube Shi
JP.31.1849518	Tsuyama Shi
JP.01.1849535	Tsushima-shi
JP.23.1849544	Tsu-shi
JP.46.1849556	Tsuru Shi
JP.44.1849562	Tsuruoka Shi
JP.34.1849586	Tsurugashima-shi
JP.06.1849587	Tsuruga Shi
JP.30.1849659	Tsukumi-shi
JP.31.1849672	Tsukubo-gun
JP.29.1849786	Tsubame Shi
JP.01.1849809	Toyota-shi
JP.11.1849812	Toyota-gun
JP.13.1849826	Toyooka Shi
JP.01.1849840	Toyokawa Shi
JP.01.1849862	Toyoake Shi
JP.42.1849870	Toyama Shi
JP.41.1849887	Tottori Shi
JP.33.1849903	Tosu Shi
JP.20.1849927	Tosa-shimizu Shi
JP.20.1849928	Tosa Shi
JP.32.1850033	Tondabayashi Shi
JP.42.1850038	Tonami Shi
JP.10.1850090	Tomioka-shi
JP.47.1850107	Tomigusuku-shi
JP.31.1850139	Tomata-gun
JP.39.1850156	Tokushima Shi
JP.34.1850180	Tokorozawa-shi
JP.01.1850183	Tokoname Shi
JP.09.1850200	Toki Shi
JP.29.1850218	Tōkamachi-shi
JP.01.1850219	Tōkai Shi
JP.41.1850247	Tōhaku-gun
JP.34.1850300	Toda-shi
JP.23.1850342	Toba-shi
JP.28.1850395	Tenri-shi
JP.04.1850520	Tateyama Shi
JP.18.1850587	Tarumizu Shi
JP.10.1850653	Tano-gun
JP.43.1850706	Tanabe Shi
JP.40.1850731	Tama Shi
JP.31.1850741	Tamano Shi
JP.21.1850743	Tamana Shi
JP.21.1850744	Tamana-gun
JP.33.1850771	Taku Shi
JP.30.1850823	Taketa Shi
JP.33.1850832	Takeo Shi
JP.11.1850858	Takehara-shi
JP.09.1850890	Takayama Shi
JP.32.1850907	Takatsuki Shi
JP.10.1850994	Takasaki Shi
JP.13.1851005	Takasago Shi
JP.13.1851011	Takarazuka Shi
JP.42.1851028	Takaoka Shi
JP.20.1851029	Takaoka-gun
JP.17.1851095	Takamatsu Shi
JP.32.1851123	Takaishi Shi
JP.31.1851133	Takahashi Shi
JP.13.1851159	Taka-gun
JP.09.1851192	Tajimi Shi
JP.01.1851258	Tahara-shi
JP.07.1851268	Tagawa Shi
JP.07.1851269	Tagawa-gun
JP.37.1851274	Tagata-gun
JP.40.1851306	Tachikawa Shi
JP.15.1851337	Suzu Shi
JP.23.1851345	Suzuka-shi
JP.26.1851356	Suzaka-shi
JP.26.1851362	Suwa Shi
JP.26.1851367	Suwa-gun
JP.37.1851376	Susono Shi
JP.20.1851387	Susaki-shi
JP.37.1851401	Suntō-gun
JP.40.1851451	Sumida-ku
JP.32.1851482	Suita Shi
JP.40.1851510	Suginami-ku
JP.22.1851574	Sōraku-gun
JP.18.1851576	Soo Gun
JP.17.1851654	Shōzu-gun
JP.37.1851714	Shizuoka Shi
JP.34.1851882	Shiraoka-shi
JP.38.1851957	Shioya-gun
JP.26.1852001	Shiojiri-shi
JP.01.1852044	Shinshiro Shi
JP.40.1852083	Shinjuku-ku
JP.43.1852105	Shingū Shi
JP.40.1852140	Shinagawa-ku
JP.14.1852162	Shimotsuma Shi
JP.38.1852170	Shimotsuga-gun
JP.26.1852186	Shimotakai-gun
JP.45.1852222	Shimonoseki Shi
JP.42.1852239	Shimoniikawa Gun
JP.26.1852253	Shimominochi-gun
JP.26.1852309	Shimoina-gun
JP.37.1852349	Shimoda-shi
JP.47.1852456	Shimajiri-gun
JP.23.1852464	Shima Shi
JP.28.1852501	Shiki-gun
JP.32.1852523	Shijonawate
JP.40.1852582	Shibuya-ku
JP.18.1852587	Shibushi-shi
JP.10.1852593	Shibukawa-shi
JP.29.1852604	Shibata Shi
JP.32.1852642	Settsu Shi
JP.01.1852647	Seto-shi
JP.40.1852675	Setagaya-ku
JP.32.1852716	Sennan-gun
JP.09.1852765	Seki-shi
JP.13.1852830	Sayō-gun
JP.34.1852833	Sayama-shi
JP.10.1852846	Sawa-gun
JP.18.1852852	Satsuma Gun
JP.14.1852883	Sashima-gun
JP.27.1852895	Sasebo Shi
JP.29.1852957	Santō-gun
JP.29.1852981	Sanjō Shi
JP.26.1853055	Saku Shi
JP.28.1853062	Sakurai-shi
JP.44.1853136	Sakata Shi
JP.32.1853167	Sakai Shi
JP.41.1853173	Sakaiminato Shi
JP.17.1853186	Sakaide Shi
JP.34.1853207	Sakado Shi
JP.25.1853223	Saito Shi
JP.30.1853234	Saiki Shi
JP.05.1853240	Saijō Shi
JP.41.1853248	Saihaku-gun
JP.33.1853274	Saga Shi
JP.19.1853293	Sagamihara-shi
JP.29.1853313	Sado Shi
JP.35.1853408	Rittō-shi
JP.05.1853424	Ōzu-shi
JP.38.1853473	Oyama Shi
JP.42.1853505	Oyabe Shi
JP.23.1853513	Owase Shi
JP.01.1853518	Owariasahi-shi
JP.35.1853552	Ōtsu Shi
JP.46.1853562	Ōtsuki Shi
JP.10.1853626	Ōta-shi
JP.40.1853655	Ōta-ku
JP.11.1853661	Ōtake-shi
JP.40.1853724	Ōshima Shichō
JP.18.1853737	Ōshima-gun
JP.45.1853738	Ōshima-gun
JP.32.1853897	Osaka-shi
JP.10.1853946	Ōra-gun
JP.11.1853990	Onomichi-shi
JP.07.1854000	Ōnojō Shi
JP.07.1854055	Onga-gun
JP.07.1854081	Ōmuta Shi
JP.35.1854152	Ōmi-hachiman Shi
JP.40.1854160	Ōme-shi
JP.37.1854181	Omaezaki-shi
JP.26.1854184	Ōmachi-shi
JP.47.1854344	Okinawa Shi
JP.36.1854361	Oki-gun
JP.34.1854369	Okegawa-shi
JP.01.1854373	Okazaki Shi
JP.26.1854378	Okaya Shi
JP.31.1854380	Okayama Shi
JP.07.1854385	Ōkawa-shi
JP.29.1854443	Ojiya-shi
JP.30.1854480	Ōita-shi
JP.06.1854517	Ōi-gun
JP.07.1854627	Ogōri-shi
JP.33.1854650	Ogi-shi
JP.02.1854681	Oga Shi
JP.09.1854700	Ōgaki Shi
JP.19.1854744	Odawara-shi
JP.36.1854750	Ōda Shi
JP.31.1854770	Oda-gun
JP.36.1854781	Ōchi Gun
JP.05.1854782	Ochi-gun
JP.01.1854797	Ōbu Shi
JP.06.1854843	Obama-shi
JP.06.1854875	Nyū-gun
JP.37.1854900	Numazu-shi
JP.01.1854914	Nukata-gun
JP.15.1854977	Nonoichi-shi
JP.15.1855000	Nomi Gun
JP.04.1855071	Noda-shi
JP.25.1855094	Nobeoka Shi
JP.01.1855103	Niwa-gun
JP.01.1855111	Nisshin-shi
JP.46.1855121	Nishiyatsushiro-gun
JP.13.1855132	Nishiwaki Shi
JP.05.1855138	Nishiuwa-gun
JP.40.1855156	Nishitama-gun
JP.27.1855163	Nishisonogi-gun
JP.01.1855183	Nishio Shi
JP.44.1855187	Nishiokitama-gun
JP.18.1855201	Nishinoomote Shi
JP.13.1855204	Nishinomiya Shi
JP.43.1855225	Nishimuro-gun
JP.33.1855238	Nishimatsuura-gun
JP.01.1855273	Nishikasugai-gun
JP.29.1855274	Nishikanbara-gun
JP.46.1855362	Nirasaki Shi
JP.02.1855401	Nikaho-shi
JP.34.1855405	Niiza-shi
JP.05.1855422	Niihama Shi
JP.29.1855427	Niigata Shi
JP.25.1855473	Nichinan Shi
JP.32.1855493	Neyagawa Shi
JP.40.1855502	Nerima-ku
JP.28.1855604	Nara-shi
JP.20.1855637	Nankoku Shi
JP.42.1855693	Namerikawa-shi
JP.30.1855742	Nakatsu Shi
JP.09.1855750	Nakatsugawa Shi
JP.17.1855768	Nakatado-gun
JP.26.1855829	Nakano Shi
JP.40.1855848	Nakano-ku
JP.42.1855873	Nakaniikawa Gun
JP.07.1855902	Nakama Shi
JP.19.1855966	Naka-gun
JP.47.1855990	Nakagami-gun
JP.47.1856030	Naha Shi
JP.01.1856053	Nagoya-shi
JP.47.1856061	Nago Shi
JP.45.1856090	Nagato Shi
JP.27.1856152	Nagasaki Shi
JP.04.1856183	Nagareyama-shi
JP.29.1856195	Nagaoka Shi
JP.22.1856196	Nagaokakyō Shi
JP.20.1856197	Nagaoka Gun
JP.26.1856209	Nagano Shi
JP.01.1856225	Nagakute-shi
JP.35.1856237	Nagahama Shi
JP.23.1856290	Nabari-shi
JP.39.1856299	Myōzai Gun
JP.40.1856366	Musashino-shi
JP.40.1856368	Musashi-murayama Shi
JP.20.1856389	Muroto Shi
JP.07.1856443	Munakata-shi
JP.09.1856506	Motosu-gun
JP.35.1856568	Moriyama Shi
JP.09.1856666	Mizunami Shi
JP.11.1856691	Miyoshi Shi
JP.39.1856695	Miyoshi-gun
JP.01.1856697	Miyoshi-shi
JP.25.1856706	Miyazaki-shi
JP.25.1856774	Miyakonojō Shi
JP.33.1856784	Miyaki-gun
JP.40.1856786	Miyake Shichō
JP.19.1856849	Miura Shi
JP.19.1856851	Miura-gun
JP.29.1856876	Mitsuke Shi
JP.17.1856906	Mitoyo Shi
JP.40.1856942	Mitaka-shi
JP.37.1856971	Mishima Shi
JP.32.1856974	Mishima-gun
JP.34.1856987	Misato Shi
JP.32.1857043	Minoo Shi
JP.09.1857051	Mino-kamo Shi
JP.45.1857072	Mine Shi
JP.40.1857091	Minato-ku
JP.05.1857121	Minamiuwa-gun
JP.26.1857141	Minamisaku-gun
JP.34.1857143	Minamisaitama Gun
JP.27.1857159	Minamimatsuura Gun
JP.46.1857168	Minamikoma-gun
JP.32.1857170	Minamikawachi-gun
JP.08.1857203	Minamiaizu-gun
JP.21.1857206	Minamata Shi
JP.31.1857232	Mimasaka-shi
JP.11.1857327	Mihara Shi
JP.23.1857355	Mie-gun
JP.40.1857420	Meguro-ku
JP.05.1857456	Matsuyama-shi
JP.27.1857466	Matsuura Shi
JP.23.1857496	Matsuzaka-shi
JP.26.1857516	Matsumoto Shi
JP.36.1857549	Matsue Shi
JP.04.1857552	Matsudo Shi
JP.32.1857563	Matsubara-shi
JP.36.1857590	Masuda Shi
JP.17.1857664	Marugame Shi
JP.18.1857710	Makurazaki Shi
JP.22.1857764	Maizuru Shi
JP.10.1857842	Maebashi Shi
JP.40.1857869	Machida Shi
JP.22.1857906	Kyōto Shi
JP.23.1857965	Kuwana-shi
JP.23.1857966	Kuwana-gun
JP.30.1858008	Kusu-gun
JP.25.1858035	Kushima Shi
JP.35.1858063	Kusatsu Shi
JP.07.1858087	Kurume Shi
JP.42.1858253	Kurobe Shi
JP.11.1858288	Kure-shi
JP.07.1858305	Kuraten-gun
JP.31.1858309	Kurashiki Shi
JP.40.1858346	Kunitachi Shi
JP.47.1858371	Kunigami-gun
JP.31.1858395	Kume-gun
JP.23.1858408	Kumano Shi
JP.21.1858418	Kumamoto Shi
JP.45.1858484	Kuga Gun
JP.45.1858497	Kudamatsu Shi
JP.19.1858593	Kōza-gun
JP.25.1858599	Kōyu-gun
JP.40.1858665	Kōtō-ku
JP.34.1858728	Koshigaya Shi
JP.35.1858739	Konan-shi
JP.01.1858832	Kōnan-shi
JP.26.1858856	Komoro Shi
JP.39.1858900	Komatsushima Shi
JP.15.1858904	Komatsu Shi
JP.01.1858921	Komaki-shi
JP.26.1858938	Komagane Shi
JP.40.1858941	Komae-shi
JP.40.1858962	Kokubunji Shi
JP.35.1858984	Kōka-shi
JP.14.1859082	Koga Shi
JP.40.1859087	Koganei-shi
JP.07.1859090	Koga-shi
JP.46.1859096	Kōfu-shi
JP.40.1859115	Kodaira-shi
JP.20.1859127	Kōchi Shi
JP.13.1859161	Kōbe Shi
JP.22.1859202	Kizugawa-shi
JP.40.1859211	Kiyose-shi
JP.30.1859233	Kitsuki Shi
JP.05.1859256	Kitauwa-gun
JP.01.1859272	Kitashitara-gun
JP.26.1859278	Kitasaku-gun
JP.23.1859297	Kitamuro-gun
JP.27.1859301	Kitamatsuura-gun
JP.07.1859306	Kitakyushu-shi
JP.40.1859308	Kita-ku
JP.34.1859316	Kitakatsushika Gun
JP.08.1859317	Kitakata-shi
JP.29.1859323	Kitakambara-gun
JP.17.1859337	Kita-gun
JP.05.1859338	Kita-gun
JP.10.1859339	Kitagumma-gun
JP.26.1859364	Kitaazumi Gun
JP.34.1859369	Kitaadachi-gun
JP.32.1859382	Kishiwada Shi
JP.04.1859468	Kimitsu Shi
JP.37.1859485	Kikugawa-shi
JP.21.1859488	Kikuchi Shi
JP.21.1859490	Kikuchi-gun
JP.34.1859584	Kazo-shi
JP.19.1859635	Kawasaki-shi
JP.08.1859662	Kawanuma-gun
JP.13.1859671	Kawanishi Shi
JP.34.1859726	Kawaguchi-shi
JP.34.1859739	Kawagoe Shi
JP.32.1859747	Kawachi-nagano Shi
JP.38.1859750	Kawachi-gun
JP.13.1859755	Kawanabe-gun
JP.06.1859762	Katsuyama Shi
JP.39.1859771	Katsuura Gun
JP.31.1859776	Katsuta-gun
JP.40.1859779	Katsushika Ku
JP.32.1859848	Katano Shi
JP.07.1859874	Kasuya-gun
JP.07.1859888	Kasuga Shi
JP.01.1859890	Kasugai-shi
JP.29.1859907	Kashiwazaki Shi
JP.32.1859912	Kashiwara-shi
JP.33.1859936	Kashima
JP.28.1859955	Kashiba-shi
JP.31.1859989	Kasaoka Shi
JP.01.1860033	Kariya Shi
JP.38.1860097	Kanuma Shi
JP.10.1860108	Kanra-gun
JP.17.1860119	Kan’onji Shi
JP.09.1860188	Kani-gun
JP.09.1860193	Kani Shi
JP.15.1860240	Kanazawa-shi
JP.29.1860308	Kamo Shi
JP.09.1860326	Kamo-gun
JP.37.1860327	Kamo-gun
JP.26.1860414	Kamitakai-gun
JP.26.1860552	Kamiina-gun
JP.22.1860633	Kameoka Shi
JP.19.1860670	Kamakura Shi
JP.13.1860701	Kako-gun
JP.13.1860702	Kakogawa Shi
JP.09.1860734	Kakamigahara Shi
JP.32.1860764	Kaizuka Shi
JP.09.1860766	Kaizu-shi
JP.43.1860774	Kaisō-gun
JP.43.1860782	Kainan Shi
JP.39.1860803	Kaifu Gun
JP.15.1860811	Kahoku Gun
JP.07.1860814	Kaho-gun
JP.18.1860823	Kagoshima Shi
JP.17.1860835	Kagawa-gun
JP.15.1860845	Kaga Shi
JP.32.1860870	Kadoma Shi
JP.22.1860951	Jōyō Shi
JP.29.1860992	Jōetsu Shi
JP.11.1861022	Jinseki-gun
JP.36.1861082	Izumo Shi
JP.32.1861089	Izumi Shi
JP.18.1861090	Izumi Shi
JP.32.1861094	Izumiōtsu Shi
JP.05.1861141	Iyo-gun
JP.05.1861143	Iyo-shi
JP.37.1861167	Iwata Shi
JP.45.1861209	Iwakuni Shi
JP.29.1861238	Iwafune-gun
JP.47.1861279	Itoman Shi
JP.43.1861287	Ito-gun
JP.39.1861303	Itano-gun
JP.13.1861308	Itami Shi
JP.40.1861322	Itabashi-ku
JP.47.1861412	Ishigaki-shi
JP.23.1861434	Ise Shi
JP.10.1861435	Isesaki Shi
JP.19.1861448	Isehara Shi
JP.34.1861469	Iruma-shi
JP.34.1861470	Iruma-gun
JP.01.1861527	Inuyama-shi
JP.01.1861601	Inazawa-shi
JP.26.1861606	Ina Shi
JP.40.1861634	Inagi-shi
JP.42.1861653	Imizu Shi
JP.38.1861696	Nikko-shi
JP.06.1861716	Imadate-gun
JP.28.1861747	Ikoma-shi
JP.28.1861748	Ikoma-gun
JP.27.1861758	Iki Shi
JP.32.1861785	Ikeda Shi
JP.07.1861834	Iizuka Shi
JP.26.1861837	Iiyama Shi
JP.26.1861858	Iida Shi
JP.23.1861901	Iga-shi
JP.01.1861940	Ichinomiya Shi
JP.04.1861964	Ichikawa Shi
JP.18.1862007	Ibusuki Shi
JP.13.1862022	Ibo-gun
JP.32.1862032	Ibaraki Shi
JP.25.1862036	Hyūga Shi
JP.34.1862192	Honjō Shi
JP.45.1862301	Hofu Shi
JP.21.1862350	Hitoyoshi Shi
JP.30.1862367	Hita Shi
JP.11.1862412	Hiroshima-shi
JP.19.1862461	Hiratsuka Shi
JP.32.1862538	Hirakata Shi
JP.40.1862576	Hino Shi
JP.41.1862590	Hino Gun
JP.42.1862610	Himi Shi
JP.13.1862625	Himeji Shi
JP.35.1862635	Hikone Shi
JP.34.1862655	Hiki-gun
JP.45.1862667	Hikari Shi
JP.40.1862703	Higashiyamato Shi
JP.25.1862717	Higashiusuki-gun
JP.44.1862730	Higashitagawa-gun
JP.27.1862734	Higashisonigi-gun
JP.32.1862751	Higashiōsaka Shi
JP.43.1862767	Higashimuro-gun
JP.40.1862768	Higashi-murayama-shi
JP.34.1862777	Higashimatsuyama Shi
JP.33.1862779	Higashimatsuura-gun
JP.40.1862785	Higashikurume-shi
JP.29.1862804	Higashikambara-gun
JP.11.1862821	Higashihiroshima Shi
JP.26.1862841	Higashichikuma Gun
JP.43.1862875	Hidaka-gun
JP.01.1862911	Hekinan Shi
JP.11.1863017	Hatsukaichi-shi
JP.20.1863048	Hata-gun
JP.34.1863058	Hasuda-shi
JP.43.1863079	Hashimoto Shi
JP.09.1863085	Hashima-gun
JP.34.1863182	Hannō-shi
JP.32.1863185	Hannan Shi
JP.26.1863187	Hanishina-gun
JP.01.1863204	Handa Shi
JP.40.1863251	Hamura-shi
JP.37.1863288	Hamamatsu Shi
JP.36.1863308	Hamada Shi
JP.15.1863340	Hakui Shi
JP.37.1863397	Haibara-gun
JP.45.1863413	Hagi Shi
JP.19.1863429	Hadano-shi
JP.40.1863453	Hachijō Shichō
JP.32.1863476	Habikino-shi
JP.34.1863481	Gyōda Shi
JP.36.1863519	Gōtsu Shi
JP.37.1863526	Gotenba Shi
JP.28.1863538	Gose Shi
JP.29.1863539	Gosen Shi
JP.28.1863590	Gojō-shi
JP.47.1863626	Ginowan Shi
JP.09.1863639	Gifu Shi
JP.09.1863645	Gero-shi
JP.35.1863686	Gamō-gun
JP.01.1863692	Gamagōri Shi
JP.09.1863710	Fuwa-gun
JP.04.1863711	Futtsu Shi
JP.40.1863780	Fussa Shi
JP.04.1863903	Funabashi-shi
JP.11.1863914	Fukuyama Shi
JP.37.1863944	Fukuroi Shi
JP.07.1863955	Fukuoka-shi
JP.06.1863982	Fukui-shi
JP.22.1864008	Fukuchiyama Shi
JP.34.1864030	Fukaya-shi
JP.46.1864076	Fuji-yoshida Shi
JP.37.1864089	Fuji Shi
JP.19.1864091	Fujisawa Shi
JP.37.1864104	Fujinomiya Shi
JP.34.1864112	Fujimi-shi
JP.32.1864125	Fujiidera-shi
JP.37.1864131	Fujieda Shi
JP.40.1864148	Fuchū-shi
JP.11.1864151	Fuchū-shi
JP.09.1864208	Ena-shi
JP.40.1864242	Edogawa Ku
JP.35.1864254	Echi-gun
JP.25.1864313	Ebino-shi
JP.07.1864394	Dazaifu-shi
JP.32.1864413	Daitō Shi
JP.40.1864487	Chūō Ku
JP.40.1864514	Chōfu-shi
JP.40.1864529	Chiyoda-ku
JP.01.1864539	Chita Shi
JP.01.1864542	Chita-gun
JP.01.1864548	Chiryū Shi
JP.26.1864555	Chino Shi
JP.07.1864573	Chikushino-shi
JP.07.1864588	Chikujō-gun
JP.07.1864591	Chikugo Shi
JP.26.1864613	Chiisakata-gun
JP.19.1864622	Chigasaki Shi
JP.34.1864636	Chichibu-gun
JP.07.1864660	Buzen-shi
JP.30.1864667	Bungo-takada Shi
JP.31.1864698	Bizen Shi
JP.19.1864864	Ayase Shi
JP.22.1864872	Ayabe Shi
JP.04.1864901	Awa-gun
JP.39.1864902	Awa-shi
JP.19.1864928	Atsugi Shi
JP.37.1864943	Atami-shi
JP.21.1864973	Aso-shi
JP.21.1864975	Aso-gun
JP.13.1864981	Ashiya Shi
JP.38.1865004	Ashikaga Shi
JP.19.1865009	Ashigarashimo-gun
JP.19.1865011	Ashigarakami-gun
JP.31.1865049	Asakuchi-gun
JP.34.1865056	Asaka-shi
JP.43.1865121	Arida Shi
JP.43.1865123	Arida-gun
JP.21.1865168	Arao Shi
JP.40.1865187	Arakawa Ku
JP.29.1865200	Myoko-shi
JP.01.1865293	Anjō Shi
JP.39.1865306	Anan Shi
JP.09.1865323	Ampachi-gun
JP.21.1865358	Amakusa Shi
JP.21.1865360	Amakusa Gun
JP.01.1865365	Ama-gun
JP.13.1865383	Amagasaki Shi
JP.18.1865399	Akune Shi
JP.13.1865406	Akō Shi
JP.13.1865409	Akō-gun
JP.40.1865425	Akishima Shi
JP.20.1865426	Aki Shi
JP.11.1865442	Aki-gun
JP.20.1865443	Aki Gun
JP.13.1865470	Akashi Shi
JP.08.1865633	Aizu-wakamatsu Shi
JP.18.1865649	Aira Gun
JP.18.1865650	Aira Shi
JP.01.1865696	Aichi-gun
JP.20.1865726	Agawa-gun
JP.40.1865750	Adachi Ku
JP.45.1865762	Abu-gun
JP.05.1926017	Yawatahama-shi
JP.05.1926135	Imabari-shi
JP.12.2038726	Okushiri-gun
JP.02.2110459	Yuzawa Shi
JP.44.2110496	Yonezawa Shi
JP.02.2110504	Yokote Shi
JP.44.2110552	Yamagata Shi
JP.04.2110578	Yachiyo Shi
JP.16.2110604	Waga-gun
JP.14.2110701	Tsuchiura-shi
JP.14.2110728	Toride Shi
JP.16.2110732	Tōno Shi
JP.04.2110747	Tomisato-shi
JP.24.2110755	Tome Shi
JP.04.2110773	Tōgane Shi
JP.08.2110839	Tamura-gun
JP.16.2110852	Takizawa-shi
JP.08.2110958	Sukagawa Shi
JP.08.2110975	Sōma Shi
JP.08.2110976	Sōma-gun
JP.04.2110982	Sodegaura-shi
JP.16.2111005	Shiwa-gun
JP.24.2111014	Shiroishi Shi
JP.04.2111017	Shiroi-shi
JP.08.2111029	Shirakawa Shi
JP.24.2111045	Shiogama Shi
JP.44.2111061	Shinjō Shi
JP.24.2111130	Shibata-gun
JP.24.2111147	Sendai Shi
JP.02.2111153	Semboku-gun
JP.04.2111171	Katori-shi
JP.04.2111211	Sambu-gun
JP.04.2111215	Sakura Shi
JP.44.2111245	Sagae-shi
JP.14.2111256	Ryūgasaki Shi
JP.38.2111324	Ōtawara Shi
JP.40.2111520	Ogasawara Shichō
JP.16.2111528	Ōfunato-shi
JP.08.2111613	Nishishirakawa-gun
JP.44.2111620	Nishimurayama-gun
JP.08.2111654	Nihonmatsu Shi
JP.38.2111674	Nasu-gun
JP.04.2111683	Narita Shi
JP.04.2111686	Narashino Shi
JP.44.2111692	Nan'yō Shi
JP.14.2111741	Naka-shi
JP.14.2111742	Naka-gun
JP.44.2111778	Nagai-shi
JP.44.2111805	Murayama Shi
JP.24.2111817	Motoyoshi Gun
JP.16.2111833	Morioka Shi
JP.38.2111835	Mooka-shi
JP.44.2111850	Mogami-gun
JP.04.2111854	Mobara Shi
JP.16.2111883	Miyako Shi
JP.24.2111889	Miyagi Gun
JP.14.2111899	Mito Shi
JP.02.2111935	Minamiakita-gun
JP.24.2112074	Kurokawa-gun
JP.24.2112092	Kurihara Shi
JP.14.2112115	Kuji-gun
JP.08.2112139	Kōriyama Shi
JP.16.2112223	Kitakami Shi
JP.14.2112231	Kitaibaraki Shi
JP.02.2112235	Kitaakita-gun
JP.24.2112261	Kesennuma Shi
JP.16.2112264	Kesen-gun
JP.24.2112306	Katta-gun
JP.04.2112318	Katori-gun
JP.04.2112330	Kashiwa Shi
JP.14.2112334	Kashima-shi
JP.14.2112342	Kasama Shi
JP.04.2112386	Kamogawa-shi
JP.14.2112399	Kamisu-shi
JP.44.2112407	Kaminoyama-shi
JP.16.2112424	Kamihei-gun
JP.16.2112441	Kamaishi Shi
JP.04.2112445	Kamagaya Shi
JP.24.2112525	Iwanuma-shi
JP.08.2112535	Iwaki-shi
JP.04.2112557	Isumi-gun
JP.24.2112574	Ishinomaki Shi
JP.04.2112602	Inzai-shi
JP.14.2112616	Inashiki-gun
JP.04.2112631	Imba-gun
JP.16.2112655	Ichinoseki-shi
JP.04.2112663	Ichihara Shi
JP.14.2112704	Hitachi Shi
JP.14.2112705	Hitachi-ōta Shi
JP.44.2112756	Higashiokitama-gun
JP.44.2112760	Higashimurayama-gun
JP.14.2112766	Higashiibaraki-gun
JP.16.2112822	Hanamaki Shi
JP.38.2112845	Haga-gun
JP.08.2112921	Fukushima Shi
JP.08.2112978	Date-shi
JP.08.2112979	Date-gun
JP.04.2112994	Chōshi Shi
JP.04.2112997	Chōsei-gun
JP.04.2113012	Chiba Shi
JP.04.2113074	Asahi Shi
JP.02.2113122	Akita Shi
JP.08.2113158	Adachi-gun
JP.04.2113162	Abiko Shi
JP.12.2127415	Yūbari Shi
JP.12.2127440	Yoichi-gun
JP.02.2127468	Yamamoto-gun
JP.12.2127513	Wakkanai Shi
JP.12.2127544	Utashinai Shi
JP.03.2127674	Towada Shi
JP.12.2127730	Tomamae Gun
JP.12.2127732	Tomakomai Shi
JP.12.2127817	Teshio Gun
JP.12.2127895	Takikawa Shi
JP.12.2127954	Sunagawa Shi
JP.03.2128134	Shimokita-gun
JP.12.2128201	Shibetsu Shi
JP.12.2128291	Sapporo-shi
JP.03.2128302	Sannohe Gun
JP.12.2128378	Rumoi Shi
JP.12.2128405	Rishiri Gun
JP.12.2128418	Rebun Gun
JP.12.2128570	Otaru Shi
JP.02.2128783	Ōdate-shi
JP.12.2128812	Obihiro Shi
JP.02.2128864	Noshiro Shi
JP.12.2128892	Noboribetsu Shi
JP.16.2128940	Ninohe Shi
JP.16.2128941	Ninohe-gun
JP.12.2128971	Nemuro-shi
JP.03.2129089	Mutsu Shi
JP.12.2129098	Muroran Shi
JP.03.2129224	Minamitsugaru Gun
JP.12.2129370	Kushiro Shi
JP.03.2129393	Kuroishi Shi
JP.16.2129400	Kunohe-gun
JP.16.2129423	Kuji Shi
JP.03.2129525	Kitatsugaru Gun
JP.12.2129532	Kitami Shi
JP.02.2129593	Kazuno Shi
JP.02.2129594	Kazuno-gun
JP.12.2129597	Kayabe-gun
JP.03.2129754	Kamikita-gun
JP.12.2129758	Kamikawa-gun (Ishikari)
JP.12.2129763	Kamiiso-gun
JP.12.2129779	Kameda-gun
JP.12.2129864	Iwanai-gun
JP.12.2129869	Iwamizawa Shi
JP.12.2130044	Hiyama-gun
JP.03.2130056	Hirosaki Shi
JP.12.2130058	Hiroo-gun
JP.03.2130088	Higashitsugaru-gun
JP.12.2130184	Hakodate Shi
JP.03.2130200	Hachinohe Shi
JP.03.2130225	Goshogawara Shi
JP.12.2130304	Furano Shi
JP.12.2130331	Fukagawa Shi
JP.12.2130385	Eniwa-shi
JP.12.2130402	Ebetsu Shi
JP.12.2130419	Date-shi
JP.12.2130449	Chitose Shi
JP.12.2130533	Bibai Shi
JP.12.2130609	Ashibetsu Shi
JP.12.2130628	Asahikawa-shi
JP.03.2130654	Aomori Shi
JP.12.2130704	Akabira Shi
JP.12.2130724	Abuta-gun
JP.12.2130736	Abashiri Shi
JP.05.6691620	Tōon-shi
JP.05.6691622	Kamiukena-gun
JP.35.6822197	Higashiōmi-shi
JP.14.6950859	Moriya-shi
JP.30.7279571	Kunisaki-shi
JP.01.7369797	Kiyosu Shi
JP.01.7369798	Aisai Shi
JP.01.7369799	Iwakura Shi
JP.01.7369800	Kitanagoya Shi
JP.01.7369801	Takahama Shi
JP.01.7369802	Toyohashi Shi
JP.13.7370808	Kanzaki-gun
JP.13.7370809	Mikata-gun
JP.13.7370810	Sumoto Shi
JP.13.7370811	Miki Shi
JP.13.7370812	Ono Shi
JP.13.7370813	Sanda Shi
JP.13.7370814	Kasai Shi
JP.13.7370815	Tanba-Sasayama-shi
JP.13.7370816	Tanba Shi
JP.13.7370817	Minamiawaji Shi
JP.13.7370818	Asago Shi
JP.13.7370819	Awaji Shi
JP.13.7370820	Shisō Shi
JP.13.7370821	Katō Shi
JP.11.7372274	Aki-takata Shi
JP.11.7372275	Shōbara-shi
JP.11.7372276	Sera-gun
JP.18.7383987	Amami Shi
JP.18.7383988	Hioki Shi
JP.18.7383990	Ichiki-kushikino Shi
JP.18.7383991	Isa Shi
JP.18.7383992	Kirishima Shi
JP.18.7383993	Minamikyushu Shi
JP.18.7383994	Minamisatsuma Shi
JP.18.7383995	Satsuma-sendai Shi
JP.18.7383996	Soo Shi
JP.18.7383997	Izumi-gun
JP.18.7383999	Kimotsuki Gun
JP.42.7391183	Nanto Shi
JP.17.7391347	Higashikagawa Shi
JP.17.7391348	Ayauta-gun
JP.33.7391354	Fujitsu-gun
JP.33.7391355	Imari Shi
JP.33.7391356	Kanzaki-gun
JP.33.7391357	Kanzaki Shi
JP.33.7391358	Kishima-gun
JP.33.7391363	Ureshino Shi
JP.32.7391698	Izumisano Shi
JP.32.7391699	Ōsaka-sayama Shi
JP.32.7391700	Sennan Shi
JP.32.7391701	Toyonaka Shi
JP.32.7391703	Senboku-gun
JP.41.7392255	Kurayoshi Shi
JP.41.7392260	Iwami-gun
JP.36.7392547	Ishii Gun
JP.36.7392548	Nita Gun
JP.36.7392549	Kanoashi Gun
JP.36.7392557	Unnan Shi
JP.36.7392558	Yasugi Shi
JP.45.7392999	San'yō-onoda Shi
JP.45.7393001	Shūnan Shi
JP.35.7394802	Maibara-shi
JP.35.7394806	Inukami-gun
JP.31.7405219	Aida-gun
JP.31.7405220	Kaga-gun
JP.31.7405222	Wake-gun
JP.31.7405223	Ibara Shi
JP.31.7405224	Sōja Shi
JP.31.7405225	Niimi Shi
JP.31.7405226	Setouchi Shi
JP.31.7405227	Akaiwa Shi
JP.31.7405228	Maniwa Shi
JP.31.7405229	Asakuchi Shi
JP.20.7405897	Sukumo Shi
JP.20.7405898	Shimanto Shi
JP.20.7405899	Kōnan Shi
JP.20.7405900	Kami Shi
JP.05.7406319	Shikoku-chūō Shi
JP.39.7406321	Mima Gun
JP.39.7406322	Myōdō Gun
JP.39.7406323	Naka Gun
JP.39.7406324	Yoshinogawa Shi
JP.39.7406325	Mima Shi
JP.39.7406326	Miyoshi Shi
JP.07.7406948	Asakura-gun
JP.07.7406950	Miyako-gun
JP.07.7406951	Mizuma-gun
JP.07.7407411	Asakura Shi
JP.07.7407412	Fukutsu Shi
JP.07.7407413	Kama Shi
JP.07.7407415	Miyama Shi
JP.07.7407416	Miyawaka Shi
JP.07.7407417	Nōgata Shi
JP.07.7407420	Ukiha Shi
JP.43.7411112	Gobō Shi
JP.43.7411113	Iwade Shi
JP.43.7411114	Kinokawa Shi
JP.28.7411375	Kitakatsuragi-gun
JP.28.7411376	Takaichi-gun
JP.28.7411377	Yamabe-gun
JP.22.7412122	Funai-gun
JP.22.7412123	Kuse-gun
JP.22.7412124	Otokuni-gun
JP.22.7412125	Tsuzuki-gun
JP.22.7412197	Miyazu Shi
JP.22.7412199	Yawata Shi
JP.22.7412200	Kyōtango Shi
JP.22.7412201	Nantan Shi
JP.22.7412210	Kyōtanabe Shi
JP.28.7412211	Katsuragi Shi
JP.28.7412212	Uda Shi
JP.21.7412705	Ashikita-gun
JP.21.7412706	Kamimashiki-gun
JP.21.7412708	Kuma-gun
JP.21.7412709	Shimomashiki-gun
JP.21.7413150	Yamaga Shi
JP.21.7413151	Kamiamakusa Shi
JP.21.7413152	Uki Shi
JP.21.7413153	Kōshi Shi
JP.25.7413964	HIgashimorokata Gun
JP.25.7413965	Kitamorokata Gun
JP.25.7413967	Nishimorokata Gun
JP.25.7413968	Nishiusuki-gun
JP.25.7413970	Kobayashi Shi
JP.30.7414041	Hayami-gun
JP.30.7414042	Higashikunisaki-gun
JP.30.7414050	Beppu Shi
JP.30.7414051	Bungo-ōno Shi
JP.47.7415817	Miyako-gun
JP.47.7415819	Miyakojima Shi
JP.47.7415820	Nanjō Shi
JP.47.7415821	Uruma Shi
JP.46.7415908	Minamitsuru-gun
JP.46.7415909	Nakakoma-gun
JP.46.7415914	Minami Alps Shi
JP.46.7415915	Hokuto Shi
JP.46.7415916	Fuefuki Shi
JP.46.7415917	Kōshū Shi
JP.46.7415926	Chūō Shi
JP.26.7416552	Kamiminochi-gun
JP.26.7416554	Kiso-gun
JP.26.7417078	Chikuma Shi
JP.26.7417079	Tōmi Shi
JP.23.7417702	Inabe-gun
JP.23.7417703	Minamimuro-gun
JP.23.7417704	Taki-gun
JP.23.7417710	Inabe Shi
JP.23.7417711	Kameyama Shi
JP.37.7418312	Shūchi-gun
JP.37.7418320	Izunokuni-shi
JP.37.7418321	Makinohara Shi
JP.37.7418322	Shimada-shi
JP.27.7418804	Gotō Shi
JP.27.7418805	Hirado Shi
JP.27.7418806	Minamishimabara Shi
JP.27.7418807	Ōmura Shi
JP.27.7418808	Saikai Shi
JP.27.7418809	Shimabara Shi
JP.27.7418810	Tsushima Shi
JP.27.7418811	Unzen Shi
JP.09.7418819	Ibi-gun
JP.09.7418821	Yōrō-gun
JP.09.7419031	Gujō Shi
JP.09.7419032	Hida Shi
JP.09.7419033	Mino Shi
JP.09.7419034	Mizuho Shi
JP.09.7419035	Motosu Shi
JP.09.7419036	Yamagata Shi
JP.12.7428076	Abashiri-gun
JP.12.7428077	Akan-gun
JP.12.7428078	Akkeshi-gun
JP.12.7428079	Ashoro-gun
JP.12.7428080	Esashi Gun
JP.12.7428081	Furuu-gun
JP.12.7428082	Futami-gun
JP.12.7428083	Hidaka-gun
JP.12.7428084	Horoizumi-gun
JP.12.7428085	Ishikari-gun
JP.12.7428086	Isoya-gun
JP.12.7428087	Kabato-gun
JP.12.7428088	Kasai-gun
JP.12.7428089	Katō-gun
JP.12.7428090	Kawakami-gun
JP.12.7428091	Kudō-gun
JP.12.7428092	Mashike-gun
JP.12.7428093	Matsumae-gun
JP.12.7428094	Menashi-gun
JP.12.7428095	Monbetsu Gun
JP.12.7428096	Nakagawa Gun
JP.12.7428097	Nakagawa-gun
JP.12.7428099	Nishi-gun
JP.12.7428101	Rumoi Gun
JP.12.7428102	Samani-gun
JP.12.7428103	Saru-gun
JP.12.7428104	Setana-gun
JP.12.7428105	Shakotan-gun
JP.12.7428106	Shari-gun
JP.12.7428107	Shibetsu-gun
JP.12.7428108	Shimamaki-gun
JP.12.7428109	Shiranuka-gun
JP.12.7428110	Shiraoi-gun
JP.12.7428111	Sorachi-gun
JP.12.7428112	Sōya Gun
JP.12.7428113	Suttsu-gun
JP.12.7428114	Tokachi-gun
JP.12.7428115	Tokoro-gun
JP.12.7428117	Uryū Gun
JP.12.7428118	Usu-gun
JP.12.7428119	Yamakoshi-gun
JP.12.7428120	Yūbari-gun
JP.12.7428121	Yūfutsu-gun
JP.12.7429513	Hokuto Shi
JP.12.7429514	Ishikari Shi
JP.12.7429515	Monbetsu Shi
JP.12.7429516	Nayoro Shi
JP.03.7439929	Nakatsugaru Gun
JP.03.7439934	Hirakawa Shi
JP.03.7439937	Misawa Shi
JP.03.7439944	Tsugaru Shi
JP.16.7441804	Iwate-gun
JP.16.7441805	Nishiiwai Gun
JP.16.7441806	Shimohei-gun
JP.16.7441808	Hachimantai Shi
JP.16.7441816	Ōshū Shi
JP.16.7441817	Rikuzen-takata Shi
JP.02.7443147	Ogachi-gun
JP.02.7443149	Daisen Shi
JP.02.7443155	Katagami Shi
JP.02.7443156	Kitaakita-shi
JP.02.7443160	Yuri-honjō Shi
JP.24.7446984	Igu-gun
JP.24.7446985	Kami-gun
JP.24.7446986	Oshika Gun
JP.24.7446987	Tōda Gun
JP.24.7446988	Watari-gun
JP.24.7446990	Higashimatsushima Shi
JP.24.7446991	Kakuda Shi
JP.24.7447001	Ōsaki Shi
JP.44.7450014	Higashine Shi
JP.44.7450018	Obanazawa Shi
JP.44.7450462	Akumi-gun
JP.44.7450463	Kitamurayama-gun
JP.44.7450466	Tendō Shi
JP.08.7451488	Futaba-gun
JP.08.7451501	Higashishirakawa-gun
JP.08.7451502	Ishikawa-gun
JP.08.7451503	Iwase-gun
JP.08.7451504	Ōnuma-gun
JP.08.7451517	Minamisōma Shi
JP.14.7452677	Bandō Shi
JP.14.7452678	Chikusei Shi
JP.14.7452680	Hitachi-ōmiya Shi
JP.14.7452799	Hokota Shi
JP.14.7452800	Ishioka Shi
JP.14.7452801	Itako Shi
JP.14.7452802	Jōsō Shi
JP.14.7452804	Namegata Shi
JP.14.7452805	Omitama Shi
JP.14.7452807	Takahagi Shi
JP.14.7452808	Tsukuba-mirai Shi
JP.14.7452809	Tsukuba Shi
JP.14.7452810	Ushiku Shi
JP.38.7453512	Nasu-karasuyama Shi
JP.38.7453513	Nasu-shiobara Shi
JP.38.7453516	Sakura Shi
JP.38.7453517	Sano Shi
JP.38.7453590	Tochigi Shi
JP.10.7453747	Agatsuma-gun
JP.10.7453748	Tone-gun
JP.10.7453835	Annaka Shi
JP.10.7453836	Fujioka Shi
JP.10.7453839	Kiryū Shi
JP.10.7453841	Midori Shi
JP.10.7453843	Numata Shi
JP.10.7453849	Tatebayashi Shi
JP.34.7458572	Kodama-gun
JP.34.7458573	Ōsato-gun
JP.34.7464121	Chichibu Shi
JP.34.7464122	Hanyū Shi
JP.34.7464123	Sōka Shi
JP.34.7464124	Kuki-shi
JP.34.7464125	Kitamoto Shi
JP.34.7464126	Satte Shi
JP.34.7464127	Yoshikawa Shi
JP.34.7464128	Fujimino Shi
JP.04.7465520	Yotsukaidō Shi
JP.04.7465521	Minamibōsō Shi
JP.04.7465522	Sōsa Shi
JP.04.7465523	Sanmu Shi
JP.04.7465524	Isumi Shi
JP.04.7465528	Ōamishirasato-shi
JP.06.7465770	Yoshida Gun
JP.06.7465771	Nanjō-gun
JP.06.7465772	Mikata-gun
JP.06.7465773	Mikatakaminaka-gun
JP.06.7467384	Ōno Shi
JP.06.7467385	Awara-shi
JP.06.7467386	Echizen Shi
JP.06.7467387	Sakai-shi
JP.15.7467838	Hakui Gun
JP.15.7467839	Hōsu Gun
JP.15.7467840	Kashima Gun
JP.15.7467879	Nanao Shi
JP.15.7467880	Kahoku Shi
JP.15.7467881	Hakusan Shi
JP.15.7467882	Nomi Shi
JP.29.7468155	Minamikanbara-gun
JP.29.7468157	Minamiōnuma-gun
JP.29.7468158	Nakaōnuma-gun
JP.29.7468159	Kariwa-gun
JP.19.7468160	Aikō-gun
JP.29.7468177	Murakami Shi
JP.29.7468178	Itoigawa Shi
JP.29.7468179	Agano Shi
JP.29.7468180	Uonuma Shi
JP.29.7468181	Minamiuonuma Shi
JP.29.7468182	Tainai Shi
JP.19.7470888	Zushi Shi
JP.19.7470889	Ebina
JP.19.7470890	Minamiashigara Shi
JP.40.7475133	Bunkyō-ku
JP.40.7475134	Taitō-ku
JP.40.7475135	Toshima-ku
JP.18.8300556	Kanoya Shi
JP.33.8300623	Karatsu Shi
JP.32.8300631	Moriguchi Shi
JP.37.8301106	Itō Shi
JP.37.8301107	Kakegawa Shi
JP.37.8301108	Kosai Shi
JP.27.8301120	Isahaya Shi
JP.12.8301405	Mikasa Shi
JP.24.8303940	Natori Shi
JP.24.8303941	Tagajō Shi
JP.14.8304033	Hitachinaka Shi
JP.14.8304034	Inashiki Shi
JP.14.8304035	Sakuragawa Shi
JP.34.8304212	Kumagaya Shi
JP.34.8304213	Kasukabe Shi
JP.34.8304214	Ageo Shi
JP.34.8304215	Shiki Shi
JP.04.8304237	Kisarazu Shi
JP.04.8304238	Yachimata Shi
JP.06.8304246	Sabae Shi
JP.40.8304374	Akiruno Shi
JP.40.8304375	Hachiōji Shi
JP.40.8304376	Nishitōkyō-shi
JP.03.8534376	Nishitsugaru-gun
JP.18.8714932	Kumage-gun
JP.32.8714934	Toyono Gun
JP.30.8739980	Yufu-shi
JP.35.8740424	Takashima-shi
JP.11.8740425	Etajima-shi
JP.45.8740711	Kumage-gun
JP.14.8741149	Kasumigaura Shi
JP.08.9035647	Tamura-shi
JP.08.9035648	Motomiya-shi
JP.07.9035649	Itoshima-shi
JP.02.9035660	Semboku-shi
JP.37.9036693	Izu-shi
JP.17.9036694	Sanuki-shi
JP.28.9036699	Kashihara-shi
JP.46.9062326	Kai-shi
JP.04.9062338	Katsuura-shi
JP.12.9072585	Kitahiroshima-shi
JP.14.9072668	Kitasoma-gun
JP.01.9405857	Ama-Shi
JP.34.9881554	Hidaka-shi
JP.39.10172903	Naruto-shi
JP.26.10629642	Azumino-Shi
JP.05.10861187	Seiyo Shi
JP.34.10942180	Konosu-Shi
JP.16.11497023	Isawa-gun
JP.12.11497558	Kamikawa-gun (Tokachi)
JP.12.11497755	Kamikawa-gun (Teshio no kuni)
JP.13.11668516	Aioi Shi
JP.34.11668552	Yashio-shi
JP.24.12324190	Tomiya-shi
JP.07.12324191	Nakagawa
KG.09.1222671	Kadamjaiskiy Raion
KG.02.1528261	Ysyk-Ata
KG.08.7910405	Nookat
KG.03.8139375	Aksy
KG.08.8739771	Alay District
KG.04.9165774	At-Bashi
KH.25.0107	Srŏk Thmâ Pôk
KH.31.2507	Srŏk Tbong Khmŭm
KH.05.0608	Srŏk Stoŭng
KH.27.2204	Srŏk Sâmraông
KH.24.1707	Srŏk Puŏk
KH.04.0505	Srŏk Ŏdŏngk
KH.31.2503	Srŏk Mémót
KH.31.2502	Srŏk Kroch Chhmar
KH.07.0801	Kandal Stueng
KH.05.0602	Srŏk Kâmpóng Svay
KH.13.1302	Srŏk Chhêb
KH.08.0901	Srŏk Batum Sakôr
KH.29.0203	Krong Battambang
KH.27.2202	Srŏk Bântéay Âmpĭl
KH.03.0403	Kampong Chhnang
KH.05.0603	Stueng Saen
KH.29.0208	Sangkae
KH.29.0206	Moung Ruessei
KH.12.1501	Bakan
KH.12.1505	Pursat
KH.12.1503	Krakor
KH.03.0401	Baribour
KH.03.0406	Rolea B'ier
KH.09.1002	Kracheh
KH.02.0303	Cheung Prey
KH.05.0601	Baray
KH.05.0607	Santuk
KH.24.1710	Siem Reap
KH.02.0305	Kampong Cham
KH.17.1904	Stueng Traeng
KH.24.1701	Angkor Chum
KH.24.1714	Varin
KH.24.1713	Svay Leu
KH.13.1306	Sangkom Thmei
KH.25.0108	Srŏk Svay Chék
KH.29.0202	Srŏk Thmâ Koŭl
KH.29.0204	Srŏk Bâvĭl
KH.29.0207	Srŏk Rotanak Mondol
KH.29.0209	Srŏk Sâmlot
KH.29.0212	Srŏk Kâmriĕng
KH.29.0213	Srŏk Koăs Krâlâ
KH.30.2402	Khan Sala Krau
KH.30.2401	Khan Pailĭn
KH.02.0301	Srŏk Bathéay
KH.31.2506	Krŏng Suŏng
KH.25.0110	Krŏng Paôy Pêt
KH.24.1709	Srŏk Prasat Bakong
KH.27.2201	Srŏk Ânlóng Vêng
KH.27.2205	Srŏk Trâpeăng Prasat
KH.13.1304	Srŏk Kulén
KH.13.1308	Krŏng Preăh Vĭhéar
KH.17.1901	Srŏk Srêsén
KH.23.1601	Srŏk Ândong Méas
KH.23.1602	Srŏk Ban Lŭng
KH.23.1603	Srŏk Bâ Kêv
KH.23.1604	Srŏk Koun Mom
KH.23.1606	Srŏk Ou Chum
KH.23.1607	Srŏk Ou Ya Dav
KH.10.1101	Srŏk Kaev Seima
KH.10.1104	Srŏk Pech Chreada
KH.10.1105	Krŏng Sênmônoŭrôm
KH.09.1006	Srŏk Chĕt Bŭri
KH.12.1506	Srŏk Véal Vêng
KH.08.0904	Krŏng Khémârâ Phumĭn
KH.08.0905	Srŏk Môndôl Seima
KH.04.0501	Srŏk Basedth
KH.04.0502	Krŏng Chbar Mon
KH.19.2101	Srŏk Ângkôr Borei
KH.19.2103	Srŏk Borei Cholsar
KH.19.2108	Krŏng Doun Kaev
KH.26.2301	Srŏk Dâmnăk Châng’aeur
KH.21.0704	Srŏk Chŭm Kiri
KH.21.0705	Srŏk Dângtóng
KH.21.0707	Srŏk Tœ̆k Chhu
KH.07.0811	Krŏng Ta Khmau
KH.22.1207	Khan Rœssei Kêv
KH.22.1204	Khan Tuŏl Koŭk
KH.22.1209	Khan Chey Por Senchey
KH.22.1205	Khan Dângkaô
KH.14.1405	Srŏk Mésang
KH.14.1409	Srŏk Preăh Sdéch
KH.14.1413	Srŏk Svay Ântôr
KH.18.2008	Krŏng Bavĕt
KH.29.0201	Srŏk Banăn
KH.29.0205	Srŏk Âk Phnŭm
KH.29.0211	Srok Phnum Proek
KH.24.1702	Srŏk Ângkôr Thum
KH.25.0105	Ou Chrov District
KH.08.0906	Srae Ambel
KH.25.0106	Serei Saophoan
KH.28.1801	Krong Preah Sihanouk
KH.21.0708	Kampong Bay
KH.21.0706	Kampong Tranch
KH.21.0702	Banteay Meas
KH.21.0701	Angkor Chey
KH.21.0703	Chhouk District
KH.25.0102	Mongkol Borei
KH.25.0103	Phnom Srok
KH.25.0104	Preah Netr Preah
KH.02.0302	Chamkar Leu
KH.02.0306	Kampong Siem
KH.02.0307	Kang Meas
KH.02.0308	Kaoh Soutin
KH.02.0313	Prey Chhor
KH.02.0315	Steung Trang
KH.03.0404	Kampong Leaeng
KH.03.0405	Kampong Tralach
KH.03.0408	Tuek Phos
KH.04.0504	Aoral
KH.04.0506	Phnum Sruoch
KH.04.0508	Thpong
KH.05.0606	Sandan
KH.07.0804	Kaoh Thum
KH.07.0805	Leuk Daek
KH.07.0806	Lvea Aem
KH.07.0807	Mukh Kampul
KH.07.0810	S'ang
KH.08.0907	Thma Bang
KH.09.1001	Chhloung
KH.09.1003	Preaek Prasab
KH.09.1004	Sambour
KH.09.1005	Snuol
KH.10.1102	Khaoh Neaek
KH.10.1103	Ou Reang
KH.27.2203	Chong Kal
KH.28.1802	Prey Nob
KH.13.1303	Choam Khsant
KH.14.1403	Kampong Trabaek
KH.14.1404	Kanhchriech
KH.14.1406	Peam Chor
KH.14.1407	Peam Ro
KH.14.1412	Sithor Kandal
KH.12.1504	Phnum Kravanh
KH.23.1605	Lumphat
KH.23.1609	Veun Sai
KH.24.1704	Chi Kraeng
KH.24.1706	Kralanh
KH.24.1711	Soutr Nkom
KH.24.1712	Srei Snam
KH.17.1903	Siem Pang
KH.17.1905	Thala Barivat
KH.18.2001	Chantrea
KH.18.2004	Romeas Haek
KH.18.2003	Rumduol
KH.19.2102	Bati
KH.19.2104	Kiri Vong
KH.19.2109	Tram Kak
KH.18.2007	Svay Teab
KH.14.1410	Krong Prey Veng
KH.18.2006	Krong Svay Rieng
KH.26.2302	Krong Kaeb
KH.22.1214	Khan Kamboul
KH.22.1212	Chbar Ampov
KH.22.1213	Boeng Keng Kang
KI.02.KT	Kiritimati
KI.01.MN	Makin
KI.01.ME	Marakei
KI.02.TU	Tabuaeran
KI.01.TW	Tarawa
KP.15.1866790	Yangdŏk-kun
KP.15.1869013	Sunch’ŏn-si
KP.15.1869039	Sukch’ŏn-gun
KP.17.2038910	Yŏnsa-gun
KP.11.2039624	Uiju County
KP.18.2042641	Najin
KR.06.32330	Yeongwol-gun
KR.11.11030	Yongsan-gu
KR.16.36440	Yeonggwang-gun
KR.05.33340	Yeongdong-gun
KR.14.37350	Yeongdeok-gun
KR.14.37070	Yeongcheon-si
KR.16.36410	Yeongam-gun
KR.13.31350	Yeoncheon-gun
KR.13.31280	Yeoju-si
KR.16.36020	Yeosu-si
KR.17.34370	Yesan-gun
KR.14.37400	Yecheon-gun
KR.20.38100	Yangsan-si
KR.13.31380	Yangpyeong-gun
KR.06.32380	Yanggu-gun
KR.06.32020	Wonju-si
KR.14.37020	Gyeongju
KR.14.37430	Ulleung-gun
KR.13.31030	Uijeongbu-si
KR.10.21060	Dongnae-gu
KR.06.32040	Donghae-si
KR.17.34080	Dangjin-si
KR.16.36310	Damyang-gun
KR.15.22310	Dalseong-gun
KR.19.25050	Daedeok-gu
KR.13.31010	Suwon-si
KR.16.36030	Suncheon-si
KR.03.35360	Sunchang-gun
KR.17.34050	Seosan-si
KR.13.31020	Seongnam-si
KR.06.32060	Sokcho-si
KR.01.39020	Seogwipo-si
KR.17.34340	Seocheon-gun
KR.16.36480	Sinan-gun
KR.14.37080	Sangju-si
KR.13.31070	Pyeongtaek
KR.06.32340	Pyeongchang-gun
KR.17.34330	Buyeo-gun
KR.13.31050	Bucheon-si
KR.03.35380	Buan-gun
KR.05.33320	Boeun-gun
KR.16.36360	Boseong-gun
KR.17.34030	Boryeong-si
KR.14.37010	Pohang-si
KR.13.31270	Pocheon-si
KR.13.31200	Paju-si
KR.05.33330	Okcheon-gun
KR.17.34060	Nonsan-si
KR.13.31130	Namyangju-si
KR.03.35050	Namwon
KR.20.38350	Namhae-gun
KR.16.36040	Naju-si
KR.03.35330	Muju-gun
KR.16.36420	Muan-gun
KR.16.36010	Mokpo-si
KR.20.38080	Miryang-si
KR.14.37100	Gyeongsan-si
KR.16.36060	Gwangyang-si
KR.13.31250	Gwangju-si
KR.16.36330	Gurye-gun
KR.14.37310	Gunwi-gun
KR.03.35020	Gunsan-si
KR.17.34310	Geumsan-gun
KR.13.31230	Gimpo-si
KR.03.35060	Gimje-si
KR.14.37050	Gumi-si
KR.13.31100	Goyang-si
KR.06.32400	Goseong-gun
KR.20.38340	Goseong-gun
KR.17.34020	Gongju-si
KR.20.38090	Geoje-si
KR.05.33360	Goesan-gun
KR.03.35370	Gochang-gun
KR.20.38070	Gimhae-si
KR.06.32030	Gangneung-si
KR.12.23310	Ganghwa-gun
KR.03.35350	Imsil-gun
KR.03.35030	Iksan-si
KR.13.31210	Icheon-si
KR.16.36370	Hwasun-gun
KR.17.34360	Hongseong-gun
KR.06.32310	Hongcheon-gun
KR.20.38380	Hamyang-gun
KR.16.36430	Hampyeong-gun
KR.16.36400	Haenam-gun
KR.20.38360	Hadong-gun
KR.14.37060	Yeongju-si
KR.20.38050	Tongyeong-si
KR.05.33020	Chungju-si
KR.06.32010	Chuncheon-si
KR.06.32360	Cheorwon-gun
KR.03.35010	Jeonju-si
KR.17.34350	Cheongyang-gun
KR.03.35040	Jeongeup-si
KR.05.33010	Cheongju-si
KR.17.34010	Cheonan-si
KR.20.38030	Jinju-si
KR.05.33350	Jincheon-gun
KR.03.35320	Jinan-gun
KR.14.37390	Chilgok-gun
KR.01.39010	Jeju-si
KR.20.38110	Changwon-si
KR.03.35340	Jangsu-gun
KR.16.36450	Jangseong-gun
KR.20.38330	Changnyeong-gun
KR.16.36380	Jangheung-gun
KR.17.34040	Asan-si
KR.13.31040	Anyang-si
KR.13.31220	Anseong
KR.14.37040	Andong-si
KR.11.11180	Geumcheon-gu
KR.06.32370	Hwacheon-gun
KR.06.32050	Taebaek-si
KR.13.31180	Hanam-si
KR.13.31090	Ansan-si
KR.13.31160	Gunpo-si
KR.13.31060	Gwangmyeong-si
KR.13.31140	Osan-si
KR.13.31120	Guri-si
KR.13.31260	Yangju-si
KR.12.23060	Bupyeong-gu
KR.05.33390	Jeungpyeong-gun
KR.19.25040	Yuseong-gu
KR.18.24020	Seo-gu
KR.10.21310	Gijang-gun
KR.12.23320	Ongjin-gun
KR.14.37030	Gimcheon-si
KR.13.31240	Hwaseong-si
KR.14.37090	Mungyeong-si
KR.06.32070	Samcheok-si
KR.14.37330	Cheongsong-gun
KR.13.31370	Gapyeong-gun
KR.22.29010	Sejong-Si
KZ.07.608022	Terekti Aūdany
KZ.04.828331	Aktobe Gorodskaya Administratsiya
KZ.10.1517878	Tyul’kubasskiy Rayon
KZ.03.1519241	Burabay
KZ.10.1519675	Saryagachskiy Rayon
KZ.13.1520378	Denisovskiy Rayon
KZ.12.1520952	Abayskiy Rayon
KZ.16.1521352	Esil District
KZ.10.1521378	Tolebiyskiy Rayon
KZ.13.1524278	Fëdorovskiy Rayon
KZ.03.1526033	Atbasar
KZ.03.1526056	Astrakhan
KZ.03.1526436	Akkol
KZ.12510143.1526967	Abayskiy Rayon
KZ.13.1537246	Kostanay Gorodskaya Administratsiya
KZ.03.1537265	Stepnogorsk Gorodskaya Administratsiya
KZ.12.1537266	Karaganda Gorodskaya Administratsiya
LA.15.1201	Muang Thakhèk
LA.02.1607	Muang Champasak
LA.01.1701	Muang Xaiséttha
LA.03.0703	Viengxon
LB.07.276591	Caza de Bent Jbaïl
LB.06.7735345	Caza de Saida
LB.05.10119971	Keserwan District
LC.08.100570000	Village
LC.03.30050000	Balata
LC.06.120170000	Corinth
LC.08.100470000	Praslin
LC.08.100370000	Mon Repos
LC.10.90260000	La Resource
LC.08.100030000	Anse Ger
LC.03.20230000	Ciceron
LC.10.90350000	Moule A Chique
LC.03.30110600	Miami/Bexon
LC.03.30030000	Babonneau Proper
LC.10.90230000	Industrial Estate
LC.06.120330000	Monchy
LC.07.80160000	H'Erelle
LC.03.30110000	Bexon
LC.03.20630000	Morne Dudon
LC.01.40020000	Au Tabor
LC.03.20120000	Bissee
LC.03.20231400	Monkey Town Ciceron
LC.03.30110502	Floissac/Marc
LC.03.30870000	Trois Piton
LC.04.70180000	La Fargue
LC.05.110360000	Pascal
LC.06.120460000	Rodney Heights
LC.08.100300000	La Pointe
LC.09.60490000	Town
LC.10.90010000	Augier
LK.38.43	Vavuniya District
LK.32.62	Puttalam District
LK.30.72	Polonnaruwa District
LK.29.23	Nuwara Eliya District
LK.38.44	Mullaitivu District
LK.35.82	Moneragala District
LK.34.32	Matara District
LK.29.22	Matale District
LK.38.42	Mannar District
LK.32.61	Kurunegala District
LK.38.45	Kilinochchi District
LK.33.92	Kegalle District
LK.29.21	Kandy District
LK.36.13	Kalutara District
LK.38.41	Jaffna District
LK.34.33	Hambantota District
LK.36.12	Gampaha District
LK.34.31	Galle District
LK.36.11	Colombo District
LK.37.51	Batticaloa District
LK.35.81	Badulla District
LK.30.71	Anuradhapura District
LK.37.52	Ampara District
LS.10.7670811	Mapoteng
LT.65.13	Vilnius
LT.65.41	Vilnius District Municipality
LT.61.91	Šiaulių rajonas
LT.61.29	Šiauliai
LT.60.66	Panevėžys District Municipality
LT.60.27	Panevėžys City
LT.58.25	Palanga
LT.58.23	Neringa
LT.59.18	Marijampolė Municipality
LT.58.55	Klaipėdos rajonas
LT.58.21	Klaipėda
LT.57.52	Kauno rajonas
LT.57.19	Kaunas
LT.56.15	Druskininkai
LT.57.12	Birštonas
LT.56.11	Alytus
LT.56.33	Alytaus rajonas
LT.61.32	Akmenės Rajonas
LT.56.59	Lazdijai
LT.56.38	Varėna
LT.57.46	Jonava
LT.57.49	Kaišiadorys
LT.57.53	Kėdainiai
LT.57.69	Prienai
LT.57.72	Raseiniai
LT.58.56	Kretinga
LT.58.75	Skuodas
LT.58.88	Šilutė
LT.59.84	Sakiai
LT.59.39	Vilkaviškis District Municipality
LT.60.36	Biržai
LT.60.57	Kupiškis
LT.60.67	Pasvalys
LT.60.73	Rokiškis
LT.61.47	Joniškis
LT.61.54	Kelmė
LT.61.65	Pakruojis
LT.61.71	Radviliškis
LT.62.77	Tauragė
LT.62.94	Jurbarkas
LT.62.87	Šilalė
LT.63.78	Telšiai
LT.63.61	Mažeikiai
LT.63.68	Plungė
LT.64.82	Utena
LT.64.30	Visaginas
LT.64.34	Anykščiai
LT.64.45	Ignalina
LT.64.62	Moletai
LT.64.43	Zarasai
LT.65.85	Šalčininkai
LT.65.89	Sirvintos
LT.65.86	Svencionys
LT.65.79	Trakai
LT.65.81	Ukmergė
LT.59.48	Kalvarija Municipality
LT.59.58	Kazlų Rūda Municipality
LT.62.63	Pagėgiai
LT.63.74	Rietavas
LT.65.42	Elektrėnai
LU.WI.11	Wiltz
LU.CL.09	Troisvierges
LU.ES.14	Schifflange
LU.ES.13	Sanem
LU.ES.12	Rumelange
LU.ES.09	Pétange
LU.LU.2960317	Ville de Luxembourg
LU.ES.06	Kayl
LU.GR.04	Grevenmacher
LU.DI.07	Ettelbruck
LU.EC.05	Echternach
LU.ES.03	Dudelange
LU.ES.02	Differdange
LU.DI.04	Diekirch
LU.ES.01	Bettembourg
LU.DI.08	Feulen
LU.WI.05	Lac de la Haute-Sûre
LU.CA.03	Dippach
LU.CA.04	Garnich
LU.CA.05	Hobscheid
LU.CA.06	Kehlen
LU.CA.07	Koerich
LU.CA.08	Kopstal
LU.CA.09	Mamer
LU.CA.10	Septfontaines
LU.CA.11	Steinfort
LU.ES.04	Esch-sur-Alzette
LU.ES.05	Frisange
LU.ES.07	Leudelange
LU.ES.08	Mondercange
LU.ES.10	Reckange-sur-Mess
LU.ES.11	Roeser
LU.LU.01	Bertrange
LU.LU.02	Contern
LU.LU.03	Hesperange
LU.LU.04	Niederanven
LU.LU.05	Sandweiler
LU.LU.06	Schuttrange
LU.LU.07	Steinsel
LU.LU.08	Strassen
LU.LU.09	Walferdange
LU.LU.10	Weiler-la-Tour
LU.ME.01	Berg
LU.ME.02	Bissen
LU.ME.03	Boevange-sur-Attert
LU.ME.04	Fischbach
LU.ME.05	Heffingen
LU.ME.06	Larochette
LU.ME.07	Lintgen
LU.ME.08	Lorentzweiler
LU.ME.09	Mersch
LU.ME.10	Nommern
LU.ME.11	Tuntange
LU.CL.01	Wincrange
LU.CL.03	Clervaux
LU.CL.10	Weiswampach
LU.DI.02	Bettendorf
LU.DI.03	Bourscheid
LU.DI.06	Erpeldange
LU.DI.11	Mertzig
LU.DI.12	Reisdorf
LU.DI.13	Schieren
LU.RD.02	Beckerich
LU.RD.05	Ell
LU.RD.06	Rambrouch
LU.RD.07	Grosbous
LU.RD.09	Redange-sur-Attert
LU.RD.10	Saeul
LU.RD.11	Useldange
LU.RD.12	Vichten
LU.RD.13	Wahl
LU.WI.01	Boulaide
LU.WI.02	Esch-sur-Sûre
LU.WI.04	Goesdorf
LU.WI.13	Winseler
LU.VD.01	Tandel
LU.VD.02	Putscheid
LU.VD.03	Vianden
LU.EC.01	Beaufort
LU.EC.02	Bech
LU.EC.03	Berdorf
LU.EC.04	Consdorf
LU.EC.06	Mompach
LU.EC.07	Rosport
LU.EC.08	Waldbillig
LU.GR.01	Betzdorf
LU.GR.02	Biwer
LU.GR.03	Flaxweiler
LU.GR.05	Junglinster
LU.GR.06	Manternach
LU.GR.07	Mertert
LU.GR.09	Wormeldange
LU.RM.00	Bous
LU.RM.02	Dalheim
LU.RM.03	Lenningen
LU.RM.04	Mondorf-les-Bains
LU.RM.05	Schengen
LU.RM.06	Remich
LU.RM.07	Stadtbredimus
LU.RM.08	Waldbredimus
LU.WI.8641289	Kiischpelt
LU.RD.8641291	Commune de Préizerdaul
LU.DI.8641526	Commune de la Vallée de l'Ernz
LU.CA.8641865	Käerjeng
LU.CL.63	Parc Hosingen
LV.01.0320201	Aizkraukle
LV.DN.0640605	Aizpute
LV.18.0661007	Aloja
LV.15.0624200	Alsungas novads
LV.02.0360201	Alūksne
LV.15.0621209	Skrunda
LV.05.0424746	Drabešu pagasts
LV.08.0460805	Auce
LV.D1.0360805	Ape
LV.95.0804948	Babītes pagasts
LV.04.0400201	Bauska
LV.09.0500201	Gulbene
LV.31.0964762	Kauguru pagasts
LV.27.0840625	Cieceres pagasts
LV.31.0967170	Matīšu pagasts
LV.05.0420201	Cēsis
LV.20.0700807	Cesvaine
LV.AN.0440807	Ilūkste
LV.B5.0801817	Vangaži
LV.14.0601009	Dagda
LV.08.0460201	Dobele
LV.12.0540258	Kalnciema pagasts
LV.28.0885150	Dundagas pagasts
LV.DN.0640888	Tadaiķu pagasts
LV.01.0321007	Jaunjelgava
LV.29.0905182	Smārdes pagasts
LV.20.0705554	Ērgļu pagasts
LV.B5.0806000	Garkalnes pagasts
LV.24.0781817	Viļāni
LV.21.0740605	Ikšķile
LV.04.0406400	Iecavas pagasts
LV.C7.0801864	Inčukalna pagasts
LV.29.0905756	Jaunpils pagasts
LV.11.0090000	Jelgava
LV.19.0681009	Kārsava
LV.12.0540286	Valgundes pagasts
LV.12.0540290	Vilces pagasts
LV.13.0130000	Jūrmala
LV.29.0901211	Kandava
LV.A2.0801009	Olaine
LV.21.0741009	Ķegums
LV.80.0800807	Baloži
LV.21.0741413	Lielvārde
LV.80.0800870	Ķekavas pagasts
LV.05.0421211	Līgatne
LV.31.0960264	Kocēnu pagasts
LV.01.0326160	Kokneses pagasts
LV.14.0600201	Krāslava
LV.16.0170000	Liepāja
LV.C7.0806968	Krimuldas pagasts
LV.31.0250000	Valmiera
LV.15.0620201	Kuldīga
LV.18.0660201	Limbaži
LV.90.0761211	Līvāni
LV.20.0701413	Lubāna
LV.19.0680201	Ludza
LV.95.0807600	Mārupes novads
LV.20.0700268	Liezēres pagasts
LV.20.0700201	Madona
LV.21.0740201	Ogre
LV.28.0880201	Talsi
LV.10.0561815	Viesīte
LV.28.0887600	Mērsraga novads
LV.31.0967372	Naukšēnu pagasts
LV.DN.0641413	Pāvilosta
LV.01.0327170	Neretas pagasts
LV.28.0880217	Valdemārpils
LV.DN.0647978	Nīcas pagasts
LV.01.0321413	Pļaviņas
LV.22.0760201	Preiļi
LV.23.0210000	Rēzekne
LV.05.0427580	Stalbes pagasts
LV.05.0427372	Priekuļu pagasts
LV.D1.0427776	Raunas pagasts
LV.18.0661405	Ainaži
LV.31.0961615	Rūjiena
LV.C3.0801211	Salaspils
LV.22.0766362	Riebiņu pagasts
LV.27.0840201	Saldus
LV.25.0010000	Rīga
LV.28.0888301	Rojas novads
LV.C7.0801615	Sigulda
LV.DN.0648584	Rucavas pagasts
LV.18.0661415	Salacgrīva
LV.10.0568786	Salas pagasts
LV.D1.0941615	Smiltene
LV.31.0941813	Seda
LV.31.0941817	Strenči
LV.C5.0801413	Saulkrasti
LV.01.0328200	Skrīveru pagasts
LV.B5.0809600	Stopiņu pagasts
LV.28.0880213	Sabile
LV.28.0880215	Stende
LV.08.0468988	Tērvetes pagasts
LV.29.0900201	Tukums
LV.DN.0649392	Vaiņodes pagasts
LV.E1.0701817	Varakļāni
LV.05.0429392	Vecpiebalgas pagasts
LV.34.0804400	Ādažu novads
LV.10.0560805	Aknīste
LV.03.0380201	Balvi
LV.80.0800605	Baldone
LV.DN.0641009	Grobiņa
LV.31.0961011	Mazsalaca
LV.12.0546766	Ozolnieku pagasts
LV.DN.0641615	Priekule
LV.30.0940201	Valka
LV.03.0381615	Viļaka
LV.04.0409594	Vecumnieku pagasts
LV.32.0270000	Ventspils
LV.19.0681817	Zilupe
LV.33.0980270	Ugāles pagasts
MA.09.581	Tiznit
MA.01.571	Tetouan
MA.03.561	Taza
MA.09.551	Tata
MA.09.541	Taroudannt
MA.03.531	Taounate
MA.10.521	Tan-Tan
MA.01.511	Tanger-Assilah
MA.04.481	Sidi-Kacem
MA.06.461	Settat Province
MA.04.441	Sale
MA.07.431	Safi
MA.04.421	Rabat
MA.02.411	Oujda-Angad
MA.08.401	Ouarzazate
MA.02.381	Nador
MA.01.331	Larache
MA.05.311	Khouribga Province
MA.05.301	Khenifra
MA.04.291	Khemisset
MA.04.281	Kenitra Province
MA.09.273	Inezgane-Ait Melloul
MA.03.271	Ifrane
MA.10.261	Guelmim
MA.02.251	Figuig
MA.07.211	Essaouira
MA.08.201	Errachidia
MA.07.191	Kelaa-Des-Sraghna
MA.06.181	El-Jadida
MA.01.151	Chefchaouen Province
MA.03.131	Boulemane
MA.06.111	Benslimane
MA.05.091	Beni-Mellal
MA.05.081	Azilal Province
MA.01.051	Al-Hoceima
MA.09.001	Agadir-Ida-ou-Tnan
MA.04.501	Skhirate-Temara
MA.10.071	Assa-Zag
MA.11.221	Es-Semara
MA.03.061	Meknes
MA.07.161	Chichaoua
MA.07.351	Marrakech
MA.03.451	Sefrou
MA.02.113	Berkane
MA.02.275	Jerada
MA.02.533	Taourirt
MA.11.121	Boujdour
MA.09.163	Chtouka-Ait-Baha
MA.07.041	Al-Haouz
MA.06.141	Casablanca
MA.03.591	Moulay-Yacoub
MA.03.171	El-Hajeb
MA.12.066	Aousserd
MA.12.391	Oued-Ed-Dahab
MA.06.385	Nouaceur
MA.03.231	Fes
MA.06.371	Mohammedia
MA.08.587	Zagora
MA.06.355	Mediouna
MA.06.117	Berrechid Province
MA.02.167	Driouch Province
MA.08.577	Tinghir Province
MA.01.405	Ouezzane Province
MA.01.573	M'Diq-Fnideq
MA.04.491	Sidi Slimane
MA.06.467	Sidi Bennour
MA.07.585	Youssoufia
MA.08.363	Midelt
MA.07.427	Rehamna
MA.11.537	Tarfaya
MA.10.473	Sidi Ifni
MA.05.255	Fquih Ben Salah Province
MG.33.33313	Ambatondrazaka District
MG.33.33312	Amparafaravola District
MG.31.31306	Brickaville
MG.11.11106	Manjakandriana
MG.33.33314	Moramanga District
MG.21.21201	Fianarantsoa I
MG.21.21208	Ambohimahasoa
MG.22.22203	Ambositra District
MG.12.12118	Antsirabe II
MG.12.12108	Antsirabe I District
MG.12.12114	Antanifotsy
MG.12.12110	Ambatolampy
MG.42.42413	Antsohihy
MG.42.42412	Befandriana Nord
MG.42.42410	Mandritsara
MG.31.31301	Toamasina I
MG.31.31310	Toamasina II
MG.72.72712	Andapa District
MG.41.41406	Marovoay District
MG.32.32315	Vavatenina District
MG.32.32303	Maroantsetra District
MG.32.32304	Mananara Nord District
MG.53.53517	Betroka District
MG.25.25213	Farafangana District
MG.25.25214	Vangaindrano District
MG.53.53519	Amboasary District
MG.51.51504	Morombe District
MG.42.42414	Bealanana District
MG.51.51505	Ankazoabo District
MG.12.12109	Betafo District
MG.54.54511	Miandrivazo District
MG.51.51520	Toliara II District
MG.51.51501	Toliara I District
MG.33.33316	Andilamena District
MG.22.22202	Ambatofinandrahana District
MG.22.22204	Fandriana District
MG.54.54508	Morondava District
MG.54.54502	Manja District
MG.51.51503	Beroroha District
MG.11.11104	Ankazobe District
MG.11.11103	Ambohidratrimo District
MG.11.11115	Andramasina District
MG.51.51512	Sakaraha District
MG.51.51507	Ampanihy District
MG.51.51506	Betioky District
MG.52.52516	Ambovombe District
MG.52.52513	Beloha District
MG.52.52518	Bekily District
MG.71.71715	Antsiranana I
MG.71.71713	Antsiranana II
MG.52.52514	Tsihombe
MG.53.53515	Taolagnaro
MG.11.11107	Anjozorobe
MG.12.12116	Faratsiho
MG.14.14111	Tsiroanomandidy
MG.14.14119	Fenoarivobe
MG.13.13105	Arivonimamo
MG.13.13112	Miarinarivo
MG.13.13113	Soavinandriana
MG.21.21205	Ambalavao
MG.21.21219	Ikalamavony
MG.26.23211	Ikongo
MG.26.23210	Manakara
MG.41.41401	Mahajanga I
MG.43.43404	Maevatanana
MG.43.43408	Tsaratanana
MG.44.44421	Maintirano
MG.72.72711	Sambava
MG.71.71718	Nosy Be
MG.71.71717	Ambilobe
MG.72.72710	Antalaha
MG.31.31308	Mahanoro
MG.31.31309	Marolambo
MG.32.32305	Fenerive Est
MG.32.32318	Soanierana Ivongo
MG.54.54510	Belo Sur Tsiribihina
MG.71.71719	Ambanja
MG.25.25217	Vondrozo
MG.21.21220	Lalangina
MG.27.23206	Ifanadiana
MG.27.23207	Nosy-Varika
MG.27.23209	Mananjary
MG.24.24216	Ihosy
MG.26.23212	Vohipeno
MG.41.41403	Soalala
MG.41.41405	Ambato Boeni
MG.42.42409	Port-Berge (Boriziny-Vaovao)
MG.42.42411	Analalava
MG.42.42423	Mampikony
MG.44.44402	Besalampy
MG.44.44420	Antsalova
MG.31.31307	Vatomandry
MG.24.24218	Ivohibe
MK.F6.C8	Čair
MK.F6.29	Opstina Gjorce Petrov
MK.F6.32	Gazi Baba
MK.F6.44	Kisela Voda
MK.F6.90	Saraj
MK.F6.A3	Šuto Orizari
MK.F6.F3	Aerodrom
MK.F6.F4	Butel
ML.06.7670554	Koutiala Cercle
ML.07.7701199	Kati Cercle
ML.05.7701202	Segou
ML.08.7701473	Dire
ML.03.7701481	Kayes Cercle
ML.05.7701496	Bla
ML.03.7701501	Kita Cercle
ML.06.7701502	Bougouni Cercle
ML.07.7701503	Koulikoro
ML.06.8631512	Cercle de Kadiolo
ML.05.8631514	Cercle de Niono
ML.05.8631515	Cercle de Macina
ML.09.8631537	Cercle de Bourem
ML.09.8631538	Ansongo Cercle
ML.12070577.8631539	Cercle de Ménaka
MM.08.MMR010D006	Yamethin District
MM.10.MMR005D007	Mawlaik District
MM.16.MMR007D002	Taungoo District
MM.15.MMR009D003	Thayet District
MM.13.MMR011D002	Thaton District
MM.16.MMR008D002	Thayarwady District
MM.12.MMR006D001	Dawei District
MM.10.MMR005D002	Shwebo District
MM.01.MMR012D004	Thandwe District
MM.10.MMR005D001	Sagaing District
MM.03.MMR017D006	Pyapon District
MM.16.MMR008D001	Pyay District
MM.15.MMR009D004	Pakokku District
MM.10.MMR005D008	Hkamti District
MM.04.MMR001D001	Myitkyinā District
MM.08.MMR010D004	Myingyan District
MM.03.MMR017D003	Myaungmya District
MM.15.MMR009D002	Minbu District
MM.12.MMR006D002	Myeik District
MM.08.MMR010D007	Meiktila District
MM.03.MMR017D005	Ma-ubin District
MM.08.MMR010D001	Mandalay District
MM.15.MMR009D001	Magway District
MM.08.MMR010D003	Kyaukse District
MM.01.MMR012D003	Kyaunkpyu District
MM.10.MMR005D004	Katha District
MM.03.MMR017D002	Hinthada District
MM.16.MMR007D001	Bago District
MM.04.MMR001D003	Bhamo District
MM.03.MMR017D001	Pathein District
MM.01.MMR012D001	Sittwe District
MM.01.MMR012D002	Maungdaw District
MM.03.MMR017D004	Labutta District
MM.04.MMR001D004	Putao District
MM.04.MMR001D002	Mohnyin District
MM.05.MMR003D001	Hpa-an District
MM.05.MMR003D002	Myawaddy District
MM.05.MMR003D003	Kawkareik District
MM.06.MMR002D001	Loikaw District
MM.08.MMR010D005	Nyaung-U District
MM.08.MMR010D002	Pyin Oo Lwin District
MM.10.MMR005D005	Kale District
MM.10.MMR005D006	Tamu District
MM.11.MMR014D001	Taunggyi District
MM.11.MMR016D003	Tachileik District
MM.11.MMR015D003	Kyaukme District
MM.11.MMR015D002	Mu Se District
MM.11.MMR014D002	Loilem District
MM.11.MMR016D001	Kengtung District
MM.11.MMR015D001	Lashio District
MM.12.MMR006D003	Kawthaung District
MM.13.MMR011D001	Mawlamyine District
MM.15.MMR009D005	Gangaw District
MM.17.MMR013D003	Yangon South District
MM.17.MMR013D004	West Yangon District
MM.02.MMR004D001	Falam
MM.02.MMR004D003	Hakha
MM.05.MMR003D004	Hpapun
MM.18.MMR018D002	Nay Pyi Taw (South)
MM.01.MMR012D005	Mrauk-U
MM.10.MMR005D003	Monywa
MM.17.MMR013D002	East Yangon District
MM.17.MMR013D001	Yangon (North)
MM.11.MMR015D005	Laukkaing
MM.11.MMR015D007	Matman
MN.21.6618895	Bulgan District
MN.13.6619011	Tosontsengel
MN.01.6619031	Tüvshrüüleh
MN.19.6619163	Böhmörön
MN.12.6987811	Bulgan District
MN.13.6987860	Ih-Uul Sum
MQ.MQ.972	Martinique
MR.05.7910308	Aleg
MR.06.8051339	Ouad Naga
MR.06.8051340	Mederdra
MR.15.9212577	Arafat
MR.14.9212580	Dar Naim
MR.03.9212602	Guerou
MR.04.9212603	Maghama
MR.06.9212604	R'Kiz
MR.07.9212615	Aoujeft
MR.05.9212619	Bababe
MR.08.9212637	Nouadhibou
MR.01.9222754	Bassiknou
MW.N.04	Chitipa District
MW.S.23	Zomba District
MW.C.22	Salima District
MW.N.21	Rumphi District
MW.C.20	Ntchisi District
MW.S.19	Nsanje District
MW.C.18	Nkhotakota District
MW.N.17	Nkhata Bay District
MW.C.16	Ntcheu District
MW.N.15	Mzimba District
MW.S.25	Mwanza District
MW.S.29	Mulanje District
MW.C.13	Mchinji District
MW.S.12	Mangochi District
MW.S.28	Machinga District
MW.C.11	Lilongwe District
MW.C.09	Kasungu District
MW.N.08	Karonga District
MW.C.07	Dowa District
MW.C.06	Dedza District
MW.S.05	Thyolo District
MW.S.03	Chiradzulu District
MW.S.02	Chikwawa District
MW.S.24	Blantyre District
MW.S.26	Balaka District
MW.N.27	Likoma District
MW.S.30	Phalombe District
MW.S.31	Neno District
MX.03.008	Los Cabos
MX.03.009	Loreto
MX.03.003	La Paz
MX.03.002	Mulegé
MX.03.001	Comondú
MX.02.001	Ensenada
MX.02.002	Mexicali
MX.02.003	Tecate
MX.02.004	Tijuana
MX.02.005	Playas de Rosarito
MX.01.001	Aguascalientes
MX.01.002	Asientos
MX.01.003	Calvillo
MX.01.004	Cosío
MX.01.005	Jesús María
MX.01.006	Pabellón de Arteaga
MX.01.007	Rincón de Romos
MX.01.008	San José de Gracia
MX.01.009	Tepezalá
MX.01.010	El Llano
MX.01.011	San Francisco de los Romo
MX.04.001	Calkiní
MX.04.002	Campeche
MX.04.003	Carmen
MX.04.004	Champotón
MX.04.005	Hecelchakán
MX.04.007	Palizada
MX.04.008	Tenabo
MX.04.009	Escárcega
MX.04.010	Calakmul
MX.04.011	Candelaria
MX.17.017	Puente de Ixtla
MX.05.001	Acacoyagua
MX.05.002	Acala
MX.05.003	Acapetahua
MX.05.113	Aldama
MX.05.004	Altamirano
MX.05.005	Amatán
MX.05.006	Amatenango de la Frontera
MX.05.007	Amatenango del Valle
MX.05.008	Ángel Albino Corzo
MX.05.009	Arriaga
MX.05.010	Bejucal de Ocampo
MX.05.011	Bella Vista
MX.05.114	Benemérito de las Américas
MX.05.012	Berriozábal
MX.05.013	Bochil
MX.05.014	El Bosque
MX.05.015	Cacahoatán
MX.05.016	Catazajá
MX.05.022	Chalchihuitán
MX.05.023	Chamula
MX.05.024	Chanal
MX.05.025	Chapultenango
MX.05.026	Chenalhó
MX.05.027	Chiapa de Corzo
MX.05.028	Chiapilla
MX.05.029	Chicoasén
MX.05.030	Chicomuselo
MX.05.031	Chilón
MX.05.017	Cintalapa
MX.05.018	Coapilla
MX.05.019	Comitán Municipality
MX.05.020	La Concordia
MX.05.021	Copainalá
MX.05.032	Escuintla
MX.05.033	Francisco León
MX.28.032	Reynosa
MX.06.063	Temósachic
MX.14.019	Bolaños
MX.30.071	Huatusco
MX.05.078	San Cristobal De Casas
MX.10.026	San Dimas
MX.15.115	Xonacatlan
MX.15.057	Naucalpan de Juárez
MX.15.033	Ecatepec de Morelos
MX.15.002	Acolman de Nezahualcóyotl
MX.09.010	Álvaro Obregón
MX.15.009	Amecameca
MX.15.010	Apaxco
MX.15.011	Atenco
MX.15.013	Atizapán de Zaragoza
MX.15.015	Atlautla
MX.15.016	Axapusco
MX.15.017	Ayapango
MX.09.002	Azcapotzalco
MX.09.014	Benito Juárez
MX.15.025	Chalco
MX.15.028	Chiautla
MX.15.029	Chicoloapan
MX.15.030	Chiconcuac
MX.15.031	Chimalhuacán
MX.15.020	Coacalco
MX.15.022	Cocotitlán
MX.09.003	Coyoacán
MX.15.023	Coyotepec
MX.09.004	Cuajimalpa de Morelos
MX.09.015	Cuauhtémoc
MX.15.024	Cuautitlán
MX.15.034	Ecatzingo
MX.09.005	Gustavo A. Madero
MX.15.035	Huehuetoca
MX.15.036	Hueypoxtla
MX.15.037	Huixquilucan
MX.15.121	Cuautitlán Izcalli
MX.15.039	Ixtapaluca
MX.09.006	Iztacalco
MX.09.007	Iztapalapa
MX.15.044	Jaltenco
MX.15.050	Juchitepec
MX.09.008	Magdalena Contreras
MX.15.053	Melchor Ocampo
MX.09.016	Miguel Hidalgo
MX.09.009	Milpa Alta
MX.15.059	Nextlalpan
MX.15.058	Ciudad Nezahualcóyotl
MX.15.060	Nicolás Romero
MX.15.061	Nopaltepec
MX.15.065	Otumba
MX.15.068	Ozumba
MX.15.069	Papalotla
MX.15.075	San Martín de las Pirámides
MX.15.081	Tecámac
MX.15.083	Temamatla
MX.15.084	Temascalapa
MX.15.089	Tenango del Aire
MX.15.091	Teoloyucan
MX.15.092	Teotihuacán
MX.15.093	Tepetlaoxtoc
MX.13.069	Tizayuca
MX.09.011	Tláhuac
MX.09.012	Tlalpan
MX.09.017	Venustiano Carranza
MX.09.013	Xochimilco
MX.15.095	Tepotzotlán
MX.15.099	Texcoco
MX.15.100	Tezoyuca
MX.15.104	Tlalnepantla de Baz
MX.15.108	Tultepec
MX.15.109	Tultitlán
MX.15.122	Valle de Chalco Solidaridad
MX.15.120	Zumpango
MX.15.094	Tepetlixpa
MX.15.096	Tequixquiac
MX.15.112	Villa del Carbón
MX.32.004	Benito Juárez
MX.26.071	Benito Juárez
MX.05.102	Tuxtla Chico
MX.14.109	Unión de San Antonio
MX.08.006	Ixtlahuacán
MX.08.007	Manzanillo
MX.23.005	Benito Juárez
MX.12.014	Benito Juárez
MX.32.008	Cuauhtémoc
MX.28.002	Aldama
MX.32.024	Loreto
MX.21.194	Venustiano Carranza
MX.16.103	Venustiano Carranza
MX.05.106	Venustiano Carranza
MX.21.047	Chiautla
MX.14.048	Jesús María
MX.21.037	Coyotepec
MX.05.035	Frontera Hidalgo
MX.05.036	La Grandeza
MX.05.037	Huehuetán
MX.05.038	Huixtán
MX.05.039	Huitiupán
MX.08.005	Cuauhtémoc
MX.05.040	Huixtla
MX.05.041	La Independencia
MX.05.042	Ixhuatán
MX.05.043	Ixtacomitán
MX.05.044	Ixtapa
MX.05.045	Ixtapangajoya
MX.05.046	Jiquipilas
MX.05.047	Jitotol
MX.05.048	Juárez
MX.05.049	Larráinzar
MX.05.050	La Libertad
MX.05.051	Mapastepec
MX.05.052	Las Margaritas
MX.05.053	Mazapa de Madero
MX.05.054	Mazatán
MX.05.055	Metapa
MX.05.056	Mitontic
MX.05.057	Motozintla
MX.05.058	Nicolás Ruíz
MX.05.059	Ocosingo
MX.05.060	Ocotepec
MX.05.061	Ocozocoautla de Espinosa
MX.05.062	Ostuacán
MX.05.063	Osumacinta
MX.05.064	Oxchuc
MX.05.065	Palenque
MX.05.066	Pantelhó
MX.05.067	Pantepec
MX.05.068	Pichucalco
MX.05.069	Pijijiapan
MX.05.070	El Porvenir
MX.05.071	Villa Comaltitlán
MX.05.072	Pueblo Nuevo Solistahuacán
MX.05.073	Rayón
MX.05.074	Reforma
MX.05.075	Las Rosas
MX.05.076	Sabanilla
MX.05.077	Salto de Agua
MX.05.079	San Fernando
MX.05.080	Siltepec
MX.05.081	Simojovel
MX.05.082	Sitalá
MX.05.083	Socoltenango
MX.05.084	Solosuchiapa
MX.05.085	Soyaló
MX.05.086	Suchiapa
MX.05.087	Suchiate
MX.05.089	Tapachula
MX.05.090	Tapalapa
MX.05.091	Tapilula
MX.05.092	Tecpatán
MX.05.093	Tenejapa
MX.05.094	Teopisca
MX.05.096	Tila
MX.05.097	Tonalá
MX.05.098	Totolapa
MX.05.099	La Trinitaria
MX.05.100	Tumbalá
MX.05.101	Tuxtla Gutiérrez
MX.05.103	Tuzantán
MX.05.104	Tzimol
MX.05.105	Unión Juárez
MX.05.107	Villa Corzo
MX.05.108	Villaflores
MX.05.109	Yajalón
MX.05.110	San Lucas
MX.05.111	Zinacantán
MX.05.112	San Juan Cancuc
MX.05.115	Maravilla Tenejapa
MX.05.116	Marqués de Comillas
MX.05.117	Montecristo de Guerrero
MX.05.118	San Andrés Duraznal
MX.05.119	Santiago el Pinar
MX.06.001	Ahumada
MX.06.003	Allende
MX.06.004	Aquiles Serdán
MX.06.005	Ascensión
MX.06.006	Bachíniva
MX.06.007	Balleza
MX.06.009	Bocoyna
MX.06.010	Buenaventura
MX.06.011	Camargo
MX.06.012	Carichí
MX.06.013	Casas Grandes
MX.06.014	Coronado
MX.06.015	Coyame del Sotol
MX.06.016	La Cruz
MX.06.018	Cusihuiriachi
MX.06.019	Chihuahua
MX.06.020	Chínipas
MX.06.021	Delicias
MX.06.022	Dr. Belisario Domínguez
MX.06.023	Galeana
MX.06.024	Santa Isabel
MX.06.025	Gómez Farías
MX.06.026	Gran Morelos
MX.06.027	Guachochi
MX.06.028	Guadalupe
MX.06.029	Guadalupe y Calvo
MX.06.030	Guazapares
MX.06.031	Guerrero
MX.06.017	Cuauhtémoc
MX.06.002	Aldama
MX.06.043	Matachí
MX.06.044	Matamoros
MX.06.045	Meoqui
MX.06.046	Morelos
MX.06.047	Moris
MX.06.048	Namiquipa
MX.06.049	Nonoava
MX.06.050	Nuevo Casas Grandes
MX.06.051	Ocampo
MX.06.052	Ojinaga
MX.06.053	Praxedis G. Guerrero
MX.06.054	Riva Palacio
MX.06.055	Rosales
MX.06.056	Rosario
MX.06.057	San Francisco de Borja
MX.06.058	San Francisco de Conchos
MX.06.059	San Francisco del Oro
MX.06.060	Santa Bárbara
MX.06.062	Saucillo
MX.06.064	El Tule
MX.06.065	Urique
MX.06.066	Uruachi
MX.06.067	Valle de Zaragoza
MX.10.001	Canatlán
MX.10.002	Canelas
MX.10.003	Coneto de Comonfort
MX.10.004	Cuencamé
MX.10.005	Durango
MX.10.006	General Simón Bolívar
MX.10.007	Gómez Palacio
MX.10.008	Guadalupe Victoria
MX.10.009	Guanaceví
MX.10.010	Hidalgo
MX.10.011	Indé
MX.10.012	Lerdo
MX.10.013	Mapimí
MX.10.014	Mezquital
MX.10.015	Nazas
MX.10.016	Nombre de Dios
MX.10.017	Ocampo
MX.10.018	El Oro
MX.10.019	Otáez
MX.10.020	Pánuco de Coronado
MX.10.021	Peñón Blanco
MX.10.022	Poanas
MX.10.023	Pueblo Nuevo
MX.10.024	Rodeo
MX.10.025	San Bernardo
MX.10.027	San Juan de Guadalupe
MX.10.028	San Juan del Río
MX.10.029	San Luis del Cordero
MX.10.030	San Pedro del Gallo
MX.10.031	Santa Clara
MX.10.032	Santiago Papasquiaro
MX.10.033	Súchil
MX.10.034	Tamazula
MX.10.035	Tepehuanes
MX.10.036	Tlahualilo
MX.10.037	Topia
MX.10.038	Vicente Guerrero
MX.10.039	Nuevo Ideal
MX.11.001	Abasolo
MX.11.002	Acámbaro
MX.11.003	San Miguel de Allende
MX.11.004	Apaseo el Alto
MX.11.005	Apaseo el Grande
MX.11.006	Atarjea
MX.11.007	Celaya
MX.11.008	Manuel Doblado
MX.11.009	Comonfort
MX.11.010	Coroneo
MX.11.011	Cortazar
MX.11.012	Cuerámaro
MX.11.013	Doctor Mora
MX.11.014	Dolores Hidalgo Cuna de la Independencia Nacional
MX.11.015	Guanajuato
MX.11.016	Huanímaro
MX.11.017	Irapuato
MX.11.018	Jaral del Progreso
MX.11.019	Jerécuaro
MX.11.020	León
MX.11.021	Moroleón
MX.11.022	Ocampo
MX.11.023	Pénjamo
MX.11.024	Pueblo Nuevo
MX.11.025	Purísima del Rincón
MX.11.026	Romita
MX.11.027	Salamanca
MX.11.028	Salvatierra
MX.11.029	San Diego de la Unión
MX.11.030	San Felipe
MX.11.031	San Francisco del Rincón
MX.11.032	San José Iturbide
MX.11.033	San Luis de la Paz
MX.11.034	Santa Catarina
MX.11.035	Santa Cruz de Juventino Rosas
MX.11.036	Santiago Maravatío
MX.11.037	Silao de la Victoria
MX.11.038	Tarandacuao
MX.11.039	Tarimoro
MX.11.040	Tierra Blanca
MX.11.041	Uriangato
MX.11.042	Valle de Santiago
MX.11.043	Victoria
MX.11.044	Villagrán
MX.11.045	Xichú
MX.11.046	Yuriria
MX.12.001	Acapulco de Juárez
MX.12.002	Ahuacuotzingo
MX.12.003	Ajuchitlán del Progreso
MX.12.004	Alcozauca de Guerrero
MX.12.005	Alpoyeca
MX.12.006	Apaxtla
MX.12.007	Arcelia
MX.12.008	Atenango del Río
MX.12.009	Atlamajalcingo del Monte
MX.12.010	Atlixtac
MX.12.011	Atoyac de Álvarez
MX.12.012	Ayutla de los Libres
MX.12.013	Azoyú
MX.12.015	Buenavista de Cuéllar
MX.12.016	Coahuayutla de José María Izazaga
MX.12.017	Cocula
MX.12.018	Copala
MX.12.019	Copalillo
MX.12.020	Copanatoyac
MX.12.021	Coyuca de Benítez
MX.12.022	Coyuca de Catalán
MX.13.047	Pacula
MX.12.023	Cuajinicuilapa
MX.12.024	Cualác
MX.12.025	Cuautepec
MX.12.026	Cuetzala del Progreso
MX.12.027	Cutzamala de Pinzón
MX.12.028	Chilapa de Álvarez
MX.12.029	Chilpancingo de los Bravo
MX.12.030	Florencio Villarreal
MX.12.031	General Canuto A. Neri
MX.12.032	General Heliodoro Castillo
MX.12.033	Huamuxtitlán
MX.12.034	Huitzuco de los Figueroa
MX.12.035	Iguala de la Independencia
MX.12.036	Igualapa
MX.12.037	Ixcateopan de Cuauhtémoc
MX.12.038	Zihuatanejo de Azueta
MX.12.039	Juan R. Escudero
MX.12.040	Leonardo Bravo
MX.12.041	Malinaltepec
MX.12.042	Mártir de Cuilapan
MX.12.043	Metlatónoc
MX.12.044	Mochitlán
MX.12.045	Olinalá
MX.12.046	Ometepec
MX.12.047	Pedro Ascencio Alquisiras
MX.12.048	Petatlán
MX.12.049	Pilcaya
MX.12.050	Pungarabato
MX.12.051	Quechultenango
MX.12.052	San Luis Acatlán
MX.12.053	San Marcos
MX.12.054	San Miguel Totolapan
MX.12.055	Taxco de Alarcón
MX.12.056	Tecoanapa
MX.12.057	Técpan de Galeana
MX.12.058	Teloloapan
MX.12.059	Tepecoacuilco de Trujano
MX.12.060	Tetipac
MX.12.061	Tixtla de Guerrero
MX.12.062	Tlacoachistlahuaca
MX.12.063	Tlacoapa
MX.12.064	Tlalchapa
MX.12.065	Tlalixtaquilla de Maldonado
MX.12.066	Tlapa de Comonfort
MX.12.067	Tlapehuala
MX.12.068	La Unión de Isidoro Montes de Oca
MX.12.069	Xalpatláhuac
MX.12.070	Xochihuehuetlán
MX.12.071	Xochistlahuaca
MX.12.072	Zapotitlán Tablas
MX.12.073	Zirándaro
MX.12.074	Zitlala
MX.12.075	Eduardo Neri
MX.12.076	Acatepec
MX.12.078	Cochoapa el Grande
MX.12.079	José Joaquín de Herrera
MX.12.080	Juchitán
MX.12.081	Iliatenco
MX.13.001	Acatlán
MX.13.002	Acaxochitlán
MX.13.003	Actopan
MX.13.004	Agua Blanca de Iturbide
MX.13.005	Ajacuba
MX.13.006	Alfajayucan
MX.13.007	Almoloya
MX.13.008	Apan
MX.13.009	El Arenal
MX.13.010	Atitalaquia
MX.13.011	Atlapexco
MX.13.012	Atotonilco el Grande
MX.13.013	Atotonilco de Tula
MX.13.014	Calnali
MX.13.015	Cardonal
MX.13.016	Cuautepec de Hinojosa
MX.13.017	Chapantongo
MX.13.018	Chapulhuacán
MX.13.019	Chilcuautla
MX.13.020	Eloxochitlán
MX.13.021	Emiliano Zapata
MX.13.022	Epazoyucan
MX.13.023	Francisco I. Madero
MX.13.024	Huasca de Ocampo
MX.13.025	Huautla
MX.13.026	Huazalingo
MX.13.027	Huehuetla
MX.13.028	Huejutla de Reyes
MX.13.029	Huichapan
MX.13.030	Ixmiquilpan
MX.13.031	Jacala de Ledezma
MX.13.032	Jaltocán
MX.13.033	Juárez Hidalgo
MX.13.034	Lolotla
MX.13.035	Metepec
MX.13.036	San Agustín Metzquititlán
MX.13.037	Metztitlán
MX.13.038	Mineral del Chico
MX.13.039	Mineral del Monte
MX.13.040	La Misión
MX.13.041	Mixquiahuala de Juárez
MX.13.042	Molango de Escamilla
MX.13.043	Nicolás Flores
MX.13.044	Nopala de Villagrán
MX.13.045	Omitlán de Juárez
MX.13.046	San Felipe Orizatlán
MX.13.048	Pachuca de Soto
MX.13.049	Pisaflores
MX.13.050	Progreso de Obregón
MX.13.051	Mineral de la Reforma
MX.13.052	San Agustín Tlaxiaca
MX.13.053	San Bartolo Tutotepec
MX.13.054	San Salvador
MX.13.055	Santiago de Anaya
MX.13.056	Santiago Tulantepec de Lugo Guerrero
MX.13.057	Singuilucan
MX.13.058	Tasquillo
MX.13.059	Tecozautla
MX.13.060	Tenango de Doria
MX.13.061	Tepeapulco
MX.13.062	Tepehuacán de Guerrero
MX.13.063	Tepeji del Río de Ocampo
MX.13.064	Tepetitlán
MX.13.065	Tetepango
MX.13.066	Villa de Tezontepec
MX.13.067	Tezontepec de Aldama
MX.13.068	Tianguistengo
MX.13.070	Tlahuelilpan
MX.13.071	Tlahuiltepa
MX.13.072	Tlanalapa
MX.13.073	Tlanchinol
MX.13.074	Tlaxcoapan
MX.13.075	Tolcayuca
MX.13.076	Tula de Allende
MX.13.077	Tulancingo de Bravo
MX.13.078	Xochiatipan
MX.13.079	Xochicoatlán
MX.13.080	Yahualica
MX.13.081	Zacualtipán de Ángeles
MX.13.082	Zapotlán de Juárez
MX.13.083	Zempoala
MX.13.084	Zimapán
MX.14.001	Acatic
MX.14.002	Acatlán de Juárez
MX.14.003	Ahualulco de Mercado
MX.14.004	Amacueca
MX.14.005	Amatitán
MX.14.006	Ameca
MX.14.007	San Juanito de Escobedo
MX.14.008	Arandas
MX.14.009	El Arenal
MX.14.010	Atemajac de Brizuela
MX.14.011	Atengo
MX.14.012	Atenguillo
MX.14.013	Atotonilco el Alto
MX.14.014	Atoyac
MX.14.015	Autlán de Navarro
MX.14.016	Ayotlán
MX.14.018	La Barca
MX.14.020	Cabo Corrientes
MX.14.021	Casimiro Castillo
MX.14.022	Cihuatlán
MX.14.023	Zapotlán el Grande
MX.14.024	Cocula
MX.14.025	Colotlán
MX.14.026	Concepción de Buenos Aires
MX.14.027	Cuautitlán de García Barragán
MX.14.028	Cuautla
MX.14.029	Cuquío
MX.14.030	Chapala
MX.14.032	Chiquilistlán
MX.14.033	Degollado
MX.14.034	Ejutla
MX.14.035	Encarnación de Díaz
MX.14.036	Etzatlán
MX.14.037	El Grullo
MX.14.038	Guachinango
MX.14.039	Guadalajara
MX.14.040	Hostotipaquillo
MX.14.041	Huejúcar
MX.14.042	Huejuquilla el Alto
MX.14.043	La Huerta
MX.14.044	Ixtlahuacán de los Membrillos
MX.14.045	Ixtlahuacán del Río
MX.14.046	Jalostotitlán
MX.14.047	Jamay
MX.14.049	Jilotlán de los Dolores
MX.14.050	Jocotepec
MX.14.051	Juanacatlán
MX.14.052	Juchitlán
MX.14.053	Lagos de Moreno
MX.14.054	El Limón
MX.14.055	Magdalena
MX.14.056	Santa María del Oro
MX.14.057	La Manzanilla de la Paz
MX.14.058	Mascota
MX.14.059	Mazamitla
MX.14.060	Mexticacán
MX.14.061	Mezquitic
MX.14.062	Mixtlán
MX.14.063	Ocotlán
MX.14.064	Ojuelos de Jalisco
MX.14.065	Pihuamo
MX.14.066	Poncitlán
MX.14.067	Puerto Vallarta
MX.14.068	Villa Purificación
MX.14.069	Quitupan
MX.14.070	El Salto
MX.14.071	San Cristóbal de la Barranca
MX.14.072	San Diego de Alejandría
MX.14.073	San Juan de los Lagos
MX.14.074	San Julián
MX.14.075	San Marcos
MX.14.076	San Martín de Bolaños
MX.14.077	San Martín Hidalgo
MX.14.078	San Miguel el Alto
MX.14.079	Gómez Farías
MX.14.080	San Sebastián del Oeste
MX.14.081	Santa María de los Ángeles
MX.14.082	Sayula
MX.14.083	Tala
MX.14.084	Talpa de Allende
MX.14.085	Tamazula de Gordiano
MX.14.086	Tapalpa
MX.14.087	Tecalitlán
MX.14.088	Tecolotlán
MX.14.089	Techaluta de Montenegro
MX.14.090	Tenamaxtlán
MX.14.091	Teocaltiche
MX.14.092	Teocuitatlán de Corona
MX.14.093	Tepatitlán de Morelos
MX.14.094	Tequila
MX.14.095	Teuchitlán
MX.14.096	Tizapán el Alto
MX.14.097	Tlajomulco de Zúñiga
MX.14.098	San Pedro Tlaquepaque
MX.14.099	Tolimán
MX.14.100	Tomatlán
MX.14.101	Tonalá
MX.14.102	Tonaya
MX.14.103	Tonila
MX.14.104	Totatiche
MX.14.105	Tototlán
MX.14.106	Tuxcacuesco
MX.14.107	Tuxcueca
MX.14.108	Tuxpan
MX.14.110	Unión de Tula
MX.14.111	Valle de Guadalupe
MX.14.112	Valle de Juárez
MX.14.113	San Gabriel
MX.14.114	Villa Corona
MX.14.115	Villa Guerrero
MX.14.116	Villa Hidalgo
MX.14.117	Cañadas de Obregón
MX.14.118	Yahualica de González Gallo
MX.14.119	Zacoalco de Torres
MX.14.120	Zapopan
MX.14.121	Zapotiltic
MX.14.122	Zapotitlán de Vadillo
MX.15.056	Morelos
MX.15.062	Ocoyoacac
MX.15.063	Ocuilan
MX.15.064	El Oro
MX.15.066	Otzoloapan
MX.15.067	Otzolotepec
MX.15.071	Polotitlán
MX.15.072	Rayón
MX.15.073	San Antonio la Isla
MX.15.074	San Felipe del Progreso
MX.15.076	San Mateo Atenco
MX.15.077	San Simón de Guerrero
MX.15.078	Santo Tomás
MX.15.079	Soyaniquilpan de Juárez
MX.15.080	Sultepec
MX.15.082	Tejupilco
MX.15.085	Temascalcingo
MX.15.086	Temascaltepec
MX.15.087	Temoaya
MX.15.088	Tenancingo
MX.15.090	Tenango del Valle
MX.15.097	Texcaltitlán
MX.15.098	Texcalyacac
MX.15.101	Tianguistenco
MX.15.102	Timilpan
MX.15.103	Tlalmanalco
MX.15.105	Tlatlaya
MX.15.070	La Paz
MX.15.114	Villa Victoria
MX.15.116	Zacazonapan
MX.15.117	Zacualpan
MX.15.118	Zinacantepec
MX.15.119	Zumpahuacán
MX.15.123	Luvianos
MX.15.124	San José del Rincón
MX.15.125	Tonanitla
MX.16.001	Acuitzio
MX.16.002	Aguililla
MX.16.004	Angamacutiro
MX.16.005	Angangueo
MX.16.006	Apatzingán
MX.16.007	Aporo
MX.16.008	Aquila
MX.16.009	Ario
MX.16.010	Arteaga
MX.16.011	Briseñas
MX.16.012	Buenavista
MX.16.013	Carácuaro
MX.16.014	Coahuayana
MX.16.015	Coalcomán de Vázquez Pallares
MX.16.016	Coeneo
MX.16.017	Contepec
MX.16.018	Copándaro
MX.16.019	Cotija
MX.16.020	Cuitzeo
MX.16.021	Charapan
MX.16.022	Charo
MX.16.023	Chavinda
MX.16.024	Cherán
MX.16.025	Chilchota
MX.16.026	Chinicuila
MX.16.027	Chucándiro
MX.16.028	Churintzio
MX.16.029	Churumuco
MX.16.030	Ecuandureo
MX.16.031	Epitacio Huerta
MX.16.032	Erongarícuaro
MX.16.033	Gabriel Zamora
MX.19.028	Higueras
MX.16.034	Hidalgo
MX.16.035	La Huacana
MX.16.036	Huandacareo
MX.16.037	Huaniqueo
MX.16.038	Huetamo
MX.16.039	Huiramba
MX.16.040	Indaparapeo
MX.16.041	Irimbo
MX.16.042	Ixtlán
MX.16.043	Jacona
MX.16.044	Jiménez
MX.16.045	Jiquilpan
MX.16.046	Juárez
MX.16.047	Jungapeo
MX.16.048	Lagunillas
MX.16.049	Madero
MX.16.050	Maravatío
MX.16.051	Marcos Castellanos
MX.16.052	Lázaro Cárdenas
MX.16.053	Morelia
MX.16.055	Múgica
MX.16.056	Nahuatzen
MX.16.057	Nocupétaro
MX.16.058	Nuevo Parangaricutiro
MX.16.059	Nuevo Urecho
MX.16.060	Numarán
MX.16.061	Ocampo
MX.16.062	Pajacuarán
MX.16.063	Panindícuaro
MX.16.064	Parácuaro
MX.16.065	Paracho
MX.16.066	Pátzcuaro
MX.16.067	Penjamillo
MX.16.068	Peribán
MX.16.069	La Piedad
MX.16.070	Purépero
MX.16.071	Puruándiro
MX.16.072	Queréndaro
MX.16.073	Quiroga
MX.16.074	Cojumatlán de Régules
MX.16.075	Los Reyes
MX.16.076	Sahuayo
MX.16.077	San Lucas
MX.16.078	Santa Ana Maya
MX.16.079	Salvador Escalante
MX.16.080	Senguio
MX.16.081	Susupuato
MX.16.082	Tacámbaro
MX.16.083	Tancítaro
MX.16.084	Tangamandapio
MX.16.085	Tangancícuaro
MX.16.086	Tanhuato
MX.16.087	Taretan
MX.16.088	Tarímbaro
MX.16.089	Tepalcatepec
MX.16.090	Tingambato
MX.16.003	Álvaro Obregón
MX.16.091	Tingüindín
MX.16.092	Tiquicheo de Nicolás Romero
MX.16.093	Tlalpujahua
MX.16.096	Tumbiscatío
MX.16.097	Turicato
MX.16.098	Tuxpan
MX.16.099	Tuzantla
MX.16.100	Tzintzuntzan
MX.16.101	Tzitzio
MX.16.102	Uruapan
MX.16.104	Villamar
MX.16.105	Vista Hermosa
MX.16.106	Yurécuaro
MX.16.107	Zacapu
MX.16.108	Zamora
MX.16.109	Zináparo
MX.16.110	Zinapécuaro
MX.16.111	Ziracuaretiro
MX.16.112	Zitácuaro
MX.16.113	José Sixto Verduzco
MX.17.001	Amacuzac
MX.17.002	Atlatlahucan
MX.17.003	Axochiapan
MX.17.004	Ayala
MX.17.005	Coatlán del Río
MX.17.006	Cuautla
MX.17.007	Cuernavaca
MX.17.008	Emiliano Zapata
MX.17.009	Huitzilac
MX.17.010	Jantetelco
MX.17.011	Jiutepec
MX.17.012	Jojutla
MX.17.013	Jonacatepec
MX.17.014	Mazatepec
MX.17.015	Miacatlán
MX.17.016	Ocuituco
MX.17.018	Temixco
MX.17.019	Tepalcingo
MX.17.020	Tepoztlán
MX.17.021	Tetecala
MX.17.022	Tetela del Volcán
MX.17.023	Tlalnepantla
MX.17.024	Tlaltizapán de Zapata
MX.17.025	Tlaquiltenango
MX.17.026	Tlayacapan
MX.17.027	Totolapan
MX.17.028	Xochitepec
MX.17.029	Yautepec
MX.17.030	Yecapixtla
MX.17.031	Zacatepec
MX.17.032	Zacualpan
MX.17.033	Temoac
MX.18.001	Acaponeta
MX.18.002	Ahuacatlán
MX.18.003	Amatlán de Cañas
MX.18.004	Compostela
MX.18.005	Huajicori
MX.18.006	Ixtlán del Río
MX.18.007	Jala
MX.18.008	Xalisco
MX.18.009	Del Nayar
MX.18.010	Rosamorada
MX.18.011	Ruíz
MX.18.012	San Blas
MX.18.013	San Pedro Lagunillas
MX.18.014	Santa María del Oro
MX.18.015	Santiago Ixcuintla
MX.18.016	Tecuala
MX.18.017	Tepic
MX.18.018	Tuxpan
MX.18.019	La Yesca
MX.18.020	Bahía de Banderas
MX.19.001	Abasolo
MX.19.002	Agualeguas
MX.19.004	Allende
MX.19.005	Anáhuac
MX.19.006	Apodaca
MX.19.007	Aramberri
MX.19.008	Bustamante
MX.19.009	Cadereyta Jiménez
MX.19.010	El Carmen
MX.19.011	Cerralvo
MX.19.012	Ciénega de Flores
MX.19.013	China
MX.19.014	Doctor Arroyo
MX.19.016	Doctor González
MX.19.017	Galeana
MX.19.018	García
MX.19.019	San Pedro Garza García
MX.19.020	General Bravo
MX.19.021	General Escobedo
MX.19.022	General Terán
MX.19.023	General Treviño
MX.19.024	General Zaragoza
MX.19.025	General Zuazua
MX.19.026	Guadalupe
MX.19.027	Los Herreras
MX.19.029	Hualahuises
MX.19.030	Iturbide
MX.19.031	Juárez
MX.19.032	Lampazos de Naranjo
MX.19.033	Linares
MX.19.034	Marín
MX.21.206	Zacapala
MX.19.036	Mier y Noriega
MX.19.037	Mina
MX.19.038	Montemorelos
MX.19.039	Monterrey
MX.19.041	Pesquería
MX.19.042	Los Ramones
MX.19.044	Sabinas Hidalgo
MX.19.045	Salinas Victoria
MX.19.046	San Nicolás de los Garza
MX.19.047	Hidalgo
MX.19.048	Santa Catarina
MX.19.049	Santiago
MX.19.051	Villaldama
MX.20.001	Abejones
MX.20.002	Acatlán de Pérez Figueroa
MX.20.005	Asunción Ixtaltepec
MX.20.006	Asunción Nochixtlán
MX.20.007	Asunción Ocotlán
MX.20.008	Asunción Tlacolulita
MX.20.009	Ayotzintepec
MX.20.010	El Barrio de la Soledad
MX.20.011	Calihualá
MX.20.012	Candelaria Loxicha
MX.20.013	Ciénega de Zimatlán
MX.20.014	Ciudad Ixtepec
MX.20.015	Coatecas Altas
MX.20.016	Coicoyán de las Flores
MX.20.017	La Compañía
MX.20.020	Constancia del Rosario
MX.20.021	Cosolapa
MX.20.022	Cosoltepec
MX.20.023	Cuilápam de Guerrero
MX.20.025	Chahuites
MX.20.026	Chalcatongo de Hidalgo
MX.20.027	Chiquihuitlán de Benito Juárez
MX.20.028	Heroica Ciudad de Ejutla de Crespo
MX.20.029	Eloxochitlán de Flores Magón
MX.20.030	El Espinal
MX.20.031	Tamazulápam del Espíritu Santo
MX.20.033	Guadalupe Etla
MX.20.038	Villa Hidalgo
MX.20.039	Heroica Ciudad de Huajuapan de León
MX.20.040	Huautepec
MX.20.041	Huautla de Jiménez
MX.20.042	Ixtlán de Juárez
MX.20.043	Heroica Ciudad de Juchitán de Zaragoza
MX.20.044	Loma Bonita
MX.20.045	Magdalena Apasco
MX.20.046	Magdalena Jaltepec
MX.20.048	Magdalena Mixtepec
MX.20.049	Magdalena Ocotlán
MX.20.051	Magdalena Teitipac
MX.20.052	Magdalena Tequisistlán
MX.20.053	Magdalena Tlacotepec
MX.20.054	Magdalena Zahuatlán
MX.20.055	Mariscala de Juárez
MX.20.057	Matías Romero Avendaño
MX.20.058	Mazatlán Villa de Flores
MX.20.059	Miahuatlán de Porfirio Díaz
MX.20.064	Nejapa de Madero
MX.20.065	Ixpantepec Nieves
MX.20.066	Santiago Niltepec
MX.20.067	Oaxaca de Juárez
MX.20.068	Ocotlán de Morelos
MX.20.069	La Pe
MX.20.070	Pinotepa de Don Luis
MX.20.071	Pluma Hidalgo
MX.20.072	San José del Progreso
MX.20.073	Putla Villa de Guerrero
MX.20.075	Reforma de Pineda
MX.20.076	La Reforma
MX.20.077	Reyes Etla
MX.20.078	Rojas de Cuauhtémoc
MX.20.079	Salina Cruz
MX.20.080	San Agustín Amatengo
MX.20.081	San Agustín Atenango
MX.20.082	San Agustín Chayuco
MX.20.083	San Agustín de las Juntas
MX.20.085	San Agustín Loxicha
MX.20.087	San Agustín Yatareni
MX.20.089	San Andrés Dinicuiti
MX.20.090	San Andrés Huaxpaltepec
MX.20.091	San Andrés Huayápam
MX.20.092	San Andrés Ixtlahuaca
MX.20.095	San Andrés Paxtlán
MX.20.096	San Andrés Sinaxtla
MX.20.097	San Andrés Solaga
MX.20.098	San Andrés Teotilálpam
MX.20.099	San Andrés Tepetlapa
MX.20.100	San Andrés Yaá
MX.20.102	San Andrés Zautla
MX.20.103	San Antonino Castillo Velasco
MX.20.105	San Antonino Monte Verde
MX.20.107	San Antonio de la Cal
MX.20.108	San Antonio Huitepec
MX.20.109	San Antonio Nanahuatípam
MX.20.111	San Antonio Tepetlapa
MX.20.112	San Baltazar Chichicápam
MX.20.113	San Baltazar Loxicha
MX.20.114	San Baltazar Yatzachi el Bajo
MX.20.115	San Bartolo Coyotepec
MX.20.116	San Bartolomé Ayautla
MX.20.117	San Bartolomé Loxicha
MX.20.118	San Bartolomé Quialana
MX.20.121	San Bartolo Soyaltepec
MX.20.122	San Bartolo Yautepec
MX.20.123	San Bernardo Mixtepec
MX.20.124	San Blas Atempa
MX.20.125	San Carlos Yautepec
MX.20.126	San Cristóbal Amatlán
MX.20.127	San Cristóbal Amoltepec
MX.20.128	San Cristóbal Lachirioag
MX.32.038	Pinos
MX.20.130	San Dionisio del Mar
MX.20.131	San Dionisio Ocotepec
MX.20.132	San Dionisio Ocotlán
MX.20.133	San Esteban Atatlahuca
MX.20.134	San Felipe Jalapa de Díaz
MX.20.135	San Felipe Tejalápam
MX.20.136	San Felipe Usila
MX.20.138	San Francisco Cajonos
MX.20.140	San Francisco Chindúa
MX.20.141	San Francisco del Mar
MX.20.142	San Francisco Huehuetlán
MX.20.143	San Francisco Ixhuatán
MX.20.144	San Francisco Jaltepetongo
MX.20.145	San Francisco Lachigoló
MX.20.146	San Francisco Logueche
MX.20.147	San Francisco Nuxaño
MX.20.148	San Francisco Ozolotepec
MX.20.149	San Francisco Sola
MX.20.150	San Francisco Telixtlahuaca
MX.20.153	San Gabriel Mixtepec
MX.20.154	San Ildefonso Amatlán
MX.20.156	San Ildefonso Villa Alta
MX.20.157	San Jacinto Amilpas
MX.20.159	San Jerónimo Coatlán
MX.20.160	San Jerónimo Silacayoapilla
MX.20.161	San Jerónimo Sosola
MX.20.162	San Jerónimo Taviche
MX.20.163	San Jerónimo Tecóatl
MX.20.164	San Jorge Nuchita
MX.20.165	San José Ayuquila
MX.20.166	San José Chiltepec
MX.20.168	San José Estancia Grande
MX.20.170	San José Lachiguiri
MX.20.171	San José Tenango
MX.20.172	San Juan Achiutla
MX.20.173	San Juan Atepec
MX.20.174	Ánimas Trujano
MX.20.176	San Juan Bautista Coixtlahuaca
MX.20.177	San Juan Bautista Cuicatlán
MX.20.178	San Juan Bautista Guelache
MX.25.011	Guasave
MX.20.179	San Juan Bautista Jayacatlán
MX.20.180	San Juan Bautista Lo de Soto
MX.20.182	San Juan Bautista Tlacoatzintepec
MX.20.183	San Juan Bautista Tlachichilco
MX.20.184	San Juan Bautista Tuxtepec
MX.20.185	San Juan Cacahuatepec
MX.20.187	San Juan Coatzóspam
MX.20.188	San Juan Colorado
MX.20.190	San Juan Cotzocón
MX.20.192	San Juan Chilateca
MX.20.193	San Juan del Estado
MX.20.194	San Juan del Río
MX.20.195	San Juan Diuxi
MX.20.197	San Juan Guelavía
MX.20.198	San Juan Guichicovi
MX.20.199	San Juan Ihualtepec
MX.20.200	San Juan Juquila Mixes
MX.20.201	San Juan Juquila Vijanos
MX.20.202	San Juan Lachao
MX.20.203	San Juan Lachigalla
MX.20.205	San Juan Lalana
MX.20.206	San Juan de los Cués
MX.20.207	San Juan Mazatlán
MX.20.208	San Juan Mixtepec -Dto. 08 -
MX.20.209	San Juan Mixtepec -Dto. 26 -
MX.20.210	San Juan Ñumí
MX.20.211	San Juan Ozolotepec
MX.20.212	San Juan Petlapa
MX.20.213	San Juan Quiahije
MX.20.214	San Juan Quiotepec
MX.20.215	San Juan Sayultepec
MX.20.216	San Juan Tabaá
MX.20.219	San Juan Teitipac
MX.20.222	San Juan Yaeé
MX.20.223	San Juan Yatzona
MX.20.224	San Juan Yucuita
MX.20.225	San Lorenzo
MX.20.226	San Lorenzo Albarradas
MX.20.227	San Lorenzo Cacaotepec
MX.20.228	San Lorenzo Cuaunecuiltitla
MX.20.229	San Lorenzo Texmelúcan
MX.20.230	San Lorenzo Victoria
MX.20.231	San Lucas Camotlán
MX.20.232	San Lucas Ojitlán
MX.20.233	San Lucas Quiaviní
MX.20.234	San Lucas Zoquiápam
MX.20.235	San Luis Amatlán
MX.20.236	San Marcial Ozolotepec
MX.20.237	San Marcos Arteaga
MX.20.238	San Martín de los Cansecos
MX.20.239	San Martín Huamelúlpam
MX.20.240	San Martín Itunyoso
MX.20.241	San Martín Lachilá
MX.20.243	San Martín Tilcajete
MX.20.244	San Martín Toxpalan
MX.27.003	Centla
MX.20.246	San Mateo Cajonos
MX.20.248	San Mateo del Mar
MX.20.249	San Mateo Yoloxochitlán
MX.20.250	San Mateo Etlatongo
MX.20.251	San Mateo Nejápam
MX.20.253	San Mateo Piñas
MX.20.255	San Mateo Sindihui
MX.20.257	San Melchor Betaza
MX.20.258	San Miguel Achiutla
MX.20.259	San Miguel Ahuehuetitlán
MX.20.260	San Miguel Aloápam
MX.20.261	San Miguel Amatitlán
MX.20.263	San Miguel Coatlán
MX.20.264	San Miguel Chicahua
MX.20.265	San Miguel Chimalapa
MX.20.266	San Miguel del Puerto
MX.20.268	San Miguel Ejutla
MX.20.269	San Miguel el Grande
MX.20.270	San Miguel Huautla
MX.20.271	San Miguel Mixtepec
MX.20.272	San Miguel Panixtlahuaca
MX.20.273	San Miguel Peras
MX.20.275	San Miguel Quetzaltepec
MX.20.277	Villa Sola de Vega
MX.20.278	San Miguel Soyaltepec
MX.20.279	San Miguel Suchixtepec
MX.20.280	Villa Talea de Castro
MX.20.281	San Miguel Tecomatlán
MX.20.282	San Miguel Tenango
MX.20.284	San Miguel Tilquiápam
MX.20.285	San Miguel Tlacamama
MX.20.286	San Miguel Tlacotepec
MX.20.289	San Nicolás
MX.20.291	San Pablo Coatlán
MX.20.292	San Pablo Cuatro Venados
MX.20.293	San Pablo Etla
MX.20.294	San Pablo Huitzo
MX.20.295	San Pablo Huixtepec
MX.20.296	San Pablo Macuiltianguis
MX.20.298	San Pablo Villa de Mitla
MX.20.299	San Pablo Yaganiza
MX.20.300	San Pedro Amuzgos
MX.20.301	San Pedro Apóstol
MX.20.302	San Pedro Atoyac
MX.20.303	San Pedro Cajonos
MX.20.304	San Pedro Coxcaltepec Cántaros
MX.20.305	San Pedro Comitancillo
MX.20.306	San Pedro el Alto
MX.20.307	San Pedro Huamelula
MX.20.308	San Pedro Huilotepec
MX.20.309	San Pedro Ixcatlán
MX.20.310	San Pedro Ixtlahuaca
MX.20.311	San Pedro Jaltepetongo
MX.20.312	San Pedro Jicayán
MX.20.314	San Pedro Juchatengo
MX.20.315	San Pedro Mártir
MX.20.316	San Pedro Mártir Quiechapa
MX.20.317	San Pedro Mártir Yucuxaco
MX.20.318	San Pedro Mixtepec -Dto. 22 -
MX.20.319	San Pedro Mixtepec -Dto. 26 -
MX.20.322	San Pedro Ocopetatillo
MX.20.323	San Pedro Ocotepec
MX.20.324	San Pedro Pochutla
MX.20.325	San Pedro Quiatoni
MX.20.326	San Pedro Sochiápam
MX.20.327	San Pedro Tapanatepec
MX.20.328	San Pedro Taviche
MX.20.330	San Pedro Teutila
MX.20.331	San Pedro Tidaá
MX.20.332	San Pedro Topiltepec
MX.20.333	San Pedro Totolápam
MX.20.334	Villa de Tututepec de Melchor Ocampo
MX.20.336	San Pedro Yólox
MX.20.337	San Pedro y San Pablo Ayutla
MX.20.338	Villa de Etla
MX.20.339	San Pedro y San Pablo Teposcolula
MX.20.342	San Raymundo Jalpan
MX.20.343	San Sebastián Abasolo
MX.20.344	San Sebastián Coatlán
MX.20.345	San Sebastián Ixcapa
MX.20.346	San Sebastián Nicananduta
MX.20.347	San Sebastián Río Hondo
MX.20.348	San Sebastián Tecomaxtlahuaca
MX.20.349	San Sebastián Teitipac
MX.20.350	San Sebastián Tutla
MX.20.351	San Simón Almolongas
MX.20.353	Santa Ana
MX.20.356	Santa Ana del Valle
MX.20.358	Santa Ana Tlapacoyan
MX.20.360	Santa Ana Zegache
MX.20.362	Santa Catarina Cuixtla
MX.20.364	Santa Catarina Juquila
MX.20.366	Santa Catarina Loxicha
MX.20.367	Santa Catarina Mechoacán
MX.20.368	Santa Catarina Minas
MX.20.369	Santa Catarina Quiané
MX.20.370	Santa Catarina Tayata
MX.28.017	Jaumave
MX.20.374	Santa Cruz Acatepec
MX.20.375	Santa Cruz Amilpas
MX.20.376	Santa Cruz de Bravo
MX.20.377	Santa Cruz Itundujia
MX.20.378	Santa Cruz Mixtepec
MX.20.379	Santa Cruz Nundaco
MX.20.380	Santa Cruz Papalutla
MX.20.381	Santa Cruz Tacache de Mina
MX.20.383	Santa Cruz Tayata
MX.20.384	Santa Cruz Xitla
MX.20.385	Santa Cruz Xoxocotlán
MX.20.386	Santa Cruz Zenzontepec
MX.20.387	Santa Gertrudis
MX.20.388	Santa Inés del Monte
MX.20.389	Santa Inés Yatzeche
MX.20.390	Santa Lucía del Camino
MX.20.391	Santa Lucía Miahuatlán
MX.20.392	Santa Lucía Monteverde
MX.20.393	Santa Lucía Ocotlán
MX.20.394	Santa María Alotepec
MX.20.395	Santa María Apazco
MX.20.396	Santa María la Asunción
MX.20.397	Heroica Ciudad de Tlaxiaco
MX.20.398	Ayoquezco de Aldama
MX.20.399	Santa María Atzompa
MX.20.400	Santa María Camotlán
MX.20.401	Santa María Colotepec
MX.20.403	Santa María Coyotepec
MX.20.404	Santa María Chachoápam
MX.20.407	Santa María Chimalapa
MX.20.408	Santa María del Rosario
MX.20.409	Santa María del Tule
MX.20.410	Santa María Ecatepec
MX.20.411	Santa María Guelacé
MX.20.412	Santa María Guienagati
MX.20.413	Santa María Huatulco
MX.20.414	Santa María Huazolotitlán
MX.20.415	Santa María Ipalapa
MX.20.417	Santa María Jacatepec
MX.20.418	Santa María Jalapa del Marqués
MX.20.420	Santa María Lachixío
MX.20.421	Santa María Mixtequilla
MX.20.422	Santa María Nativitas
MX.20.423	Santa María Nduayaco
MX.20.424	Santa María Ozolotepec
MX.20.425	Santa María Pápalo
MX.20.427	Santa María Petapa
MX.20.428	Santa María Quiegolani
MX.20.429	Santa María Sola
MX.20.431	Santa María Tecomavaca
MX.20.432	Santa María Temaxcalapa
MX.20.433	Santa María Temaxcaltepec
MX.20.434	Santa María Teopoxco
MX.20.435	Santa María Tepantlali
MX.20.436	Santa María Texcatitlán
MX.20.437	Santa María Tlahuitoltepec
MX.20.439	Santa María Tonameca
MX.20.441	Santa María Xadani
MX.20.442	Santa María Yalina
MX.20.443	Santa María Yavesía
MX.20.446	Santa María Yucuhiti
MX.20.447	Santa María Zacatepec
MX.20.448	Santa María Zaniza
MX.20.449	Santa María Zoquitlán
MX.20.450	Santiago Amoltepec
MX.20.451	Santiago Apoala
MX.20.452	Santiago Apóstol
MX.20.453	Santiago Astata
MX.20.455	Santiago Ayuquililla
MX.20.456	Santiago Cacaloxtepec
MX.20.457	Santiago Camotlán
MX.20.458	Santiago Comaltepec
MX.20.459	Santiago Chazumba
MX.20.460	Santiago Choápam
MX.20.462	Santiago Huajolotitlán
MX.20.463	Santiago Huauclilla
MX.20.465	Santiago Ixcuintepec
MX.20.466	Santiago Ixtayutla
MX.20.467	Santiago Jamiltepec
MX.20.468	Santiago Jocotepec
MX.20.469	Santiago Juxtlahuaca
MX.20.470	Santiago Lachiguiri
MX.20.471	Santiago Lalopa
MX.20.472	Santiago Laollaga
MX.20.473	Santiago Laxopa
MX.20.474	Santiago Llano Grande
MX.20.475	Santiago Matatlán
MX.20.476	Santiago Miltepec
MX.20.479	Santiago Nejapilla
MX.20.480	Santiago Nundiche
MX.20.481	Santiago Nuyoó
MX.20.482	Santiago Pinotepa Nacional
MX.20.483	Santiago Suchilquitongo
MX.20.484	Santiago Tamazola
MX.20.485	Santiago Tapextla
MX.20.486	Villa Tejúpam de la Unión
MX.20.487	Santiago Tenango
MX.20.489	Santiago Tetepec
MX.20.490	Santiago Texcalcingo
MX.20.491	Santiago Textitlán
MX.20.492	Santiago Tilantongo
MX.20.493	Santiago Tillo
MX.20.495	Santiago Xanica
MX.20.497	Santiago Yaitepec
MX.20.498	Santiago Yaveo
MX.20.499	Santiago Yolomécatl
MX.20.500	Santiago Yosondúa
MX.20.502	Santiago Zacatepec
MX.20.503	Santiago Zoochila
MX.20.505	Santo Domingo Ingenio
MX.20.506	Santo Domingo Albarradas
MX.20.507	Santo Domingo Armenta
MX.20.508	Santo Domingo Chihuitán
MX.20.509	Santo Domingo de Morelos
MX.20.512	Santo Domingo Ozolotepec
MX.20.513	Santo Domingo Petapa
MX.20.514	Santo Domingo Roayaga
MX.20.515	Santo Domingo Tehuantepec
MX.20.516	Santo Domingo Teojomulco
MX.20.517	Santo Domingo Tepuxtepec
MX.20.518	Santo Domingo Tlatayápam
MX.20.519	Santo Domingo Tomaltepec
MX.20.520	Santo Domingo Tonalá
MX.20.522	Santo Domingo Xagacía
MX.20.523	Santo Domingo Yanhuitlán
MX.20.524	Santo Domingo Yodohino
MX.20.525	Santo Domingo Zanatepec
MX.20.526	Santos Reyes Nopala
MX.20.527	Santos Reyes Pápalo
MX.20.528	Santos Reyes Tepejillo
MX.20.530	Santo Tomás Jalieza
MX.20.531	Santo Tomás Mazaltepec
MX.20.533	Santo Tomás Tamazulapan
MX.20.534	San Vicente Coatlán
MX.27.004	Centro
MX.20.535	San Vicente Lachixío
MX.20.536	San Vicente Nuñú
MX.20.537	Silacayoápam
MX.20.538	Sitio de Xitlapehua
MX.20.540	Villa de Tamazulápam del Progreso
MX.20.541	Tanetze de Zaragoza
MX.20.542	Taniche
MX.20.543	Tataltepec de Valdés
MX.20.544	Teococuilco de Marcos Pérez
MX.20.545	Teotitlán de Flores Magón
MX.20.546	Teotitlán del Valle
MX.20.549	Heroica Villa Tezoatlán de Segura y Luna, Cuna de la Independencia de Oaxaca
MX.20.550	San Jerónimo Tlacochahuaya
MX.20.551	Tlacolula de Matamoros
MX.20.553	Tlalixtac de Cabrera
MX.20.554	Totontepec Villa de Morelos
MX.20.555	Trinidad Zaachila
MX.20.557	Unión Hidalgo
MX.20.559	San Juan Bautista Valle Nacional
MX.20.560	Villa Díaz Ordaz
MX.20.561	Yaxe
MX.20.562	Magdalena Yodocono de Porfirio Díaz
MX.20.563	Yogana
MX.20.564	Yutanduchi de Guerrero
MX.20.565	Villa de Zaachila
MX.20.567	Zapotitlán Lagunas
MX.20.568	Zapotitlán Palmas
MX.20.570	Zimatlán de Álvarez
MX.21.001	Acajete
MX.21.002	Acateno
MX.21.003	Acatlán
MX.21.004	Acatzingo
MX.21.005	Acteopan
MX.21.006	Ahuacatlán
MX.21.007	Ahuatlán
MX.21.008	Ahuazotepec
MX.21.009	Ahuehuetitla
MX.21.010	Ajalpan
MX.21.011	Albino Zertuche
MX.21.012	Aljojuca
MX.21.013	Altepexi
MX.21.014	Amixtlán
MX.21.015	Amozoc
MX.21.016	Aquixtla
MX.21.017	Atempan
MX.21.019	Atlixco
MX.21.020	Atoyatempan
MX.21.021	Atzala
MX.21.022	Atzitzihuacán
MX.21.023	Atzitzintla
MX.21.024	Axutla
MX.21.025	Ayotoxco de Guerrero
MX.21.026	Calpan
MX.21.028	Camocuautla
MX.21.029	Caxhuacan
MX.21.031	Coatzingo
MX.21.034	Coronango
MX.21.035	Coxcatlán
MX.21.036	Coyomeapan
MX.21.038	Cuapiaxtla de Madero
MX.21.039	Cuautempan
MX.21.040	Cuautinchán
MX.21.041	Cuautlancingo
MX.21.042	Cuayuca de Andrade
MX.21.043	Cuetzalan del Progreso
MX.21.044	Cuyoaco
MX.21.045	Chalchicomula de Sesma
MX.21.046	Chapulco
MX.21.048	Chiautzingo
MX.21.049	Chiconcuautla
MX.21.050	Chichiquila
MX.21.051	Chietla
MX.21.052	Chigmecatitlán
MX.21.053	Chignahuapan
MX.21.054	Chignautla
MX.21.055	Chila
MX.21.056	Chila de la Sal
MX.21.057	Honey
MX.21.058	Chilchotla
MX.21.059	Chinantla
MX.21.060	Domingo Arenas
MX.21.061	Eloxochitlán
MX.21.062	Epatlán
MX.21.063	Esperanza
MX.21.064	Francisco Z. Mena
MX.21.065	General Felipe Ángeles
MX.21.066	Guadalupe
MX.21.067	Guadalupe Victoria
MX.21.068	Hermenegildo Galeana
MX.21.069	Huaquechula
MX.21.070	Huatlatlauca
MX.21.071	Huauchinango
MX.21.072	Huehuetla
MX.21.073	Huehuetlán el Chico
MX.21.074	Huejotzingo
MX.21.075	Hueyapan
MX.21.076	Hueytamalco
MX.21.077	Hueytlalpan
MX.21.078	Huitzilan de Serdán
MX.21.079	Huitziltepec
MX.21.080	Atlequizayan
MX.21.081	Ixcamilpa de Guerrero
MX.21.082	Ixcaquixtla
MX.21.083	Ixtacamaxtitlán
MX.21.084	Ixtepec
MX.21.085	Izúcar de Matamoros
MX.21.086	Jalpan
MX.21.087	Jolalpan
MX.21.088	Jonotla
MX.21.089	Jopala
MX.21.090	Juan C. Bonilla
MX.21.091	Juan Galindo
MX.21.092	Juan N. Méndez
MX.21.093	Lafragua
MX.21.094	Libres
MX.21.096	Mazapiltepec de Juárez
MX.21.097	Mixtla
MX.21.098	Molcaxac
MX.21.099	Cañada Morelos
MX.21.100	Naupan
MX.21.101	Nauzontla
MX.21.102	Nealtican
MX.28.018	Jiménez
MX.21.103	Nicolás Bravo
MX.21.104	Nopalucan
MX.21.105	Ocotepec
MX.21.106	Ocoyucan
MX.21.107	Olintla
MX.21.108	Oriental
MX.21.109	Pahuatlán
MX.21.110	Palmar de Bravo
MX.21.111	Pantepec
MX.21.112	Petlalcingo
MX.21.113	Piaxtla
MX.21.114	Puebla
MX.21.115	Quecholac
MX.21.116	Quimixtlán
MX.21.117	Rafael Lara Grajales
MX.21.118	Los Reyes de Juárez
MX.21.119	San Andrés Cholula
MX.21.120	San Antonio Cañada
MX.21.122	San Felipe Teotlalcingo
MX.21.124	San Gabriel Chilac
MX.21.125	San Gregorio Atzompa
MX.21.126	San Jerónimo Tecuanipan
MX.21.127	San Jerónimo Xayacatlán
MX.21.128	San José Chiapa
MX.21.129	San José Miahuatlán
MX.21.130	San Juan Atenco
MX.21.131	San Juan Atzompa
MX.21.132	San Martín Texmelucan
MX.21.133	San Martín Totoltepec
MX.21.134	San Matías Tlalancaleca
MX.21.135	San Miguel Ixitlán
MX.21.136	San Miguel Xoxtla
MX.21.137	San Nicolás Buenos Aires
MX.21.138	San Nicolás de los Ranchos
MX.21.139	San Pablo Anicano
MX.21.140	San Pedro Cholula
MX.31.072	Suma
MX.21.142	San Salvador el Seco
MX.21.143	San Salvador el Verde
MX.21.144	San Salvador Huixcolotla
MX.21.145	San Sebastián Tlacotepec
MX.21.146	Santa Catarina Tlaltempan
MX.21.147	Santa Inés Ahuatempan
MX.21.148	Santa Isabel Cholula
MX.21.149	Santiago Miahuatlán
MX.21.150	Huehuetlán el Grande
MX.21.151	Santo Tomás Hueyotlipan
MX.21.152	Soltepec
MX.21.153	Tecali de Herrera
MX.21.154	Tecamachalco
MX.21.155	Tecomatlán
MX.21.156	Tehuacán
MX.21.157	Tehuitzingo
MX.21.158	Tenampulco
MX.21.159	Teopantlán
MX.21.160	Teotlalco
MX.21.161	Tepanco de López
MX.21.162	Tepango de Rodríguez
MX.21.164	Tepeaca
MX.21.166	Tepeojuma
MX.21.167	Tepetzintla
MX.21.168	Tepexco
MX.21.169	Tepexi de Rodríguez
MX.21.170	Tepeyahualco
MX.21.171	Tepeyahualco de Cuauhtémoc
MX.21.172	Tetela de Ocampo
MX.21.173	Teteles de Avila Castillo
MX.21.174	Teziutlán
MX.21.175	Tianguismanalco
MX.21.176	Tilapa
MX.21.177	Tlacotepec de Benito Juárez
MX.21.178	Tlacuilotepec
MX.21.179	Tlachichuca
MX.21.180	Tlahuapan
MX.21.181	Tlaltenango
MX.21.182	Tlanepantla
MX.21.183	Tlaola
MX.21.184	Tlapacoya
MX.21.185	Tlapanalá
MX.21.186	Tlatlauquitepec
MX.21.187	Tlaxco
MX.21.188	Tochimilco
MX.21.189	Tochtepec
MX.21.190	Totoltepec de Guerrero
MX.21.191	Tulcingo
MX.21.192	Tuzamapan de Galeana
MX.21.193	Tzicatlacoyan
MX.21.195	Vicente Guerrero
MX.21.196	Xayacatlán de Bravo
MX.21.197	Xicotepec
MX.21.198	Xicotlán
MX.21.199	Xiutetelco
MX.21.200	Xochiapulco
MX.21.201	Xochiltepec
MX.21.202	Xochitlán de Vicente Suárez
MX.21.203	Xochitlán Todos Santos
MX.21.204	Yaonáhuac
MX.21.205	Yehualtepec
MX.21.207	Zacapoaxtla
MX.21.208	Zacatlán
MX.21.209	Zapotitlán
MX.21.210	Zapotitlán de Méndez
MX.21.211	Zaragoza
MX.21.212	Zautla
MX.21.213	Zihuateutla
MX.21.214	Zinacatepec
MX.21.215	Zongozotla
MX.21.216	Zoquiapan
MX.21.217	Zoquitlán
MX.22.001	Amealco de Bonfil
MX.22.002	Pinal de Amoles
MX.22.003	Arroyo Seco
MX.22.004	Cadereyta de Montes
MX.22.005	Colón
MX.22.006	Corregidora
MX.22.007	Ezequiel Montes
MX.22.008	Huimilpan
MX.22.009	Jalpan de Serra
MX.22.010	Landa de Matamoros
MX.22.011	El Marqués
MX.22.012	Pedro Escobedo
MX.22.013	Peñamiller
MX.22.014	Querétaro
MX.22.015	San Joaquín
MX.22.016	San Juan del Río
MX.22.017	Tequisquiapan
MX.22.018	Tolimán
MX.23.001	Cozumel
MX.23.002	Felipe Carrillo Puerto
MX.23.003	Isla Mujeres
MX.23.004	Othón P. Blanco
MX.23.006	José María Morelos
MX.23.007	Lázaro Cárdenas
MX.23.008	Solidaridad
MX.23.009	Tulum
MX.23.010	Bacalar
MX.24.001	Ahualulco
MX.24.002	Alaquines
MX.31.073	Tahdziú
MX.24.003	Aquismón
MX.24.004	Armadillo de los Infante
MX.24.005	Cárdenas
MX.24.006	Catorce
MX.24.007	Cedral
MX.24.008	Cerritos
MX.24.009	Cerro de San Pedro
MX.24.010	Ciudad del Maíz
MX.24.011	Ciudad Fernández
MX.24.012	Tancanhuitz
MX.24.013	Ciudad Valles
MX.24.014	Coxcatlán
MX.24.015	Charcas
MX.24.016	Ebano
MX.24.017	Guadalcázar
MX.24.018	Huehuetlán
MX.24.019	Lagunillas
MX.24.020	Matehuala
MX.24.021	Mexquitic de Carmona
MX.24.022	Moctezuma
MX.24.023	Rayón
MX.24.024	Rioverde
MX.24.025	Salinas
MX.24.026	San Antonio
MX.24.027	San Ciro de Acosta
MX.24.028	San Luis Potosí
MX.24.029	San Martín Chalchicuautla
MX.24.030	San Nicolás Tolentino
MX.24.031	Santa Catarina
MX.24.032	Santa María del Río
MX.24.033	Santo Domingo
MX.24.034	San Vicente Tancuayalab
MX.24.035	Soledad de Graciano Sánchez
MX.24.036	Tamasopo
MX.24.037	Tamazunchale
MX.24.038	Tampacán
MX.24.039	Tampamolón Corona
MX.24.040	Tamuín
MX.24.041	Tanlajás
MX.24.042	Tanquián de Escobedo
MX.24.043	Tierra Nueva
MX.24.044	Vanegas
MX.24.045	Venado
MX.24.046	Villa de Arriaga
MX.24.047	Villa de Guadalupe
MX.24.048	Villa de la Paz
MX.24.049	Villa de Ramos
MX.24.050	Villa de Reyes
MX.24.051	Villa Hidalgo
MX.24.052	Villa Juárez
MX.24.053	Axtla de Terrazas
MX.24.054	Xilitla
MX.24.055	Zaragoza
MX.24.056	Villa de Arista
MX.24.057	Matlapa
MX.24.058	El Naranjo
MX.25.001	Ahome
MX.25.002	Angostura
MX.25.003	Badiraguato
MX.25.004	Concordia
MX.25.005	Cosalá
MX.25.006	Culiacán
MX.25.007	Choix
MX.25.008	Elota
MX.25.009	Escuinapa
MX.25.010	El Fuerte
MX.25.012	Mazatlán
MX.25.013	Mocorito
MX.25.014	Rosario
MX.25.015	Salvador Alvarado
MX.25.016	San Ignacio
MX.25.017	Sinaloa
MX.25.018	Navolato
MX.26.001	Aconchi
MX.26.002	Agua Prieta Municipality
MX.26.003	Alamos
MX.26.004	Altar
MX.26.005	Arivechi
MX.26.006	Arizpe
MX.26.007	Atil
MX.26.008	Bacadéhuachi
MX.26.009	Bacanora
MX.26.010	Bacerac
MX.26.011	Bacoachi
MX.26.012	Bácum
MX.26.013	Banámichi
MX.26.014	Baviácora
MX.26.015	Bavispe
MX.26.016	Benjamín Hill
MX.26.017	Caborca
MX.26.018	Cajeme
MX.26.019	Cananea
MX.26.020	Carbó
MX.26.021	La Colorada
MX.26.022	Cucurpe
MX.26.023	Cumpas
MX.26.024	Divisaderos
MX.26.025	Empalme
MX.26.026	Etchojoa
MX.26.027	Fronteras
MX.26.028	Granados
MX.26.029	Guaymas
MX.26.030	Hermosillo
MX.26.031	Huachinera
MX.26.032	Huásabas
MX.26.033	Huatabampo
MX.26.034	Huépac
MX.26.035	Imuris
MX.26.036	Magdalena
MX.26.037	Mazatán
MX.26.038	Moctezuma municipality
MX.26.039	Naco
MX.26.040	Nácori Chico
MX.26.041	Nacozari de García
MX.26.042	Navojoa
MX.26.043	Nogales
MX.26.044	Onavas
MX.26.045	Opodepe
MX.26.046	Oquitoa
MX.26.047	Pitiquito
MX.26.048	Puerto Peñasco
MX.26.049	Quiriego
MX.26.050	Rayón
MX.26.051	Rosario
MX.26.052	Sahuaripa
MX.26.053	San Felipe de Jesús
MX.26.054	San Javier
MX.26.055	San Luis Río Colorado
MX.26.056	San Miguel de Horcasitas
MX.26.057	San Pedro de la Cueva
MX.26.058	Santa Ana
MX.26.059	Santa Cruz Municipality
MX.26.060	Sáric
MX.26.061	Soyopa
MX.26.062	Suaqui Grande
MX.26.063	Tepache
MX.26.064	Trincheras
MX.26.065	Tubutama
MX.26.066	Ures municipality
MX.26.067	Villa Hidalgo
MX.26.068	Villa Pesqueira
MX.26.069	Yécora
MX.26.070	General Plutarco Elías Calles
MX.26.072	San Ignacio Río Muerto
MX.27.001	Balancán
MX.27.002	Cárdenas
MX.27.005	Comalcalco
MX.27.006	Cunduacán
MX.27.007	Emiliano Zapata
MX.27.008	Huimanguillo
MX.27.009	Jalapa
MX.27.010	Jalpa de Méndez
MX.27.011	Jonuta
MX.27.012	Macuspana
MX.27.013	Nacajuca
MX.27.014	Paraíso
MX.27.015	Tacotalpa
MX.27.016	Teapa
MX.27.017	Tenosique
MX.28.001	Abasolo
MX.28.003	Altamira
MX.28.004	Antiguo Morelos
MX.28.005	Burgos
MX.28.006	Bustamante
MX.28.007	Camargo
MX.28.008	Casas
MX.28.009	Ciudad Madero
MX.28.010	Cruillas
MX.28.011	Gómez Farías
MX.28.012	González
MX.28.013	Güémez
MX.28.014	Guerrero
MX.28.015	Gustavo Díaz Ordaz
MX.28.016	Hidalgo
MX.28.019	Llera
MX.28.020	Mainero
MX.28.021	El Mante
MX.28.022	Matamoros
MX.28.023	Méndez
MX.28.024	Mier
MX.28.025	Miguel Alemán
MX.28.026	Miquihuana
MX.28.027	Nuevo Laredo
MX.28.028	Nuevo Morelos
MX.28.029	Ocampo
MX.28.030	Padilla
MX.28.031	Palmillas
MX.28.033	Río Bravo
MX.28.034	San Carlos
MX.28.035	San Fernando
MX.28.036	San Nicolás
MX.28.037	Soto la Marina
MX.28.038	Tampico
MX.28.039	Tula
MX.28.040	Valle Hermoso
MX.28.041	Victoria
MX.28.042	Villagrán
MX.28.043	Xicoténcatl
MX.29.001	Amaxac de Guerrero
MX.29.002	Apetatitlán de Antonio Carvajal
MX.29.003	Atlangatepec
MX.29.004	Atltzayanca
MX.29.005	Apizaco
MX.29.006	Calpulalpan
MX.29.007	El Carmen Tequexquitla
MX.29.008	Cuapiaxtla
MX.29.009	Cuaxomulco
MX.29.010	Chiautempan
MX.29.011	Muñoz de Domingo Arenas
MX.29.012	Españita
MX.29.013	Huamantla
MX.29.014	Hueyotlipan
MX.29.015	Ixtacuixtla de Mariano Matamoros
MX.29.016	Ixtenco
MX.29.017	Mazatecochco de José María Morelos
MX.29.018	Contla de Juan Cuamatzi
MX.29.019	Tepetitla de Lardizábal
MX.29.020	Sanctórum de Lázaro Cárdenas
MX.29.021	Nanacamilpa de Mariano Arista
MX.29.022	Acuamanala de Miguel Hidalgo
MX.29.023	Natívitas
MX.29.024	Panotla
MX.29.025	San Pablo del Monte
MX.29.026	Santa Cruz Tlaxcala
MX.29.027	Tenancingo
MX.29.028	Teolocholco
MX.29.029	Tepeyanco
MX.29.030	Terrenate
MX.29.031	Tetla de la Solidaridad
MX.29.032	Tetlatlahuca
MX.29.033	Tlaxcala
MX.29.034	Tlaxco
MX.29.035	Tocatlán
MX.29.036	Totolac
MX.29.037	Ziltlaltépec de Trinidad Sánchez Santos
MX.29.038	Tzompantepec
MX.29.039	Xaloztoc
MX.29.040	Xaltocan
MX.29.041	Papalotla de Xicohténcatl
MX.29.042	Xicohtzinco
MX.29.043	Yauhquemehcan
MX.29.044	Zacatelco
MX.29.046	Emiliano Zapata
MX.29.047	Lázaro Cárdenas
MX.29.048	La Magdalena Tlaltelulco
MX.29.049	San Damián Texóloc
MX.29.050	San Francisco Tetlanohcan
MX.29.051	San Jerónimo Zacualpan
MX.29.052	San José Teacalco
MX.29.053	San Juan Huactzinco
MX.29.054	San Lorenzo Axocomanitla
MX.29.055	San Lucas Tecopilco
MX.29.056	Santa Ana Nopalucan
MX.29.057	Santa Apolonia Teacalco
MX.29.058	Santa Catarina Ayometla
MX.29.059	Santa Cruz Quilehtla
MX.29.060	Santa Isabel Xiloxoxtla
MX.30.001	Acajete
MX.30.002	Acatlán
MX.30.003	Acayucan
MX.30.004	Actopan
MX.30.005	Acula
MX.30.006	Acultzingo
MX.30.007	Camarón de Tejeda
MX.30.008	Alpatláhuac
MX.30.009	Alto Lucero de Gutiérrez Barrios
MX.30.010	Altotonga
MX.30.011	Alvarado
MX.30.012	Amatitlán
MX.30.013	Naranjos Amatlán
MX.30.014	Amatlán de los Reyes
MX.30.015	Angel R. Cabada
MX.30.016	La Antigua
MX.30.017	Apazapan
MX.30.018	Aquila
MX.30.019	Astacinga
MX.30.020	Atlahuilco
MX.29.045	Benito Juárez
MX.30.021	Atoyac
MX.30.022	Atzacan
MX.30.023	Atzalan
MX.30.024	Tlaltetela
MX.30.025	Ayahualulco
MX.30.026	Banderilla
MX.30.029	Calcahualco
MX.30.030	Camerino Z. Mendoza
MX.30.031	Carrillo Puerto
MX.30.032	Catemaco
MX.30.033	Cazones de Herrera
MX.30.034	Cerro Azul
MX.30.035	Citlaltépetl
MX.30.036	Coacoatzintla
MX.30.037	Coahuitlán
MX.30.038	Coatepec
MX.30.039	Coatzacoalcos
MX.30.040	Coatzintla
MX.30.041	Coetzala
MX.30.042	Colipa
MX.30.043	Comapa
MX.30.044	Córdoba
MX.30.045	Cosamaloapan de Carpio
MX.30.046	Cosautlán de Carvajal
MX.04.006	Hopelchén
MX.07.001	Abasolo
MX.07.002	Acuña
MX.07.003	Allende
MX.07.004	Arteaga
MX.07.005	Candela
MX.07.006	Castaños
MX.07.007	Cuatro Ciénegas
MX.07.008	Escobedo
MX.07.009	Francisco I. Madero
MX.07.010	Frontera
MX.07.011	General Cepeda
MX.07.012	Guerrero
MX.07.013	Hidalgo
MX.07.014	Jiménez
MX.07.015	Juárez
MX.07.016	Lamadrid
MX.07.017	Matamoros
MX.07.018	Monclova
MX.07.019	Morelos
MX.07.020	Múzquiz
MX.07.021	Nadadores
MX.07.022	Nava
MX.07.023	Ocampo
MX.07.024	Parras
MX.07.025	Piedras Negras
MX.07.026	Progreso
MX.07.027	Ramos Arizpe
MX.07.028	Sabinas
MX.07.029	Sacramento
MX.07.030	Saltillo
MX.07.031	San Buenaventura
MX.07.032	San Juan de Sabinas
MX.07.033	San Pedro
MX.07.034	Sierra Mojada
MX.07.035	Torreón
MX.07.036	Viesca
MX.07.037	Villa Unión
MX.07.038	Zaragoza
MX.08.001	Armería
MX.08.002	Colima
MX.08.003	Comala
MX.08.004	Coquimatlán
MX.08.008	Minatitlán
MX.08.009	Tecomán
MX.08.010	Villa de Álvarez
MX.05.034	Frontera Comalapa
MX.06.032	Hidalgo del Parral
MX.06.033	Huejotitán
MX.06.034	Ignacio Zaragoza
MX.06.035	Janos
MX.06.036	Jiménez
MX.06.037	Juárez
MX.06.038	Julimes
MX.06.039	López
MX.06.040	Madera
MX.06.041	Maguarichi
MX.06.042	Manuel Benavides
MX.12.077	Marquelia
MX.14.017	Ayutla
MX.14.123	Zapotlán del Rey
MX.14.124	Zapotlanejo
MX.14.125	San Ignacio Cerro Gordo
MX.15.001	Acambay de Ruíz Castañeda
MX.15.003	Aculco
MX.15.004	Almoloya de Alquisiras
MX.15.005	Almoloya de Juárez
MX.15.006	Almoloya del Río
MX.15.007	Amanalco
MX.15.008	Amatepec
MX.15.012	Atizapán
MX.15.014	Atlacomulco
MX.15.018	Calimaya
MX.15.019	Capulhuac
MX.15.021	Coatepec Harinas
MX.15.026	Chapa de Mota
MX.15.027	Chapultepec
MX.15.032	Donato Guerra
MX.15.038	Isidro Fabela
MX.15.040	Ixtapan de la Sal
MX.15.041	Ixtapan del Oro
MX.15.042	Ixtlahuaca
MX.15.043	Xalatlaco
MX.15.045	Jilotepec
MX.15.046	Jilotzingo
MX.15.047	Jiquipilco
MX.15.048	Jocotitlán
MX.15.049	Joquicingo
MX.15.051	Lerma
MX.15.052	Malinalco
MX.15.054	Metepec
MX.15.055	Mexicaltzingo
MX.15.106	Toluca
MX.15.107	Tonatico
MX.15.110	Valle de Bravo
MX.15.111	Villa de Allende
MX.15.113	Villa Guerrero
MX.16.095	Tocumbo
MX.30.047	Coscomatepec
MX.30.048	Cosoleacaque
MX.30.049	Cotaxtla
MX.30.050	Coxquihui
MX.30.051	Coyutla
MX.30.052	Cuichapa
MX.30.053	Cuitláhuac
MX.30.054	Chacaltianguis
MX.30.055	Chalma
MX.30.057	Chiconquiaco
MX.30.058	Chicontepec
MX.30.059	Chinameca
MX.30.060	Chinampa de Gorostiza
MX.30.061	Las Choapas
MX.30.062	Chocamán
MX.30.063	Chontla
MX.30.064	Chumatlán
MX.30.065	Emiliano Zapata
MX.30.066	Espinal
MX.30.067	Filomeno Mata
MX.30.068	Fortín
MX.30.069	Gutiérrez Zamora
MX.30.070	Hidalgotitlán
MX.30.072	Huayacocotla
MX.30.073	Hueyapan de Ocampo
MX.30.074	Huiloapan de Cuauhtémoc
MX.30.075	Ignacio de la Llave
MX.30.076	Ilamatlán
MX.30.077	Isla
MX.30.078	Ixcatepec
MX.30.079	Ixhuacán de los Reyes
MX.30.080	Ixhuatlán del Café
MX.30.081	Ixhuatlancillo
MX.30.082	Ixhuatlán del Sureste
MX.30.083	Ixhuatlán de Madero
MX.30.084	Ixmatlahuacan
MX.30.085	Ixtaczoquitlán
MX.30.086	Jalacingo
MX.30.087	Xalapa
MX.30.088	Jalcomulco
MX.30.089	Jáltipan
MX.30.090	Jamapa
MX.30.091	Jesús Carranza
MX.30.092	Xico
MX.30.093	Jilotepec
MX.30.094	Juan Rodríguez Clara
MX.30.095	Juchique de Ferrer
MX.30.096	Landero y Coss
MX.30.097	Lerdo de Tejada
MX.30.099	Maltrata
MX.30.100	Manlio Fabio Altamirano
MX.30.101	Mariano Escobedo
MX.30.102	Martínez de la Torre
MX.30.103	Mecatlán
MX.30.104	Mecayapan
MX.30.105	Medellín
MX.30.106	Miahuatlán
MX.30.107	Las Minas
MX.30.108	Minatitlán
MX.30.109	Misantla
MX.30.110	Mixtla de Altamirano
MX.30.111	Moloacán
MX.30.112	Naolinco
MX.30.113	Naranjal
MX.30.114	Nautla
MX.30.115	Nogales
MX.30.116	Oluta
MX.30.117	Omealca
MX.30.118	Orizaba
MX.30.119	Otatitlán
MX.30.120	Oteapan
MX.30.121	Ozuluama de Mascareñas
MX.30.122	Pajapan
MX.30.123	Pánuco
MX.30.124	Papantla
MX.30.125	Paso del Macho
MX.30.126	Paso de Ovejas
MX.30.127	La Perla
MX.30.128	Perote
MX.30.129	Platón Sánchez
MX.30.027	Benito Juárez
MX.30.130	Playa Vicente
MX.30.131	Poza Rica de Hidalgo
MX.30.132	Las Vigas de Ramírez
MX.30.133	Pueblo Viejo
MX.30.134	Puente Nacional
MX.30.135	Rafael Delgado
MX.30.136	Rafael Lucio
MX.30.137	Los Reyes
MX.30.138	Río Blanco
MX.30.139	Saltabarranca
MX.30.140	San Andrés Tenejapan
MX.30.141	San Andrés Tuxtla
MX.30.142	San Juan Evangelista
MX.30.143	Santiago Tuxtla
MX.30.144	Sayula de Alemán
MX.30.145	Soconusco
MX.30.146	Sochiapa
MX.30.147	Soledad Atzompa
MX.30.148	Soledad de Doblado
MX.30.149	Soteapan
MX.30.150	Tamalín
MX.30.151	Tamiahua
MX.30.152	Tampico Alto
MX.30.153	Tancoco
MX.30.154	Tantima
MX.30.155	Tantoyuca
MX.30.156	Tatatila
MX.30.157	Castillo de Teayo
MX.30.158	Tecolutla
MX.30.159	Tehuipango
MX.30.160	Álamo Temapache
MX.30.161	Tempoal
MX.30.162	Tenampa
MX.30.163	Tenochtitlán
MX.30.164	Teocelo
MX.30.165	Tepatlaxco
MX.30.166	Tepetlán
MX.30.167	Tepetzintla
MX.30.168	Tequila
MX.30.169	José Azueta
MX.30.170	Texcatepec
MX.30.171	Texhuacán
MX.30.172	Texistepec
MX.30.173	Tezonapa
MX.30.174	Tierra Blanca
MX.30.175	Tihuatlán
MX.30.176	Tlacojalpan
MX.30.177	Tlacolulan
MX.30.178	Tlacotalpan
MX.30.179	Tlacotepec de Mejía
MX.30.180	Tlachichilco
MX.30.181	Tlalixcoyan
MX.30.182	Tlalnelhuayocan
MX.30.183	Tlapacoyan
MX.30.184	Tlaquilpa
MX.30.185	Tlilapan
MX.30.186	Tomatlán
MX.30.187	Tonayán
MX.30.188	Totutla
MX.30.189	Tuxpan
MX.30.190	Tuxtilla
MX.30.191	Ursulo Galván
MX.30.192	Vega de Alatorre
MX.30.193	Veracruz
MX.30.194	Villa Aldama
MX.30.195	Xoxocotla
MX.30.196	Yanga
MX.30.197	Yecuatla
MX.30.198	Zacualpan
MX.30.199	Zaragoza
MX.30.200	Zentla
MX.30.201	Zongolica
MX.30.202	Zontecomatlán de López y Fuentes
MX.30.203	Zozocolco de Hidalgo
MX.30.204	Agua Dulce
MX.30.205	El Higo
MX.30.206	Nanchital de Lázaro Cárdenas del Río
MX.30.207	Tres Valles
MX.30.208	Carlos A. Carrillo
MX.30.209	Tatahuicapan de Juárez
MX.30.210	Uxpanapa
MX.30.211	San Rafael
MX.30.212	Santiago Sochiapan
MX.31.001	Abalá
MX.31.002	Acanceh
MX.31.003	Akil
MX.31.004	Baca
MX.31.005	Bokobá
MX.31.006	Buctzotz
MX.31.007	Cacalchén
MX.31.008	Calotmul
MX.31.009	Cansahcab
MX.31.010	Cantamayec
MX.31.011	Celestún
MX.31.012	Cenotillo
MX.31.013	Conkal
MX.31.014	Cuncunul
MX.31.015	Cuzamá
MX.31.016	Chacsinkín
MX.31.018	Chapab
MX.31.019	Chemax
MX.31.020	Chicxulub Pueblo
MX.31.021	Chichimilá
MX.31.022	Chikindzonot
MX.31.023	Chocholá
MX.31.024	Chumayel
MX.31.025	Dzán
MX.31.026	Dzemul
MX.31.027	Dzidzantún
MX.31.028	Dzilam de Bravo
MX.31.029	Dzilam González
MX.31.030	Dzitás
MX.31.031	Dzoncauich
MX.31.032	Espita
MX.31.033	Halachó
MX.31.034	Hocabá
MX.31.035	Hoctún
MX.31.036	Homún
MX.31.037	Huhí
MX.31.038	Hunucmá
MX.31.039	Ixil
MX.31.040	Izamal
MX.31.041	Kanasín
MX.31.042	Kantunil
MX.31.043	Kaua
MX.31.044	Kinchil
MX.31.045	Kopomá
MX.31.046	Mama
MX.31.047	Maní
MX.31.048	Maxcanú
MX.31.049	Mayapán
MX.31.050	Mérida
MX.31.051	Mocochá
MX.31.052	Motul
MX.31.053	Muna
MX.31.054	Muxupip
MX.31.055	Opichén
MX.31.056	Oxkutzcab
MX.31.057	Panabá
MX.31.058	Peto
MX.31.059	Progreso
MX.31.060	Quintana Roo
MX.31.061	Río Lagartos
MX.31.062	Sacalum
MX.31.063	Samahil
MX.31.064	Sanahcat
MX.31.065	San Felipe
MX.31.066	Santa Elena
MX.31.067	Seyé
MX.31.068	Sinanché
MX.31.069	Sotuta
MX.31.070	Sucilá
MX.31.071	Sudzal
MX.31.074	Tahmek
MX.31.075	Teabo
MX.31.076	Tecoh
MX.31.077	Tekal de Venegas
MX.31.078	Tekantó
MX.31.079	Tekax
MX.31.080	Tekit
MX.31.081	Tekom
MX.31.082	Telchac Pueblo
MX.31.083	Telchac Puerto
MX.31.084	Temax
MX.31.085	Temozón
MX.31.086	Tepakán
MX.31.087	Tetiz
MX.31.088	Teya
MX.31.089	Ticul
MX.31.090	Timucuy
MX.31.091	Tinum
MX.31.092	Tixcacalcupul
MX.31.093	Tixkokob
MX.31.094	Tixmehuac
MX.31.095	Tixpéhual
MX.31.096	Tizimín
MX.31.097	Tunkás
MX.31.098	Tzucacab
MX.31.099	Uayma
MX.31.100	Ucú
MX.31.101	Umán
MX.31.102	Valladolid
MX.31.103	Xocchel
MX.31.104	Yaxcabá
MX.31.105	Yaxkukul
MX.31.106	Yobaín
MX.32.001	Apozol
MX.32.002	Apulco
MX.32.003	Atolinga
MX.32.005	Calera
MX.32.006	Cañitas de Felipe Pescador
MX.32.007	Concepción del Oro
MX.32.009	Chalchihuites
MX.32.010	Fresnillo
MX.32.011	Trinidad García de la Cadena
MX.32.012	Genaro Codina
MX.32.013	General Enrique Estrada
MX.32.014	General Francisco R. Murguía
MX.32.015	El Plateado de Joaquín Amaro
MX.32.016	General Pánfilo Natera
MX.32.017	Guadalupe
MX.32.018	Huanusco
MX.32.019	Jalpa
MX.32.020	Jerez
MX.32.021	Jiménez del Teul
MX.32.022	Juan Aldama
MX.32.023	Juchipila
MX.32.025	Luis Moya
MX.32.026	Mazapil
MX.32.028	Mezquital del Oro
MX.32.029	Miguel Auza
MX.32.030	Momax
MX.32.031	Monte Escobedo
MX.32.032	Morelos
MX.32.033	Moyahua de Estrada
MX.32.034	Nochistlán de Mejía
MX.32.035	Noria de Ángeles
MX.32.036	Ojocaliente
MX.32.037	Pánuco
MX.32.039	Río Grande
MX.32.040	Sain Alto
MX.32.041	El Salvador
MX.32.042	Sombrerete
MX.32.043	Susticacán
MX.32.044	Tabasco
MX.32.045	Tepechitlán
MX.32.046	Tepetongo
MX.32.047	Teúl de González Ortega
MX.32.048	Tlaltenango de Sánchez Román
MX.32.049	Valparaíso
MX.32.050	Vetagrande
MX.32.051	Villa de Cos
MX.32.052	Villa García
MX.32.053	Villa González Ortega
MX.32.054	Villa Hidalgo
MX.32.055	Villanueva
MX.32.056	Zacatecas
MX.32.057	Trancoso
MX.32.058	Santa María de la Paz
MY.02.0207	Langkawi
MY.06.0811	Temerluh
MY.01.0101	Daerah Batu Pahat
MY.01.0109	Daerah Pontian
MY.01.0104	Daerah Kota Tinggi
MY.01.0102	Daerah Johor Baharu
MY.01.0103	Daerah Keluang
MY.01.0107	Daerah Mersing
MY.01.0110	Daerah Segamat
MY.01.0108	Daerah Muar
MY.12.1706	Kuala Selangor
MY.12.1704	Klang
MY.16.1208	Kuala Penyu
MY.16.1213	Papar
MY.16.1214	Penampang
MY.16.1221	Tambunan
MY.16.1217	Ranau
MY.16.1218	Bahagian Sandakan
MY.16.1222	Bahagian Tawau
MY.16.1219	Semporna
MY.16.1203	Keningau
MY.16.1220	Sipitang
MY.16.1223	Tenom District
MY.16.1201	Beaufort
MY.02.0206	Kulim
MY.07.0908	Larut Matang & Selama
MY.02.0202	Bandar Baharu
MY.02.0201	Baling
MY.03.0309	Tanah Merah
MY.11.1302	Bau
MY.11.1311	Bahagian Kuching
MY.07.0907	Daerah Kuala Kangsar
MY.07.0906	Daerah Kinta
MY.12.1705	Kuala Langat
MY.12.1709	Sepang
MY.06.0810	Daerha Rompin
MY.06.0802	Bera
MY.09.1102	Seberang Perai Selatan
MY.09.1105	Daerah Timur Laut
MY.12.1701	Gombak
MY.12.1703	Hulu Selangor
MY.12.1707	Petaling
MY.12.1702	Hulu Langat
MY.12.1708	Sabak Bernam
MY.06.0804	Daerah Jerantut
MY.06.0803	Cameron Highlands
MY.11.1320	Mukah
MY.02.0212	Yan
MY.11.1326	Serian
MY.11.1324	Bahagian Sarikei
MY.11.1309	Kanowit
MY.02.0205	Kubang Pasu
MY.02.0208	Padang Terap
MY.02.0209	Pendang
MY.02.0203	Daerah Kota Setar
MY.03.0304	Kota Bharu
MY.16.1206	Kota Kinabalu
MY.11.1315	Lundu
MY.11.1304	Betong
MY.11.1323	Saratok
MY.11.1314	Lubok Antu
MY.11.1330	Bahagian Sri Aman
MY.11.1327	Bahagian Sibu
MY.11.1329	Song
MY.11.1312	Lawas
MY.11.1313	Bahagian Limbang
MY.11.1303	Belaga
MY.11.1310	Bahagian Kapit
MY.11.1331	Tatau
MY.11.1316	Marudi
MY.11.1319	Bahagian Miri
MY.11.1305	Bahagian Bintulu
MY.11.1322	Bahagian Samarahan
MY.16.1205	Kota Belud
MY.16.1207	Kota Marudu
MY.16.1204	Kinabatangan
MY.16.1211	Lahad Datu
MY.16.1210	Kunak
MY.02.0211	Sik
MY.02.0204	Kuala Muda
MY.09.1104	Seberang Perai Utara
MY.09.1101	Barat Daya
MY.03.0303	Jeli
MY.03.0307	Pasir Mas
MY.03.0310	Tumpat
MY.03.0305	Kuala Krai
MY.13.1507	Setiu
MY.13.1501	Besut
MY.11.1325	Selangau
MY.16.1202	Beluran
MY.03.0301	Bachok
MY.07.0901	Batang Padang
MY.11.1307	Daro
MY.04.0601	Alor Gajah
MY.13.1504	Kemaman
MY.06.0801	Bentong
MY.13.1505	Kuala Terengganu
MY.06.0805	Kuantan
MY.01.0105	Kulaijaya
MY.11.1306	Dalat
MY.13.1503	Hulu Terengganu
MY.05.0701	Jelebu
MY.05.0702	Jempol
MY.06.0809	Raub
MY.11.1318	Meradong
MY.07.0904	Kampar
MY.13.1506	Marang
MY.11.1317	Matu
MY.04.0603	Melaka Tengah
MY.06.0808	Pekan
MY.07.0910	Perak Tengah
MY.08.1001	Perlis
MY.01.0106	Ledang
MY.11.1328	Simunjan
MY.14.0401	WP. Kuala Lumpur
MY.02.0210	Pokok Sena
MY.06.0806	Lipis
MY.07.0903	Ulu Perak
MY.05.0707	Tampin
MY.17.1601	W.P. Putrajaya
MY.05.0705	Rembau
MY.03.0306	Machang
MY.15.0501	W.P. Labuan
MY.06.0807	Maran
MY.11.1321	Pakan
MY.03.0308	Pasir Puteh
MY.16.1216	Putatan
MY.09.1103	S.P. Tengah
MY.05.0706	Seremban
MY.11.1308	Julau
MY.07.0905	Kerian
MY.04.0602	Jasin
MY.05.0703	Kuala Pilah
MY.13.1502	Dungun
MY.03.0302	Gua Musang
MY.07.0902	Hilir Perak
MY.07.0909	Manjung (Dinding)
MY.16.1212	Nabawan
MY.05.0704	Port Dickson
MZ.10.1040948	Concelho de Manica
MZ.05.1051852	Concelho do Búzi
MZ.04.1090080	Manhica
MZ.06.7732034	Malema
MZ.06.7732035	Ribaue
MZ.02.7874104	Chokwe District
MZ.07.7874414	Lago District
MZ.07.7874417	Mecanhelas District
MZ.09.7874711	Maganja da Costa District
MZ.02.9252728	Guija
MZ.06.9252730	Ilha de Mocambique
MZ.02.9408663	Xai-Xai District
MZ.11.10683815	KaMubukwana
NA.29.7931907	Swakopmund Constituency
NA.31.7931912	Oranjemund Constituency
NA.36.11979320	Okahao
NC.02.98832	Yaté
NC.01.98831	Voh
NC.01.98830	Touho
NC.02.98829	Thio
NC.01.98827	Poya
NC.01.98825	Pouembout
NC.01.98824	Pouébo
NC.01.98823	Ponérihouen
NC.01.98822	Poindimié
NC.02.98821	Païta
NC.03.98820	Ouvéa
NC.01.98819	Ouégoa
NC.02.98818	Nouméa
NC.02.98817	Le Mont-Dore
NC.03.98815	Maré
NC.03.98814	Lifou
NC.01.98812	Koumac
NC.01.98810	Kaala-Gomén
NC.01.98801	Bélep
NC.02.98809	L’Île des Pins
NC.01.98808	Houaïlou
NC.01.98807	Hienghéne
NC.02.98805	Dumbéa
NC.01.98804	Canala
NC.02.98803	Bourail
NC.02.98802	Bouloupari
NC.01.98811	Koné
NC.02.98813	La Foa
NC.01.98826	Poum
NE.04.2441290	Ville de Maradi
NE.03.11204211	Boboye Department
NE.04.11996004	Bermo
NE.07.11996011	Ville de Zinder
NG.05.25012	Ikorodu
NG.45.1002	Aba South
NG.45.1005	Ikwuano
NG.45.1013	Ukwa East
NG.21.3004	Esit Eket
NG.21.3018	Mkpat Enin
NG.21.3026	Oruk Anam
NG.25.4002	Anambra East
NG.25.4004	Anaocha
NG.25.4005	Awka North
NG.25.4006	Awka South
NG.29.20015	Tofa
NG.41.23017	Okene
NG.31.27010	Katcha
NG.31.27014	Magama
NG.31.27017	Mokwa
NG.31.27020	Rafi
NG.42.30007	Ede North
NG.42.30009	Egbedore
NG.42.30011	Ife Central
NG.42.30014	Ife South
NG.42.30016	Ifelodun
NG.42.30017	Ila
NG.42.30020	Irepodun
NG.42.30021	Irewole
NG.42.30022	Isokan
NG.42.30025	Odo Otin
NG.42.30026	Ola Oluwa
NG.42.30028	Oriade
NG.32.31018	Iwajowa
NG.32.31024	Olorunsogo
NG.32.31025	Oluyole
NG.32.31026	Ona Ara
NG.32.31027	Orelope
NG.50.33003	Ahoada West
NG.50.33005	Andoni
NG.50.33011	Etche
NG.50.33016	Ogba/Egbema/Ndoni
NG.50.33019	Omumma
NG.50.33021	Oyigbo
NG.50.33023	Tai
NG.51.602	Bodinga
NG.51.616	Sokoto North
NG.25.4003	Anambra West
NG.25.4010	Idemili North
NG.25.4011	Idemili South
NG.25.4013	Njikoka
NG.25.4015	Nnewi South
NG.25.4016	Ogbaru
NG.25.4019	Orumba North
NG.25.4020	Orumba South
NG.25.4021	Oyi
NG.26.7006	Guma
NG.26.7007	Gwer East
NG.26.7012	Logo
NG.26.7015	Ogbadibo
NG.26.7023	Vandeikya
NG.24.420	Kankia
NG.24.424	Mai'Adua
NG.24.431	Sabuwa
NG.36.10002	Aniocha South
NG.36.10006	Ethiope West
NG.36.10005	Ethiope East
NG.36.10007	Ika North East
NG.36.10008	Ika South
NG.36.10009	Isoko North
NG.36.10010	Isoko South
NG.36.10011	Ndokwa East
NG.36.10012	Ndokwa West
NG.36.10014	Oshimili North
NG.36.10015	Oshimili South
NG.36.10018	Udu
NG.36.10019	Ughelli North
NG.36.10020	Ughelli South
NG.36.10021	Ukwuani
NG.36.10023	Warri North
NG.36.10024	Warri South
NG.36.10022	Uvwie
NG.28.17001	Aboh-Mbaise
NG.28.17002	Ahiazu-Mbaise
NG.28.17007	Ihitte/Uboma
NG.28.17009	Isiala Mbano
NG.28.17011	Mbatoli
NG.28.17013	Njaba
NG.28.17018	Ohaji/Egbema
NG.28.17019	Okigwe
NG.28.17021	Orsu
NG.28.17022	Oru East
NG.28.17023	Oru West
NG.28.17026	Owerri West
NG.45.1010	Ohafia
NG.28.17027	Unuimo
NG.41.23001	Adavi
NG.35.2002	Fufore
NG.41.23004	Bassa
NG.41.23006	Ibaji
NG.41.23008	Igalamela-Odolu
NG.41.23009	Ijumu
NG.41.23010	Kabba/Bunu
NG.35.2010	Madagali
NG.41.23013	Mopa-Muro
NG.41.23014	Ofu
NG.41.23016	Okehi
NG.41.23019	Omala
NG.41.23020	Yagba East
NG.41.23021	Yagba West
NG.31.27001	Agaie
NG.31.27002	Agwara
NG.46.5002	Bauchi
NG.31.27003	Bida
NG.31.27004	Borgu
NG.46.5003	Bogoro
NG.31.27006	Chanchaga
NG.31.27007	Edati
NG.46.5005	Darazo
NG.46.5014	Misau
NG.26.7004	Bukuru
NG.26.7005	Gboko
NG.26.7011	Kwande
NG.22.9007	Boki
NG.53.11002	Afikpo North
NG.53.11007	Ikwo
NG.53.11010	Izzi
NG.47.14003	Enugu East
NG.47.14008	Igbo-Eze-North
NG.47.14016	Udi
NG.40.515	Ngaski
NG.40.520	Yauri
NG.40.521	Zuru
NG.31.27008	Gbako
NG.31.27009	Gurara
NG.31.27013	Lavun
NG.49.32013	Pankshin
NG.49.32016	Shendam
NG.31.27018	Muya
NG.31.27019	Paikoro
NG.42.30003	Atakunmosa East
NG.42.30004	Atakunmosa West
NG.44.702	Borsari
NG.42.30005	Boluwaduro
NG.42.30006	Boripe
NG.44.707	Gujba
NG.32.31012	Ibarapa East
NG.32.31013	Ibarapa North
NG.44.708	Gulani
NG.32.31014	Ido
NG.32.31019	Kajola
NG.32.31020	Lagelu
NG.32.31028	Ori Ire
NG.32.31030	Oyo West
NG.32.31032	Saki West
NG.32.31033	Surulere
NG.50.33012	Gokana
NG.50.33013	Ikwerre
NG.50.33017	Ogu Bolo
NG.45.1007	Isiala-Ngwa South
NG.45.1014	Ukwa West
NG.45.1017	Umuahia South
NG.21.3002	Eastern Obolo
NG.21.3019	Nsit Atai
NG.21.3021	Nsit Ubium
NG.21.3024	Onna
NG.26.7002	Agatu
NG.26.7008	Gwer West
NG.26.7010	Konshisha
NG.26.7022	Ushongo
NG.11.15002	Bwari
NG.23.19011	Kagarko
NG.23.19008	Kachia
NG.23.19002	Chikun
NG.23.19004	Igabi
NG.23.19010	Kaduna South
NG.23.19018	Makarfi
NG.23.19009	Kaduna North
NG.23.19019	Sabon Gari
NG.23.19016	Kudan
NG.29.20034	Kiru
NG.29.20025	Bebeji
NG.29.20003	Garum Mallam
NG.29.20035	Kura
NG.29.20022	Dawakin Kudu
NG.29.20044	Kumbotso
NG.56.26009	Nasarawa
NG.16.28020	Shagamu
NG.05.25013	Kosofe
NG.05.25017	Shomolu
NG.05.25005	Apapa
NG.30.24005	Ifelodun
NG.05.25004	Amuwo Odofin
NG.05.25015	Ojo
NG.05.25006	Badagry
NG.16.28012	Ikenne
NG.16.28017	Odogbolu
NG.16.28011	Ijebu Ode
NG.16.28008	Ijebu East
NG.48.29013	Odigbo
NG.48.29008	Idanre
NG.37.12015	Ovia South-West
NG.37.12014	Ovia North-East
NG.37.12013	Orhionmwon
NG.36.10001	Aniocha North
NG.25.4017	Onitsha North
NG.32.31002	Akinyele
NG.32.31001	Afijio
NG.30.24015	Oyun
NG.05.25001	Agege
NG.16.28015	Obafemi Owode
NG.32.31015	Irepo
NG.30.24011	Kaiama
NG.40.505	Bagudo
NG.40.513	Koko-Besse
NG.57.806	Gummi
NG.40.514	Maiyama
NG.40.511	Jega
NG.40.510	Gwandu
NG.51.623	Yabo
NG.51.621	Wamako
NG.47.14014	Oji-River
NG.50.33022	Port-Harcourt
NG.50.33015	Obio/Akpor
NG.45.1008	Isuikwuato
NG.47.14002	Awgu
NG.47.14011	Nkanu East
NG.50.33014	Khana
NG.23.19001	Birnin Gwari
NG.23.19020	Sanga
NG.23.19021	Soba
NG.29.20040	Minjibir
NG.29.20018	Ungogo
NG.29.20039	Makoda
NG.29.20042	Kunchi
NG.29.20005	Rimin Gado
NG.29.20032	Rogo
NG.29.20027	Wudil
NG.30.24001	Asa
NG.30.24002	Baruten
NG.30.24016	Pategi
NG.29.20013	Shanono
NG.29.20002	Takai
NG.29.20028	Bunkure
NG.05.25003	Alimosho
NG.05.25010	Ifako/Ijaye
NG.05.25007	Epe
NG.05.25009	Ibeju Lekki
NG.05.25011	Ikeja
NG.05.25014	Mushin
NG.05.25016	Oshodi/Isolo
NG.56.26001	Akwanga
NG.56.26008	Lafia
NG.56.26011	Obi
NG.56.26005	Keana
NG.26.7013	Markurdi
NG.26.7016	Ohimini
NG.26.7018	Okpokwu
NG.47.14010	Isi-Uzo
NG.25.4008	Dunukofia
NG.37.12018	Uhunmwonde
NG.37.12011	Ikpoba-Okha
NG.47.14012	Nkanu West
NG.45.1015	Umu-Nneochi
NG.45.1016	Umuahia North
NG.45.1006	Isiala-Ngwa North
NG.23.19003	Giwa
NG.47.14017	Uzo-Uwani
NG.05.25008	Eti Osa
NG.22.9011	Ikom
NG.22.9016	Ogoja
NG.22.9013	Obubra
NG.22.9001	Abi
NG.22.9014	Obudu
NG.26.7009	Katsina-Ala
NG.05.25018	Surulere
NG.05.25002	Ajeromi/Ifelodun
NG.32.31008	Ibadan North West
NG.40.517	Shanga
NG.40.508	Dandi
NG.40.518	Suru
NG.40.507	Bunza
NG.40.512	Kalgo
NG.40.509	Fakai
NG.40.516	Sakaba
NG.40.519	Wasagu-Danko
NG.40.501	Aleiro
NG.40.506	Birnin Kebbi
NG.40.503	Argungu
NG.40.504	Augie
NG.40.502	Arewa Dandi
NG.51.606	Gudu
NG.51.601	Binji
NG.51.619	Tangaza
NG.51.607	Gwadabawa
NG.51.604	Gada
NG.51.613	Sabon Birni
NG.51.605	Goronyo
NG.51.609	Isa
NG.51.622	Wurno
NG.51.611	Kware
NG.51.612	Rabah
NG.51.615	Silame
NG.51.603	Dange-Shuni
NG.51.620	Tureta
NG.51.614	Shagari
NG.51.618	Tambuwal
NG.51.610	Kebbe
NG.57.811	Shinkafi
NG.57.809	Maradun
NG.57.814	Zurmi
NG.57.808	Kaura Namoda
NG.57.803	Birnin Magaji-Kiyaw
NG.57.802	Bakura
NG.57.812	Talata Mafara
NG.57.810	Maru
NG.57.804	Bukkuyum
NG.57.801	Anka
NG.57.805	Bungudu
NG.57.807	Gusau
NG.57.813	Tsafe
NG.24.416	Jibia
NG.24.403	Batsari
NG.24.421	Katsina
NG.24.418	Kaita
NG.24.402	Batagarawa
NG.24.430	Rimi
NG.24.422	Kurfi
NG.24.405	Bindawa
NG.24.426	Mani
NG.24.427	Mashi
NG.24.410	Daura
NG.24.411	Dutsi
NG.24.433	Sandamu
NG.24.434	Zango
NG.24.404	Baure
NG.24.415	Ingawa
NG.24.423	Kusada
NG.24.406	Charanchi
NG.24.412	Dutsin Ma
NG.24.432	Safana
NG.24.409	Dan Musa
NG.24.428	Matazu
NG.24.429	Musawa
NG.24.419	Kankara
NG.24.425	Malumfashi
NG.24.417	Kafur
NG.24.401	Bakori
NG.24.413	Faskari
NG.24.407	Dandume
NG.24.414	Funtua
NG.24.408	Danja
NG.29.20023	Dambatta
NG.29.20016	Gabasawa
NG.29.20031	Bichi
NG.29.20008	Tsanyawa
NG.29.20038	Bagwai
NG.29.20017	Gwarzo
NG.29.20026	Kabo
NG.29.20021	Dawakin Tofa
NG.29.20010	Gezawa
NG.29.20036	Madobi
NG.29.20004	Ajingi
NG.29.20007	Gaya
NG.29.20009	Albasu
NG.29.20041	Karaye
NG.29.20014	Rano
NG.29.20033	Kibiya
NG.29.20006	Garko
NG.29.20011	Sumaila
NG.29.20029	Tudun Wada
NG.29.20020	Doguwa
NG.29.20043	Kano Municipal
NG.39.18009	Gwiwa
NG.39.18019	Yankwashi
NG.39.18015	Roni
NG.39.18010	Kazaure
NG.39.18004	Babura
NG.39.18024	Garki
NG.39.18030	Sule Tankakar
NG.39.18006	Gumel
NG.39.18023	Maigatari
NG.39.18016	Gagarawa
NG.39.18020	Ringim
NG.39.18002	Taura
NG.39.18001	Kaugama
NG.39.18014	Miga
NG.39.18026	Jahun
NG.39.18012	Dutse
NG.39.18025	Kiyawa
NG.39.18027	Kafin Hausa
NG.39.18013	Auyo
NG.39.18011	Hadejia
NG.39.18005	Guri
NG.39.18007	Kiri Kasama
NG.39.18021	Biriniwa
NG.39.18017	Malam Maduri
NG.39.18022	Birnin Kudu
NG.39.18018	Buji
NG.39.18008	Gwaram
NG.46.5015	Ningi
NG.46.5019	Warji
NG.46.5018	Toro
NG.46.5006	Dass
NG.46.5008	Ganjuwa
NG.46.5009	Giade
NG.46.5016	Shira
NG.46.5004	Damban
NG.46.5011	Jama'Are
NG.46.5012	Katagum
NG.46.5010	Itas/Gadau
NG.46.5020	Zaki
NG.46.5007	Gamawa
NG.46.5013	Kirfi
NG.46.5001	Alkaleri
NG.46.5017	Tafawa-Balewa
NG.49.32007	Kanam
NG.49.32008	Kanke
NG.49.32009	Langtang North
NG.49.32017	Wase
NG.49.32011	Mangu
NG.49.32003	Bokkos
NG.49.32001	Barkin Ladi
NG.49.32015	Riyom
NG.49.32006	Jos South
NG.49.32005	Jos North
NG.49.32004	Jos East
NG.49.32002	Bassa
NG.49.32012	Mikang
NG.49.32014	Qua'An Pan
NG.49.32010	Langtang South
NG.23.19022	Zangon Kataf
NG.23.19013	Kaura
NG.23.19007	Jema'A
NG.23.19017	Lere
NG.23.19014	Kauru
NG.23.19012	Kajuru
NG.23.19005	Ikara
NG.23.19015	Kuban
NG.23.19006	Jaba
NG.31.27021	Rijau
NG.31.27015	Mariga
NG.31.27011	Kontagora
NG.31.27022	Shiroro
NG.31.27023	Suleja
NG.31.27016	Mashegu
NG.31.27025	Wushishi
NG.31.27005	Bosso
NG.31.27012	Lapai
NG.11.15003	Gwagwalada
NG.11.15001	Abaji
NG.11.15005	Kwali
NG.11.15004	Kuje
NG.11.15006	Municipal Area Council
NG.56.26012	Toto
NG.56.26006	Keffi
NG.56.26004	Karu
NG.56.26007	Kokona
NG.56.26010	Nasarawa Egon
NG.56.26013	Wamba
NG.56.26003	Doma
NG.56.26002	Awe
NG.30.24012	Moro
NG.30.24006	Ilorin East
NG.30.24007	Ilorin South
NG.30.24013	Offa
NG.30.24009	Irepodun
NG.30.24010	Isin
NG.30.24014	Oke Ero
NG.30.24004	Ekiti
NG.30.24003	Edu
NG.32.31031	Saki East
NG.32.31004	Atisbo
NG.32.31021	Ogbomosho North
NG.32.31023	Ogo Oluwa
NG.32.31017	Itesiwaju
NG.32.31016	Iseyin
NG.32.31011	Ibarapa Central
NG.32.31005	Egbeda
NG.16.28013	Imeko Afon
NG.16.28004	Egbado North
NG.16.28005	Egbado South
NG.16.28014	Ipokia
NG.16.28003	Ado Odo/Ota
NG.16.28007	Ifo
NG.16.28016	Odeda
NG.16.28002	Abeokuta South
NG.16.28006	Ewekoro
NG.16.28019	Remo North
NG.16.28009	Ijebu North
NG.16.28010	Ijebu North East
NG.16.28018	Ogun Waterside
NG.42.30010	Ejigbo
NG.42.30023	Iwo
NG.42.30002	Aiyedire
NG.42.30001	Aiyedade
NG.42.30030	Osogbo
NG.42.30029	Orolu
NG.42.30024	Obokun
NG.42.30019	Ilesha West
NG.42.30013	Ife North
NG.54.13002	Efon
NG.54.13005	Ekiti West
NG.54.13009	Ijero
NG.54.13015	Moba
NG.54.13008	Ido-Osi
NG.54.13012	Ilejemeje
NG.54.13016	Oye
NG.54.13011	Ikole
NG.54.13003	Ekiti East
NG.54.13013	Irepodun/Ifelodun
NG.54.13001	Ado-Ekiti
NG.54.13007	Gbonyin
NG.54.13006	Emure
NG.54.13014	Ise/Orun
NG.54.13010	Ikere
NG.54.13004	Ekiti South-West
NG.48.29010	Ilaje
NG.48.29007	Ese Odo
NG.48.29014	Okitipupa
NG.48.29012	Irele
NG.48.29016	Ondo West
NG.48.29015	Ondo East
NG.48.29011	Ile Oluji/Okeigbo
NG.48.29009	Ifedore
NG.48.29006	Akure South
NG.48.29005	Akure North
NG.48.29018	Owo
NG.48.29017	Ose
NG.48.29004	Akoko South West
NG.48.29003	Akoko South East
NG.48.29001	Akoko North East
NG.48.29002	Akoko North West
NG.37.12002	Egor
NG.37.12012	Oredo
NG.37.12010	Iguegben
NG.37.12006	Esan West
NG.37.12004	Esan Central
NG.37.12003	Esan North-East
NG.37.12005	Esan South-East
NG.37.12017	Owan West
NG.37.12016	Owan East
NG.37.12001	Akoko-Edo
NG.37.12008	Etsako East
NG.37.12009	Etsako West
NG.37.12007	Etsako Central
NG.41.23011	Kogi
NG.41.23012	Lokoja
NG.41.23015	Ogori/Magongo
NG.41.23002	Ajaokuta
NG.41.23005	Dekina
NG.41.23003	Ankpa
NG.41.23007	Idah
NG.41.23018	Olamaboro
NG.36.10017	Sapele
NG.36.10013	Okpe
NG.36.10004	Burutu
NG.36.10003	Bomadi
NG.36.10016	Patani
NG.25.4007	Ayamelum
NG.25.4001	Aguata
NG.25.4012	Ihiala
NG.25.4014	Nnewi North
NG.25.4009	Ekwusigo
NG.52.6002	Ekeremor
NG.52.6007	Southern Ijaw
NG.52.6006	Sagbama
NG.52.6008	Yenegoa
NG.52.6003	Kolokuma/Opokuma
NG.52.6005	Ogbia
NG.52.6004	Nembe
NG.50.33002	Ahoada East
NG.50.33001	Abua/Odual
NG.50.33010	Emuoha
NG.50.33008	Degema
NG.50.33009	Eleme
NG.50.33006	Asari-Toru
NG.50.33018	Okrika
NG.28.17017	Oguta
NG.28.17012	Ngor-Okpala
NG.28.17024	Owerri Municipal
NG.28.17008	Ikeduru
NG.28.17004	Ezinihitte
NG.28.17020	Orlu
NG.28.17005	Ideato North
NG.28.17006	Ideato South
NG.28.17010	Isu
NG.28.17014	Nkwerre
NG.28.17015	Nwangele
NG.45.1004	Bende
NG.45.1003	Arochukwu
NG.45.1011	Osisioma Ngwa
NG.21.3015	Ini
NG.21.3022	Obot Akara
NG.21.3012	Ikono
NG.21.3014	Ikot Ekpene
NG.21.3010	Ibiono Ibom
NG.21.3016	Itu
NG.21.3005	Essien Udim
NG.21.3011	Ika
NG.21.3006	Etim Ekpo
NG.21.3031	Uyo
NG.21.3029	Uruan
NG.21.3009	Ibesikpo Asutan
NG.21.3001	Abak
NG.21.3028	Ukanafun
NG.21.3020	Nsit Ibom
NG.21.3007	Etinan
NG.21.3013	Ikot Abasi
NG.21.3008	Ibeno
NG.21.3017	Mbo
NG.21.3003	Eket
NG.21.3027	Udung Uko
NG.21.3030	Urue Offong/Oruko
NG.21.3023	Okobo
NG.21.3025	Oron
NG.22.9018	Yala
NG.22.9005	Bekwarra
NG.22.9012	Obanliku
NG.22.9010	Etung
NG.22.9017	Yakurr
NG.22.9006	Biase
NG.22.9002	Akamkpa
NG.22.9015	Odukpani
NG.22.9008	Calabar Municipal
NG.22.9003	Akpabuyo
NG.53.11003	Afikpo South
NG.53.11008	Ishielu
NG.53.11012	Ohaukwu
NG.53.11004	Ebonyi
NG.53.11013	Onicha
NG.53.11006	Ezza South
NG.53.11011	Ohaozara
NG.53.11009	Ivo
NG.47.14015	Udenu
NG.47.14009	Igbo-Eze-South
NG.47.14013	Nsukka
NG.47.14007	Igbo-Etiti
NG.47.14004	Enugu North
NG.47.14006	Ezeagu
NG.47.14001	Aninri
NG.26.7003	Apa
NG.26.7020	Tarka
NG.26.7001	Ado
NG.26.7014	Obi
NG.26.7017	Oju
NG.26.7021	Ukum
NG.43.35008	Karim Lamido
NG.43.35010	Lau
NG.43.35016	Zing
NG.43.35015	Yorro
NG.43.35007	Jalingo
NG.43.35001	Ardo-Kola
NG.43.35006	Ibi
NG.43.35005	Gassol
NG.43.35002	Bali
NG.43.35014	Wukari
NG.43.35003	Donga
NG.43.35013	Ussa
NG.43.35009	Kurmi
NG.43.35011	Sardauna
NG.43.35004	Gashaka
NG.55.16010	Shomgom
NG.55.16003	Billiri
NG.55.16002	Balanga
NG.55.16007	Kaltungo
NG.55.16001	Akko
NG.55.16011	Yamaltu/Deba
NG.55.16006	Gombe
NG.55.16008	Kwami
NG.55.16004	Dukku
NG.55.16005	Funakaye
NG.55.16009	Nafada
NG.35.2013	Michika
NG.35.2014	Mubi North
NG.35.2015	Mubi South
NG.35.2007	Hong
NG.35.2011	Maiha
NG.35.2005	Gombi
NG.35.2018	Song
NG.35.2017	Shelleng
NG.35.2006	Guyuk
NG.35.2009	Larmurde
NG.35.2016	Numan
NG.35.2001	Demsa
NG.35.2004	Girei
NG.35.2020	Yola North
NG.35.2012	Mayo-Belwa
NG.35.2008	Jada
NG.35.2003	Ganye
NG.35.2019	Teungo
NG.27.101	Abadam
NG.27.122	Mobbar
NG.27.110	Guzamala
NG.27.109	Gubio
NG.27.126	Nganzai
NG.27.123	Monguno
NG.27.120	Magumeri
NG.27.121	Marte
NG.27.125	Ngala
NG.27.115	Kala-Balge
NG.27.119	Mafa
NG.27.108	Dikwa
NG.27.113	Jere
NG.27.116	Konduga
NG.27.114	Kaga
NG.27.103	Bama
NG.27.111	Gwoza
NG.27.107	Damboa
NG.27.106	Chibok
NG.27.102	Askira-Uba
NG.27.105	Biu
NG.27.112	Hawul
NG.27.104	Bayo
NG.27.127	Shani
NG.27.118	Kwaya Kusar
NG.27.124	Maiduguri
NG.44.711	Machina
NG.44.713	Nguru
NG.44.717	Yusufari
NG.44.716	Yunusari
NG.44.710	Karasuwa
NG.44.701	Barde
NG.44.706	Geidam
NG.44.709	Jakusko
NG.44.715	Tarmua
NG.44.703	Damaturu
NG.44.705	Fune
NG.44.712	Nangere
NG.44.714	Potiskum
NG.44.704	Fika
NG.51.608	Illela
NG.05.9485474	Lagos Mainland Local Government Area
NI.13.0560	Wiwilí de Nueva Segovia
NI.10.5510	Municipio de Tipitapa
NI.01.5025	Municipio de Teustepe
NI.12.4060	Municipio de Terrabona
NI.12.4025	Municipio de Sébaco
NI.02.7535	Municipio de Santa Teresa
NI.07.1025	Municipio de San Sebastián de Yalí
NI.07.1020	Municipio de San Rafael del Norte
NI.05.2530	Municipio de San Nicolás
NI.11.6040	Municipio de San Juan de Oriente
NI.15.8045	Municipio de San Juan del Sur
NI.15.8040	Municipio de Rivas
NI.08.3535	Municipio de Quezalguaque
NI.03.3030	Municipio de Puerto Morazán
NI.17.9135	Municipality of Prinzapolka
NI.13.0545	Municipio de Ocotal
NI.11.6005	Municipio de Nindirí
NI.06.7020	Municipio de Nandaime
NI.12.4045	Municipio de Muy Muy
NI.15.8025	Municipio de Moyogalpa
NI.12.4040	Municipio de Matiguás
NI.08.3525	Municipio de Larreynaga
NI.08.3545	La Paz Centro
NI.07.1030	Municipio de La Concordia
NI.04.6510	Municipio de Juigalpa
NI.02.7510	Municipio de Jinotepe
NI.13.0505	Municipio de Jalapa
NI.12.4050	Municipio de Esquipulas
NI.02.7515	Municipio de Dolores
NI.18.9335	Corn Islands
NI.03.3060	Municipio de Chichigalpa
NI.10.5520	Villa El Carmen
NI.15.8050	Municipio de Cárdenas
NI.15.8030	Municipio de Altagracia
NI.08.3505	Municipio de Achuapa
NI.07.1010	Municipio El Cua
NI.07.1012	Municipio de San José de Bocay
NI.07.1015	Municipio de Santa María de Pantasma
NI.07.1005	Wiwilí de Jinotega
NI.04.6507	Municipio de San Francisco de Cuapa
NI.18.9312	Desembocadura de Río Grande
NI.14.8525	El Castillo
NI.10.5522	Ciudad Sandino
NI.10.5530	Ticuantepe
NI.10.5532	El Crucero
NI.14.8530	Grey Town
NL.15.0193	Gemeente Zwolle
NL.11.0642	Gemeente Zwijndrecht
NL.03.0301	Gemeente Zutphen
NL.06.0879	Gemeente Zundert
NL.11.0638	Gemeente Zoeterwoude
NL.11.0637	Gemeente Zoetermeer
NL.03.0299	Gemeente Zevenaar
NL.09.0355	Gemeente Zeist
NL.16.0050	Gemeente Zeewolde
NL.07.0473	Gemeente Zandvoort
NL.03.0297	Gemeente Zaltbommel
NL.07.0479	Gemeente Zaanstad
NL.09.0351	Gemeente Woudenberg
NL.09.0632	Gemeente Woerden
NL.06.0873	Gemeente Woensdrecht
NL.03.0294	Gemeente Winterswijk
NL.09.0352	Gemeente Wijk bij Duurstede
NL.03.0296	Gemeente Wijchen
NL.15.0189	Gemeente Wierden
NL.02.0098	Gemeente Weststellingwerf
NL.03.0293	Gemeente Westervoort
NL.04.1969	Westerkwartier
NL.05.0988	Gemeente Weert
NL.11.0629	Gemeente Wassenaar
NL.03.0289	Gemeente Wageningen
NL.11.0627	Gemeente Waddinxveen
NL.06.0867	Gemeente Waalwijk
NL.06.0866	Gemeente Waalre
NL.06.0865	Gemeente Vught
NL.03.0285	Gemeente Voorst
NL.11.0626	Gemeente Voorschoten
NL.05.0986	Gemeente Voerendaal
NL.10.0718	Gemeente Vlissingen
NL.02.0096	Gemeente Vlieland
NL.11.0622	Gemeente Vlaardingen
NL.09.1961	Vijfheerenlanden
NL.05.0984	Gemeente Venray
NL.05.0983	Gemeente Venlo
NL.07.0453	Gemeente Velsen
NL.06.0861	Gemeente Veldhoven
NL.10.0717	Gemeente Veere
NL.09.0345	Gemeente Veenendaal
NL.04.0047	Gemeente Veendam
NL.06.0858	Gemeente Valkenswaard
NL.05.0981	Gemeente Vaals
NL.09.0344	Gemeente Utrecht
NL.16.0184	Gemeente Urk
NL.07.0451	Gemeente Uithoorn
NL.07.0450	Gemeente Uitgeest
NL.15.0183	Gemeente Tubbergen
NL.06.0855	Gemeente Tilburg
NL.03.0281	Gemeente Tiel
NL.10.0716	Gemeente Tholen
NL.07.0448	Gemeente Texel
NL.02.0093	Gemeente Terschelling
NL.10.0715	Gemeente Terneuzen
NL.05.0971	Gemeente Stein
NL.06.0851	Gemeente Steenbergen
NL.15.0180	Gemeente Staphorst
NL.04.0037	Gemeente Stadskanaal
NL.06.0848	Gemeente Son en Breugel
NL.06.0847	Gemeente Someren
NL.09.0342	Gemeente Soest
NL.02.0090	Gemeente Smallingerland
NL.10.1714	Gemeente Sluis
NL.11.0610	Gemeente Sliedrecht
NL.06.0845	Gemeente Sint-Michielsgestel
NL.05.0965	Gemeente Simpelveld
NL.06.0796	Gemeente 's-Hertogenbosch
NL.11.0518	Gemeente Den Haag
NL.02.0088	Gemeente Schiermonnikoog
NL.11.0606	Gemeente Schiedam
NL.03.0279	Gemeente Scherpenzeel
NL.07.0441	Gemeente Schagen
NL.06.0840	Gemeente Rucphen
NL.03.0277	Gemeente Rozendaal
NL.11.0599	Rotterdam
NL.06.1674	Roosendaal
NL.05.0957	Gemeente Roermond
NL.11.0603	Gemeente Rijswijk
NL.11.0597	Gemeente Ridderkerk
NL.09.0340	Gemeente Rhenen
NL.03.0275	Gemeente Rheden
NL.09.0339	Gemeente Renswoude
NL.03.0274	Gemeente Renkum
NL.10.0703	Gemeente Reimerswaal
NL.15.0177	Gemeente Raalte
NL.03.0273	Gemeente Putten
NL.07.0439	Gemeente Purmerend
NL.11.0590	Gemeente Papendrecht
NL.09.0589	Gemeente Oudewater
NL.07.0437	Gemeente Ouder-Amstel
NL.06.0828	Gemeente Oss
NL.02.0086	Gemeente Opsterland
NL.07.0432	Gemeente Opmeer
NL.02.0085	Gemeente Ooststellingwerf
NL.06.0826	Gemeente Oosterhout
NL.15.0175	Gemeente Ommen
NL.15.0173	Gemeente Oldenzaal
NL.03.0269	Gemeente Oldebroek
NL.06.0824	Gemeente Oisterwijk
NL.06.0823	Gemeente Oirschot
NL.11.0579	Gemeente Oegstgeest
NL.03.0302	Gemeente Nunspeet
NL.06.0820	Gemeente Nuenen, Gerwen en Nederwetten
NL.11.0575	Gemeente Noordwijk
NL.16.0171	Gemeente Noordoostpolder
NL.03.0268	Gemeente Nijmegen
NL.03.0267	Gemeente Nijkerk
NL.11.0569	Gemeente Nieuwkoop
NL.09.0356	Gemeente Nieuwegein
NL.05.0946	Gemeente Nederweert
NL.05.0944	Gemeente Mook en Middelaar
NL.09.0335	Gemeente Montfoort
NL.10.0687	Gemeente Middelburg
NL.01.0119	Gemeente Meppel
NL.05.0938	Gemeente Meerssen
NL.07.0420	Gemeente Medemblik
NL.06.1719	Gemeente Drimmelen
NL.05.0935	Gemeente Maastricht
NL.11.0556	Gemeente Maassluis
NL.03.0263	Gemeente Maasdriel
NL.15.0168	Gemeente Losser
NL.09.0331	Gemeente Lopik
NL.06.0809	Gemeente Loon op Zand
NL.03.0262	Gemeente Lochem
NL.11.0553	Gemeente Lisse
NL.09.0327	Gemeente Leusden
NL.16.0995	Gemeente Lelystad
NL.11.0547	Gemeente Leiderdorp
NL.11.0546	Gemeente Leiden
NL.02.0080	Gemeente Leeuwarden
NL.07.0417	Gemeente Laren
NL.07.0415	Gemeente Landsmeer
NL.11.0542	Gemeente Krimpen aan den IJssel
NL.05.0928	Gemeente Kerkrade
NL.11.0537	Gemeente Katwijk
NL.10.0678	Gemeente Kapelle
NL.15.0166	Gemeente Kampen
NL.09.0353	Gemeente IJsselstein
NL.10.0677	Gemeente Hulst
NL.07.0406	Gemeente Huizen
NL.09.0321	Gemeente Houten
NL.07.0405	Gemeente Hoorn
NL.01.0118	Gemeente Hoogeveen
NL.11.1963	Hoeksche Waard
NL.07.0402	Gemeente Hilversum
NL.06.0798	Gemeente Hilvarenbeek
NL.11.0534	Gemeente Hillegom
NL.06.0797	Gemeente Heusden
NL.03.0252	Gemeente Heumen
NL.15.0164	Gemeente Hengelo
NL.11.0531	Gemeente Hendrik-Ido-Ambacht
NL.06.0794	Gemeente Helmond
NL.15.0163	Gemeente Hellendoorn
NL.07.0399	Gemeente Heiloo
NL.05.0917	Gemeente Heerlen
NL.02.0074	Gemeente Heerenveen
NL.03.0246	Gemeente Heerde
NL.07.0397	Gemeente Heemstede
NL.07.0396	Gemeente Heemskerk
NL.03.0244	Gemeente Hattem
NL.02.0072	Gemeente Harlingen
NL.11.0523	Gemeente Hardinxveld-Giessendam
NL.03.0243	Gemeente Harderwijk
NL.15.0160	Gemeente Hardenberg
NL.07.0394	Gemeente Haarlemmermeer
NL.07.0392	Gemeente Haarlem
NL.15.0158	Gemeente Haaksbergen
NL.04.0014	Gemeente Groningen
NL.03.1945	Gemeente Berg en Dal
NL.11.0513	Gemeente Gouda
NL.11.0512	Gemeente Gorinchem
NL.06.0785	Gemeente Goirle
NL.10.0664	Gemeente Goes
NL.06.0784	Gemeente Gilze en Rijen
NL.05.0907	Gemeente Gennep
NL.06.0779	Gemeente Geertruidenberg
NL.03.0233	Gemeente Ermelo
NL.03.0232	Gemeente Epe
NL.15.0153	Gemeente Enschede
NL.07.0388	Gemeente Enkhuizen
NL.01.0114	Gemeente Emmen
NL.03.0230	Gemeente Elburg
NL.06.0772	Gemeente Eindhoven
NL.06.0770	Gemeente Eersel
NL.03.0228	Gemeente Ede
NL.07.0385	Gemeente Edam-Volendam
NL.05.1711	Gemeente Echt-Susteren
NL.03.0226	Gemeente Duiven
NL.03.0225	Gemeente Druten
NL.16.0303	Gemeente Dronten
NL.11.0505	Gemeente Dordrecht
NL.09.1581	Gemeente Utrechtse Heuvelrug
NL.06.0766	Gemeente Dongen
NL.03.0222	Gemeente Doetinchem
NL.03.0221	Gemeente Doesburg
NL.07.0384	Gemeente Diemen
NL.15.0150	Gemeente Deventer
NL.06.0762	Gemeente Deurne
NL.07.0400	Gemeente Den Helder
NL.11.0503	Gemeente Delft
NL.09.0310	Gemeente De Bilt
NL.02.1891	Gemeente Dantumadiel
NL.15.0148	Gemeente Dalfsen
NL.03.0216	Gemeente Culemborg
NL.01.0109	Gemeente Coevorden
NL.07.0383	Gemeente Castricum
NL.11.0502	Gemeente Capelle aan den IJssel
NL.03.0214	Gemeente Buren
NL.09.0313	Gemeente Bunschoten
NL.09.0312	Gemeente Bunnik
NL.05.0899	Gemeente Brunssum
NL.03.0213	Gemeente Brummen
NL.07.0852	Gemeente Waterland
NL.06.0758	Gemeente Breda
NL.06.0757	Gemeente Boxtel
NL.10.0654	Gemeente Borsele
NL.15.0147	Gemeente Borne
NL.01.1681	Gemeente Borger-Odoorn
NL.06.0755	Gemeente Boekel
NL.07.0377	Gemeente Bloemendaal
NL.07.0376	Gemeente Blaricum
NL.06.1728	Gemeente Bladel
NL.07.0375	Gemeente Beverwijk
NL.03.0209	Gemeente Beuningen
NL.06.0753	Gemeente Best
NL.06.1724	Bergeijk
NL.06.0748	Gemeente Bergen op Zoom
NL.07.0373	Gemeente Bergen
NL.05.0893	Gemeente Bergen
NL.05.0889	Gemeente Beesel
NL.05.0888	Gemeente Beek
NL.03.0203	Gemeente Barneveld
NL.11.0489	Gemeente Barendrecht
NL.09.0308	Gemeente Baarn
NL.06.0744	Gemeente Baarle-Nassau
NL.06.0743	Gemeente Asten
NL.01.0106	Gemeente Assen
NL.03.0202	Gemeente Arnhem
NL.03.0200	Gemeente Apeldoorn
NL.07.0363	Gemeente Amsterdam
NL.07.0362	Gemeente Amstelveen
NL.09.0307	Gemeente Amersfoort
NL.02.0060	Gemeente Ameland
NL.11.0484	Gemeente Alphen aan den Rijn
NL.15.0141	Gemeente Almelo
NL.07.0361	Gemeente Alkmaar
NL.11.0482	Gemeente Alblasserdam
NL.02.0059	Gemeente Achtkarspelen
NL.03.0197	Gemeente Aalten
NL.07.0358	Gemeente Aalsmeer
NL.07.1696	Gemeente Wijdemeren
NL.06.1709	Gemeente Moerdijk
NL.07.1598	Gemeente Koggenland
NL.11.1926	Gemeente Pijnacker-Nootdorp
NL.03.1509	Oude IJsselstreek
NL.11.1884	Gemeente Kaag en Braassem
NL.05.1729	Gulpen-Wittem
NL.05.1640	Gemeente Leudal
NL.01.1690	Gemeente De Wolden
NL.03.1586	Oost Gelre
NL.15.1742	Gemeente Rijssen-Holten
NL.06.1771	Gemeente Geldrop-Mierlo
NL.05.1507	Gemeente Horst aan de Maas
NL.04.0765	Gemeente Pekela
NL.15.1708	Gemeente Steenwijkerland
NL.03.1705	Gemeente Lingewaard
NL.07.0532	Gemeente Stede Broec
NL.01.1701	Gemeente Westerveld
NL.11.0613	Gemeente Albrandswaard
NL.05.1641	Gemeente Maasgouw
NL.15.1700	Gemeente Twenterand
NL.15.1773	Gemeente Olst-Wijhe
NL.06.1723	Gemeente Alphen-Chaam
NL.09.0736	Gemeente De Ronde Venen
NL.10.1676	Schouwen-Duiveland
NL.11.1916	Gemeente Leidschendam-Voorburg
NL.10.1695	Gemeente Noord-Beveland
NL.07.0498	Gemeente Drechterland
NL.05.1883	Gemeente Sittard-Geleen
NL.03.1955	Gemeente Montferland
NL.05.0882	Landgraaf
NL.16.0034	Gemeente Almere
NL.15.1896	Gemeente Zwartewaterland
NL.11.1783	Gemeente Westland
NL.11.1842	Gemeente Midden-Delfland
NL.07.0880	Gemeente Wormerland
NL.05.1669	Gemeente Roerdalen
NL.03.0668	Gemeente West Maas en Waal
NL.06.1659	Gemeente Laarbeek
NL.06.1721	Gemeente Bernheze
NL.03.1740	Gemeente Neder-Betuwe
NL.06.1655	Gemeente Halderberge
NL.03.1734	Gemeente Overbetuwe
NL.06.1658	Gemeente Heeze-Leende
NL.06.1652	Gemeente Gemert-Bakel
NL.06.1667	Gemeente Reusel-De Mierden
NL.01.1730	Gemeente Tynaarlo
NL.15.1774	Gemeente Dinkelland
NL.03.1859	Berkelland
NL.01.1699	Gemeente Noordenveld
NL.06.1706	Gemeente Cranendonck
NL.15.1735	Gemeente Hof van Twente
NL.03.1876	Gemeente Bronckhorst
NL.11.1621	Gemeente Lansingerland
NL.11.1525	Gemeente Teylingen
NL.01.1680	Gemeente Aa en Hunze
NL.01.1731	Gemeente Midden-Drenthe
NL.05.0994	Valkenburg aan de Geul
NL.02.0737	Gemeente Tytsjerksteradiel
NL.04.1895	Gemeente Oldambt
NL.11.1892	Gemeente Zuidplas
NL.05.1894	Gemeente Peel en Maas
NL.05.1903	Eijsden-Margraten
NL.09.1904	Stichtse Vecht
NL.02.1900	Sûdwest Fryslân
NL.11.1901	Bodegraven-Reeuwijk
NL.07.1911	Gemeente Hollands Kroon
NL.11.1924	Gemeente Goeree-Overflakkee
NL.02.1940	De Fryske Marren
NL.11.1931	Krimpenerwaard
NL.11.1930	Nissewaard
NL.07.1942	Gooise Meren
NL.06.1948	Meierijstad
NL.02.1949	Waadhoeke
NL.04.1950	Westerwolde
NL.04.1952	Midden-Groningen
NL.04.1966	Het Hogeland
NL.03.1960	West Betuwe
NL.06.1959	Altena
NL.05.1954	Beekdaelen
NL.11.1978	Molenlanden
NL.02.1970	Noardeast-Fryslân
NL.04.1979	Eemsdelta
NL.06.1982	Land van Cuijk
NL.06.1991	Maashorst
NL.07.1980	Dijk en Waard
NL.11.1992	Voorne aan Zee
NO.05.5628	Tana
NO.18.5538	Storfjord
NO.05.5605	Sør-Varanger
NO.18.5542	Skjervøy
NO.18.5544	Nordreisa
NO.05.5620	Nordkapp
NO.05.5636	Nesseby
NO.05.5618	Måsøy
NO.18.5536	Lyngen
NO.05.5614	Loppa
NO.05.5624	Lebesby
NO.18.5546	Kvænangen
NO.05.5612	Kautokeino
NO.18.5534	Karlsøy
NO.05.5610	Karasjok
NO.18.5540	Kåfjord
NO.05.5616	Hasvik
NO.05.5626	Gamvik
NO.05.5630	Berlevåg
NO.05.5632	Båtsfjord
NO.05.5601	Alta
NO.46.4621	Voss
NO.08.1577	Volda
NO.46.4639	Vik
NO.09.1816	Vevelstad
NO.34.3443	Vestre Toten
NO.34.3452	Vestre Slidre
NO.42.4215	Lillesand
NO.01.3216	Vestby
NO.21.5038	Verdal
NO.42.4223	Vennesla
NO.42.4212	Vegårshei
NO.09.1824	Vefsn
NO.08.1511	Vanylven
NO.42.4221	Valle
NO.09.1865	Vågan
NO.34.3435	Vågå
NO.09.1857	Værøy
NO.14.1151	Utsira
NO.46.4620	Ulvik
NO.08.1516	Ulstein
NO.46.4618	Ullensvang
NO.01.3209	Ullensaker
NO.14.1146	Tysvær
NO.46.4616	Tysnes
NO.34.3427	Tynset
NO.21.5033	Tydal
NO.42.4213	Tvedestrand
NO.34.3421	Trysil
NO.21.5001	Trondheim
NO.09.1835	Træna
NO.18.5512	Tjeldsund
NO.17.4026	Tinn
NO.08.1560	Tingvoll
NO.14.1121	Time
NO.08.1528	Sykkylven
NO.46.4612	Sveio
NO.08.1566	Surnadal
NO.08.1563	Sunndal
NO.46.4651	Stryn
NO.14.1130	Strand
NO.08.1525	Stranda
NO.34.3423	Stor-Elvdal
NO.46.4614	Stord
NO.21.5035	Stjørdal
NO.21.5006	Steinkjer
NO.09.1848	Steigen
NO.34.3413	Stange
NO.09.1870	Sortland
NO.18.5526	Sørreisa
NO.34.3415	Sør-Odal
NO.34.3438	Sør-Fron
NO.09.1845	Sørfold
NO.34.3449	Sør-Aurdal
NO.34.3447	Søndre Land
NO.09.1812	Sømna
NO.46.4636	Solund
NO.14.1124	Sola
NO.14.1111	Sokndal
NO.46.4640	Sogndal
NO.21.5041	Snåase - Snåsa
NO.08.1573	Smøla
NO.34.3433	Skjåk
NO.13.3116	Skiptvet
NO.21.5029	Skaun
NO.42.4228	Sirdal
NO.17.4010	Siljan
NO.04.3332	Sigdal
NO.17.4022	Seljord
NO.34.3437	Sel
NO.21.5032	Selbu
NO.14.1135	Sauda
NO.46.4623	Samnanger
NO.09.1840	Saltdal
NO.18.5522	Salangen
NO.21.5043	Raarvihke - Røyrvik
NO.09.1856	Røst
NO.04.3336	Rollag
NO.09.1836	Rødøy
NO.34.3411	Ringsaker
NO.34.3439	Ringebu
NO.21.5061	Rindal
NO.21.5022	Rennebu
NO.34.3424	Rendalen
NO.14.1127	Randaberg
NO.13.3120	Rakkestad
NO.01.3224	Rælingen
NO.13.3112	Råde
NO.34.3453	Øystre Slidre
NO.34.3440	Øyer
NO.04.3314	Øvre Eiker
NO.21.5047	Overhalla
NO.34.3442	Østre Toten
NO.21.5020	Osen
NO.08.1520	Ørsta
NO.21.5057	Ørland
NO.21.5021	Oppdal
NO.09.1868	Øksnes
NO.34.3448	Nordre Land
NO.34.3414	Nord-Odal
NO.34.3436	Nord-Fron
NO.34.3451	Nord-Aurdal
NO.01.3232	Nittedal
NO.17.4030	Nissedal
NO.01.3212	Nesodden
NO.09.1828	Nesna
NO.01.3238	Nannestad
NO.21.5044	Namsskogan
NO.09.1874	Moskenes
NO.08.1506	Molde
NO.04.3316	Modum
NO.46.4629	Modalen
NO.21.5034	Meråker
NO.09.1837	Meløy
NO.21.5028	Melhus
NO.46.4634	Masfjorden
NO.21.5031	Malvik
NO.18.5524	Målselv
NO.42.4225	Lyngdal
NO.46.4644	Luster
NO.09.1834	Lurøy
NO.01.3234	Lunner
NO.14.1112	Lund
NO.34.3412	Løten
NO.01.3222	Lørenskog
NO.34.3434	Lom
NO.09.1851	Lødingen
NO.04.3312	Lier
NO.34.3432	Lesja
NO.21.5052	Leka
NO.09.1822	Leirfjord
NO.18.5518	Lavangen
NO.46.4642	Lærdal
NO.14.1144	Kvitsøy
NO.17.4028	Kviteseid
NO.46.4617	Kvinnherad
NO.42.4227	Kvinesdal
NO.46.4622	Kvam
NO.18.5510	Kvæfjord
NO.04.3318	Krødsherad
NO.17.4014	Kragerø
NO.34.3401	Kongsvinger
NO.14.1120	Klepp
NO.01.3236	Jevnaker
NO.42.4218	Iveland
NO.21.5053	Inderøy
NO.18.5514	Ibestad
NO.46.4637	Hyllestad
NO.13.3110	Hvaler
NO.01.3242	Hurdal
NO.21.5046	Høylandet
NO.46.4638	Høyanger
NO.14.1133	Hjelmeland
NO.17.4024	Hjartdal
NO.21.5056	Hitra
NO.04.3326	Hemsedal
NO.09.1832	Hemnes
NO.09.1826	Hattfjelldal
NO.08.1517	Hareid
NO.08.1580	Haram
NO.09.1875	Hamarøy
NO.21.5026	Holtålen
NO.42.4226	Hægebostad
NO.09.1866	Hadsel
NO.14.1119	Hå
NO.46.4635	Gulen
NO.34.3417	Grue
NO.21.5045	Grong
NO.18.5516	Gratangen
NO.34.3446	Gran
NO.09.1825	Grane
NO.04.3324	Gol
NO.46.4650	Gloppen
NO.14.1122	Gjesdal
NO.42.4211	Gjerstad
NO.01.3230	Gjerdrum
NO.08.1557	Gjemnes
NO.08.1532	Giske
NO.09.1838	Gildeskål
NO.34.3441	Gausdal
NO.17.4032	Fyresdal
NO.21.5036	Frosta
NO.42.4214	Froland
NO.01.3214	Frogn
NO.34.3429	Folldal
NO.04.3334	Flesberg
NO.21.5049	Flatanger
NO.09.1859	Flakstad
NO.46.4646	Fjaler
NO.46.4615	Fitjar
NO.46.4633	Fedje
NO.09.1841	Fauske
NO.42.4219	Evje og Hornnes
NO.09.1853	Evenes
NO.46.4611	Etne
NO.34.3450	Etnedal
NO.34.3425	Engerdal
NO.01.3220	Enebakk
NO.34.3420	Elverum
NO.14.1101	Eigersund
NO.01.3240	Eidsvoll
NO.34.3416	Eidskog
NO.46.4619	Eidfjord
NO.18.5528	Dyrøy
NO.17.4016	Drangedal
NO.34.3431	Dovre
NO.09.1827	Dønna
NO.42.4222	Bykle
NO.42.4220	Bygland
NO.09.1813	Brønnøy
NO.46.4648	Bremanger
NO.20.3901	Horten
NO.46.4613	Bømlo
NO.14.1145	Bokn
NO.14.1114	Bjerkreim
NO.42.4216	Birkenes
NO.09.1811	Bindal
NO.46.4601	Bergen
NO.09.1839	Beiarn
NO.18.5520	Bardu
NO.17.4012	Bamble
NO.18.5532	Balsfjord
NO.01.3201	Bærum
NO.46.4632	Austrheim
NO.46.4625	Austevoll
NO.46.4641	Aurland
NO.08.1576	Aure
NO.34.3418	Åsnes
NO.46.4645	Askvoll
NO.46.4627	Askøy
NO.01.3203	Asker
NO.01.3218	Ås
NO.42.4224	Åseral
NO.13.3124	Aremark
NO.34.3422	Åmot
NO.42.4217	Åmli
NO.34.3428	Alvdal
NO.09.1820	Alstahaug
NO.04.3328	Ål
NO.21.5058	Åfjord
NO.05.5603	Hammerfest
NO.05.5634	Vardø kommune
NO.05.5622	Porsanger
NO.05.5607	Vadsø
NO.18.5501	Tromsø
NO.09.1871	Andøy
NO.18.5503	Harstad
NO.09.1867	Bø
NO.09.1806	Narvik
NO.09.1860	Vestvågøy
NO.09.1804	Bodø
NO.09.1833	Rana
NO.09.1818	Herøy
NO.09.1815	Vega
NO.21.5042	Lierne
NO.21.5007	Namsos
NO.21.5014	Frøya
NO.21.5037	Levanger
NO.08.1505	Kristiansund
NO.08.1554	Averøy
NO.08.1547	Aukra
NO.21.5027	Midtre Gauldal
NO.08.1539	Rauma
NO.08.1535	Vestnes
NO.21.5025	Røros
NO.08.1515	Herøy
NO.08.1508	Ålesund
NO.34.3430	Os
NO.08.1531	Sula
NO.34.3426	Tolga
NO.08.1514	Sande
NO.46.4643	Årdal
NO.34.3454	Vang
NO.34.3405	Lillehammer
NO.34.3403	Hamar
NO.46.4628	Vaksdal
NO.46.4626	Øygarden
NO.34.3407	Gjøvik
NO.34.3419	Våler
NO.04.3330	Hol
NO.46.4630	Osterøy
NO.04.3305	Ringerike
NO.04.3320	Flå
NO.04.3338	Nore og Uvdal
NO.01.3228	Nes
NO.17.4036	Vinje
NO.12.0301	Oslo
NO.04.3310	Hole
NO.01.3226	Aurskog-Høland
NO.17.4005	Notodden
NO.14.1134	Suldal
NO.14.1160	Vindafjord
NO.04.3301	Drammen
NO.04.3303	Kongsberg
NO.14.1106	Haugesund
NO.14.1149	Karmøy
NO.17.4034	Tokke
NO.13.3122	Marker
NO.20.3903	Holmestrand
NO.17.4003	Skien
NO.13.3103	Moss
NO.13.3114	Våler
NO.17.4018	Nome
NO.13.3105	Sarpsborg
NO.20.3905	Tønsberg
NO.20.3909	Larvik
NO.14.1103	Stavanger
NO.13.3107	Fredrikstad
NO.14.1108	Sandnes
NO.17.4001	Porsgrunn
NO.13.3101	Halden
NO.20.3907	Sandefjord
NO.42.4201	Risør
NO.42.4207	Flekkefjord
NO.42.4203	Arendal
NO.42.4202	Grimstad
NO.42.4206	Farsund
NO.42.4205	Lindesnes
NO.42.4204	Kristiansand
NO.20.3911	Færder
NO.21.5054	Indre Fosen
NO.46.4647	Sunnfjord
NO.01.3205	Lillestrøm
NO.21.5055	Heim
NO.46.4624	Bjørnafjorden
NO.13.3118	Indre Østfold
NO.08.1578	Fjord
NO.46.4602	Kinn
NO.17.4020	Midt-Telemark
NO.46.4649	Stad
NO.21.5059	Orkland
NO.21.5060	Nærøysund
NO.18.5530	Senja
NO.01.3207	Nordre Follo
NO.04.3322	Nesbyen
NO.46.4631	Alver
NO.08.1579	Hustadvika
NP.5.12095456	Banke
NP.5.12095458	Bardiya
NP.3.12095459	Bhaktapur
NP.1.12095460	Bhojpur
NP.3.12095461	Chitwan
NP.7.12095462	Dadeldhura
NP.6.12095463	Dailekh
NP.5.12095464	Dang
NP.7.12095465	Darchula
NP.1.12095467	Dhankuta
NP.2.12095468	Dhanusa
NP.3.12095469	Dolakha
NP.7.12095471	Doti
NP.1.12095475	Ilam
NP.1.12095477	Jhapa
NP.6.12095478	Jumla
NP.7.12095479	Kailali
NP.6.12095480	Kalikot
NP.7.12095481	Kanchanpur
NP.4.12095483	Kaski
NP.3.12095484	Kathmandu
NP.3.12095485	Kavrepalanchok
NP.3.12095487	Lalitpur
NP.4.12095488	Lamjung
NP.2.12095489	Mahottari
NP.3.12095490	Makwanpur
NP.1.12095492	Morang
NP.4.12095494	Mustang
NP.4.12095495	Myagdi
NP.5.12095499	Palpa
NP.4.12095501	Parbat
NP.2.12095502	Parsa
NP.5.12095503	Pyuthan
NP.3.12095504	Ramechhap
NP.7.12095505	Achham
NP.4.12095507	Baglung
NP.7.12095509	Bajhang
NP.2.12095512	Rautahat
NP.5.12095515	Rupandehi
NP.6.12095516	Salyan
NP.1.12095517	Sankhuwasabha
NP.2.12095518	Saptari
NP.2.12095519	Sarlahi
NP.3.12095521	Sindhupalchowk
NP.2.12095522	Siraha
NP.1.12095523	Solukhumbu
NP.1.12095524	Sunsari
NP.6.12095525	Surkhet
NP.4.12095526	Syangja
NP.1.12095530	Udayapur
NZ.F6.002	Whangarei
NZ.E8.025	Whakatane District
NZ.G3.057	Westland District
NZ.G1.020	Waitomo District
NZ.F2.029	Wairoa District
NZ.E9.066	Waimate District
NZ.E9.064	Timaru District
NZ.G1.011	Thames-Coromandel District
NZ.G1.021	Taupo District
NZ.F9.034	Stratford District
NZ.E8.024	Rotorua District
NZ.F3.038	Rangitikei District
NZ.G1.018	Otorohanga District
NZ.E8.027	Opotiki District
NZ.F9.033	New Plymouth District
NZ.G2.048	Masterton District
NZ.E8.026	Kawerau District
NZ.F2.030	Hastings District
NZ.F8.074	Gore District
NZ.F1.028	Gisborne District
NZ.G2.049	Carterton District
NZ.E7.076	Auckland
NZ.E9.063	Ashburton District
NZ.G3.055	Buller District
NZ.F7.069	Central Otago District
NZ.E9.060	Christchurch City
NZ.F7.072	Clutha District
NZ.F7.071	Dunedin City
NZ.F6.001	Far North District
NZ.G3.056	Grey District
NZ.G1.016	Hamilton City
NZ.G1.012	Hauraki District
NZ.F3.042	Horowhenua District
NZ.E9.058	Hurunui District
NZ.F8.075	Invercargill City
NZ.F6.003	Kaipara District
NZ.G2.043	Kapiti Coast District
NZ.G2.046	Lower Hutt City
NZ.E9.065	Mackenzie District
NZ.F4.053	Marlborough District
NZ.G1.015	Matamata-Piako District
NZ.F2.031	Napier City
NZ.F5.052	Nelson City
NZ.F3.040	Palmerston North City
NZ.G2.044	Porirua City
NZ.F7.070	Queenstown-Lakes District
NZ.F3.036	Ruapehu District
NZ.E9.062	Selwyn District
NZ.F8.073	Southland District
NZ.F9.035	South Taranaki District
NZ.G1.019	South Waikato District
NZ.G2.050	South Wairarapa District
NZ.TAS.051	Tasman District
NZ.E8.023	Tauranga City
NZ.G2.045	Upper Hutt City
NZ.G1.013	Waikato District
NZ.E9.059	Waimakariri District
NZ.G1.017	Waipa District
NZ.F3.037	Whanganui District
NZ.G2.047	Wellington City
NZ.E8.022	Western Bay of Plenty District
NZ.F3.041	Tararua District
OM.07.11748046	Madha
OM.09.12215976	‘Ibrī
PA.07.0707	Distrito de Tonosí
PA.02.0413	Distrito de Tolé
PA.10.0911	Distrito de Soná
PA.10.0910	Distrito de Santiago
PA.06.0607	Distrito de Santa María
PA.04.0305	Distrito de Santa Isabel
PA.10.0909	Santa Fe
PA.08.0810	Distrito de San Miguelito
PA.02.0412	Distrito de San Lorenzo
PA.10.0908	Distrito de San Francisco
PA.02.0411	Distrito de San Félix
PA.13.1309	Distrito de San Carlos
PA.10.0907	Distrito de Río de Jesús
PA.02.0410	Distrito de Renacimiento
PA.02.0409	Distrito de Remedios
PA.04.0304	Distrito de Portobelo
PA.07.0706	Distrito de Pocrí
PA.05.0502	Distrito de Pinogana
PA.06.0606	Distrito de Pesé
PA.03.0206	Distrito Penonomé
PA.07.0705	Distrito de Pedasí
PA.06.0605	Distrito de Parita
PA.08.0808	Distrito de Panamá
PA.03.0205	Distrito de Olá
PA.06.0604	Distrito de Ocú
PA.03.0204	Distrito de Natá
PA.10.0906	Distrito de Montijo
PA.07.0704	Distrito de Macaracas
PA.07.0703	Distrito de Los Santos
PA.06.0603	Distrito de Los Pozos
PA.07.0702	Distrito de Las Tablas
PA.10.0905	Distrito de Las Palmas
PA.06.0602	Distrito de Las Minas
PA.03.0203	Distrito de La Pintada
PA.10.0904	Distrito de La Mesa
PA.13.1307	Distrito de La Chorrera
PA.07.0701	Distrito de Guararé
PA.02.0408	Distrito de Gualaca
PA.04.0303	Distrito de Donoso
PA.02.0407	Distrito de Dolega
PA.02.0406	Distrito de David
PA.04.0301	Distrito de Colón
PA.06.0601	Distrito de Chitré
PA.01.0103	Distrito Chiriquí Grande
PA.08.0806	Distrito de Chimán
PA.08.0805	Distrito de Chepo
PA.05.0501	Distrito de Chepigana
PA.01.0102	Distrito de Changuinola
PA.13.1304	Distrito de Chame
PA.04.0302	Distrito de Chagres
PA.13.1303	Distrito de Capira
PA.10.0903	Distrito de Cañazas
PA.10.0902	Distrito de Calobre
PA.02.0405	Distrito de Bugaba
PA.02.0404	Distrito de Boquete
PA.02.0403	Distrito de Boquerón
PA.01.0101	Distrito de Bocas del Toro
PA.02.0402	Distrito de Barú
PA.08.0802	Distrito de Balboa
PA.10.0901	Distrito de Atalaya
PA.13.1301	Distrito de Arraiján
PA.03.0202	Distrito de Antón
PA.02.0401	Distrito de Alanje
PA.03.0201	Distrito de Aguadulce
PA.10.0912	Distrito de Mariato
PA.11.1102	Sambú
PA.12.1204	Nole Düima
PA.12.1203	Müna
PA.11.1101	Cémaco
PA.09.1001	El Porvenir
PA.12.1202	Mirono
PA.12.1207	Kusapín
PA.12.1206	Kankintú
PA.12.1201	Besiko
PA.12.1205	Nurun
PA.12.1209	Santa Catalina o Calovébora
PA.05.0503	Santa Fe
PA.04.0306	Omar Torrijos Herrera
PA.02.0414	Tierras Altas
PA.01.0104	Almirante
PA.12.1208	Jirondai
PE.24.2403	Provincia de Zarumilla
PE.02.0220	Provincia de Yungay
PE.16.1606	Provincia de Ucayali
PE.24.2401	Provincia de Tumbes
PE.13.1301	Provincia de Trujillo
PE.20.2007	Provincia de Talara
PE.20.2006	Provincia de Sullana
PE.02.0219	Provincia de Sihuas
PE.13.1310	Provincia de Santiago de Chuco
PE.06.0613	Provincia de Santa Cruz
PE.02.0218	Provincia de Santa
PE.06.0611	Provincia de San Miguel
PE.22.2209	Provincia de San Martín
PE.06.0609	Provincia de San Ignacio
PE.01.0106	Provincia de Rodríguez de Mendoza
PE.22.2208	Provincia de Rioja
PE.16.1605	Provincia de Requena
PE.02.0216	Provincia de Pomabamba
PE.20.2001	Provincia de Piura
PE.13.1308	Provincia de Pataz
PE.02.0215	Provincia de Pallasca
PE.20.2005	Provincia de Paita
PE.10.1008	Provincia de Pachitea
PE.13.1307	Provincia de Pacasmayo
PE.13.1306	Provincia de Otuzco
PE.22.2201	Provincia de Moyobamba
PE.20.2004	Provincia de Morropón
PE.16.1601	Provincia de Maynas
PE.02.0213	Provincia de Mariscal Luzuriaga
PE.22.2206	Provincia de Mariscal Cáceres
PE.10.1007	Provincia de Marañón
PE.01.0105	Provincia de Luya
PE.16.1603	Provincia de Loreto
PE.10.1006	Provincia de Leoncio Prado
PE.14.1403	Provincia de Lambayeque
PE.22.2205	Provincia de Lamas
PE.06.0608	Provincia de Jaén
PE.02.0212	Provincia de Huaylas
PE.02.0211	Provincia de Huarmey
PE.02.0210	Provincia de Huari
PE.02.0201	Provincia de Huaraz
PE.10.1001	Provincia de Huánuco
PE.20.2003	Provincia de Huancabamba
PE.10.1005	Provincia de Huamalíes
PE.22.2204	Provincia de Huallaga
PE.06.0607	Provincia de Hualgayoc
PE.14.1402	Provincia de Ferreñafe
PE.10.1003	Provincia de Dos de Mayo
PE.06.0606	Provincia de Cutervo
PE.02.0209	Provincia de Corongo
PE.25.2501	Provincia de Coronel Portillo
PE.06.0605	Provincia de Contumazá
PE.24.2402	Provincia de Contralmirante Villar
PE.06.0604	Provincia de Chota
PE.14.1401	Provincia de Chiclayo
PE.01.0101	Provincia de Chachapoyas
PE.06.0603	Provincia de Celendín
PE.02.0208	Provincia de Casma
PE.02.0206	Provincia de Carhuaz
PE.06.0601	Provincia de Cajamarca
PE.06.0602	Provincia de Cajabamba
PE.01.0103	Provincia de Bongará
PE.13.1303	Provincia de Bolívar
PE.01.0102	Provincia de Bagua
PE.20.2002	Provincia de Ayabaca
PE.02.0203	Provincia de Antonio Raymondi
PE.16.1602	Provincia de Alto Amazonas
PE.02.0202	Provincia de Aija
PE.11.1101	Provincia de Ica
PE.15.1510	Provincia de Yauyos
PE.12.1208	Provincia de Yauli
PE.05.0510	Provincia de Víctor Fajardo
PE.08.0813	Provincia de Urubamba
PE.09.0907	Provincia de Tayacaja
PE.12.1207	Provincia de Tarma
PE.23.2304	Provincia de Tarata
PE.17.1701	Provincia de Tambopata
PE.17.1703	Tahuamanu
PE.23.2301	Provincia de Tacna
PE.12.1206	Provincia de Satipo
PE.21.2111	Provincia de San Román
PE.21.2112	Provincia de Sandia
PE.02.0217	Provincia de Recuay
PE.08.0812	Provincia de Quispicanchi
PE.21.2101	Provincia de Puno
PE.11.1105	Provincia de Pisco
PE.08.0811	Provincia de Paucartambo
PE.19.1901	Provincia de Pasco
PE.08.0810	Provincia de Paruro
PE.05.0507	Provincia de Parinacochas
PE.11.1104	Provincia de Palpa
PE.19.1903	Provincia de Oxapampa
PE.11.1103	Nasca
PE.21.2108	Provincia de Melgar
PE.18.1801	Provincia de Mariscal Nieto
PE.17.1702	Provincia de Manu
PE.05.0506	Provincia de Lucanas
PE.04.0408	Provincia de La Unión
PE.21.2107	Provincia de Lampa
PE.05.0505	Provincia de La Mar
PE.08.0809	Provincia de La Convención
PE.12.1205	Provincia de Junín
PE.12.1204	Provincia de Jauja
PE.04.0407	Provincia de Islay
PE.18.1803	Provincia de Ilo
PE.15.1507	Provincia de Huarochirí
PE.15.1506	Provincia de Huaral
PE.05.0504	Provincia de Huanta
PE.12.1201	Provincia de Huancayo
PE.09.0901	Provincia de Huancavelica
PE.21.2106	Provincia de Huancané
PE.05.0501	Provincia de Huamanga
PE.03.0307	Provincia de Grau
PE.18.1802	Provincia de General Sánchez Cerro
PE.08.0808	Provincia de Espinar
PE.19.1902	Daniel Alcides Carrión
PE.08.0801	Provincia de Cusco
PE.03.0305	Provincia de Cotabambas
PE.04.0406	Provincia de Condesuyos
PE.12.1202	Provincia de Concepción
PE.08.0807	Provincia de Chumbivilcas
PE.21.2104	Provincia de Chucuito
PE.11.1102	Provincia de Chincha
PE.12.1203	Chanchamayo
PE.04.0405	Provincia de Caylloma
PE.09.0904	Provincia de Castrovirreyna
PE.04.0404	Provincia de Castilla
PE.04.0403	Provincia de Caravelí
PE.21.2103	Provincia de Carabaya
PE.15.1504	Provincia de Canta
PE.05.0502	Provincia de Cangallo
PE.15.1505	Provincia de Cañete
PE.08.0806	Provincia de Canchis
PE.08.0805	Provincia de Canas
PE.04.0402	Provincia de Camaná
PE.08.0804	Provincia de Calca
PE.15.1503	Provincia de Cajatambo
PE.02.0205	Provincia de Bolognesi
PE.21.2102	Provincia de Azángaro
PE.03.0304	Provincia de Aymaraes
PE.04.0401	Provincia de Arequipa
PE.03.0303	Provincia de Antabamba
PE.08.0803	Provincia de Anta
PE.09.0903	Provincia de Angaraes
PE.03.0302	Provincia de Andahuaylas
PE.10.1002	Provincia de Ambo
PE.08.0802	Provincia de Acomayo
PE.09.0902	Provincia de Acobamba
PE.03.0301	Provincia de Abancay
PE.12.1209	Provincia de Chupaca
PE.09.0905	Provincia de Churcampa
PE.05.0509	Provincia de Sucre
PE.05.0503	Provincia de Huanca Sancos
PE.05.0511	Provincia de Vilcas Huamán
PE.13.1309	Sanchez Carrion
PE.01.0104	Condorcanqui
PE.01.0107	Utcubamba
PE.02.0204	Asuncion
PE.02.0207	Carlos Fermin Fitzcarrald
PE.02.0214	Ocros
PE.03.0306	Chincheros
PE.05.0508	Paucar Del Sara Sara
PE.06.0610	San Marcos
PE.06.0612	San Pablo
PE.09.0906	Huaytara
PE.10.1004	Huacaybamba
PE.10.1009	Puerto Inca
PE.10.1010	Lauricocha
PE.10.1011	Yarowilca
PE.13.1302	Ascope
PE.13.1304	Chepen
PE.13.1305	Julcan
PE.13.1311	Gran Chimu
PE.13.1312	Viru
PE.15.1502	Barranca
PE.15.1508	Huaura
PE.15.1509	Oyon
PE.16.1604	Mariscal Ramon Castilla
PE.16.1607	Datem del Marañón
PE.20.2008	Sechura
PE.21.2105	El Collao
PE.21.2109	Moho
PE.21.2110	San Antonio De Putina
PE.21.2113	Yunguyo
PE.22.2202	Bellavista
PE.22.2203	El Dorado
PE.22.2207	Picota
PE.22.2210	Tocache
PE.23.2302	Candarave
PE.23.2303	Jorge Basadre
PE.25.2502	Atalaya
PE.25.2503	Padre Abad
PE.07.0701	Callao
PE.15.1501	Lima
PE.16.1608	Putumayo
PF.01.98738	Punaauia
PF.04.98723	Hiva-Oa
PF.04.98731	Nuku-Hiva
PF.01.98712	Arue
PF.01.98715	Faaa
PF.01.98725	Mahina
PF.01.98733	Paea
PF.01.98734	Papara
PF.01.98735	Papeete
PF.01.98736	Pirae
PF.03.98719	Gambier
PF.03.98742	Reao
PF.05.98744	Rurutu
PF.02.98714	Bora-Bora
PF.02.98724	Huahine
PF.02.98758	Uturoa
PF.03.98720	Hao
PF.01.98729	Moorea-Maiao
PF.01.98747	Taiarapu-Est
PF.01.98748	Taiarapu-Ouest
PF.02.98754	Tumaraa
PF.01.98752	Teva I Uta
PG.11.2083536	Wewak
PG.01.2087633	Rigo
PG.10.2087893	Rabaul
PG.16.2090408	Hagen
PG.04.2093690	Sohe
PG.02.2094002	Kikori
PG.15.2094341	Kavieng
PG.11.2100764	Angoram
PG.14.8657188	Bulolo
PG.22.8657197	Angalimp South Wahgi
PG.06.9855465	North Fly
PH.09.66	Province of Zamboanga del Sur
PH.09.65	Province of Zamboanga del Norte
PH.03.64	Province of Zambales
PH.14.72	Province of Tawi-Tawi
PH.03.63	Province of Tarlac
PH.13.62	Province of Surigao del Sur
PH.13.61	Province of Surigao del Norte
PH.14.60	Province of Sulu
PH.12.71	Province of Sultan Kudarat
PH.08.59	Province of Southern Leyte
PH.12.70	Province of South Cotabato
PH.05.58	Province of Sorsogon
PH.07.69	Province of Siquijor
PH.08.55	Province of Samar
PH.41.54	Province of Romblon
PH.40.53	Province of Rizal
PH.02.68	Province of Quirino
PH.40.H2	Province of Quezon
PH.01.51	Province of Pangasinan
PH.03.50	Province of Pampanga
PH.41.49	Province of Palawan
PH.02.48	Province of Nueva Vizcaya
PH.03.47	Province of Nueva Ecija
PH.08.67	Province of Northern Samar
PH.12.57	Cotabato
PH.07.46	Province of Negros Oriental
PH.06.H3	Province of Negros Occidental
PH.15.44	Mountain Province
PH.10.43	Province of Misamis Oriental
PH.10.42	Province of Misamis Occidental
PH.41.41	Oriental Mindoro
PH.41.40	Occidental Mindoro
PH.05.39	Province of Masbate
PH.41.38	Province of Marinduque
PH.08.37	Province of Leyte
PH.01.36	Province of La Union
PH.14.35	Province of Lanao del Sur
PH.10.34	Province of Lanao del Norte
PH.40.33	Province of Laguna
PH.02.31	Province of Isabela
PH.06.30	Province of Iloilo
PH.01.29	Province of Ilocos Sur
PH.01.28	Province of Ilocos Norte
PH.15.27	Province of Ifugao
PH.08.23	Province of Eastern Samar
PH.13.I9	Dinagat Islands
PH.11.26	Province of Davao Oriental
PH.11.25	Province of Davao del Sur
PH.11.I7	Province of Davao del Norte
PH.12.B8	Cotabato City
PH.11.I6	Davao de Oro
PH.07.21	Province of Cebu
PH.40.20	Province of Cavite
PH.05.19	Province of Catanduanes
PH.06.18	Province of Capiz
PH.10.17	Province of Camiguin
PH.05.16	Province of Camarines Sur
PH.05.15	Province of Camarines Norte
PH.02.14	Province of Cagayan
PH.03.13	Province of Bulacan
PH.10.12	Province of Bukidnon
PH.07.11	Bohol
PH.08.H9	Biliran
PH.15.10	Province of Benguet
PH.40.09	Province of Batangas
PH.02.08	Province of Batanes
PH.03.07	Province of Bataan
PH.14.22	Province of Basilan
PH.03.G8	Province of Aurora
PH.06.06	Province of Antique
PH.05.05	Province of Albay
PH.06.04	Province of Aklan
PH.13.03	Province of Agusan del Sur
PH.13.02	Province of Agusan del Norte
PH.15.01	Province of Abra
PH.15.32	Kalinga
PH.15.H6	Apayao
PH.09.ZSI	Province of Zamboanga Sibugay
PH.06.J3	Province of Guimaras
PH.12.M9	Province of Sarangani
PH.11.P3	Davao Occidental
PH.NCR.133900000	Capital District
PH.NCR.137400000	Eastern Manila District
PH.NCR.137500000	Northern Manila District
PH.NCR.137600000	Southern Manila District
PH.14.MGS	Maguindanao del Sur
PH.14.MGN	Maguindanao del Norte
PK.02.1162104	Zhob District
PK.02.1163052	Kech District
PK.05.1163570	Thatta District
PK.05.1163602	Thar Parkar District
PK.03.1164211	Swat
PK.05.1164407	Sukkur District
PK.03.1164536	South Waziristan Agency
PK.02.1164895	Sibi District
PK.04.1164908	Sialkot
PK.05.1165106	Shikarpur District
PK.04.1165218	Shekhupura District
PK.04.1165999	Sargodha District
PK.05.1166162	Sanghar
PK.04.1166545	Sahiwal District
PK.04.1166991	Rawalpindi District
PK.04.1167458	Rahimyar Khan
PK.02.1167527	Quetta District
PK.06.1167717	Poonch District
PK.02.1167820	Pishin District
PK.03.1168195	Peshawar District
PK.02.1168444	Panjgur District
PK.03.1168875	North Wazīristān District
PK.05.1169115	Nawabshah District
PK.02.1169249	Nasirabad
PK.04.1169603	Muzaffargarh District
PK.06.1169606	Muzaffarabad District
PK.04.1169821	Multān District
PK.06.1170297	Mirpur District
PK.04.1170424	Mianwali
PK.03.1170875	Mardan
PK.03.1170950	Mānsehra District
PK.03.1171388	Malakand Protected Area
PK.02.1171867	Loralai District
PK.02.1172115	Lasbela District
PK.05.1172127	Larkana
PK.04.1172449	Lahore District
PK.03.1172574	Kurram District
PK.06.1173037	Kotli District
PK.02.1173463	Kohlu District
PK.03.1173489	Kohat
PK.03.1173641	Khyber Agency
PK.02.1173663	Khuzdār District
PK.02.1174059	Khārān District
PK.05.1174349	Khairpur District
PK.04.1174623	Kasur
PK.02.1175293	Kalat
PK.02.1175527	Kachhi District
PK.04.1175862	Jhelum District
PK.04.1175906	Jhang District
PK.05.1176514	Jacobabad District
PK.05.1176733	Hyderabad District
PK.07.1176775	Hunza-Nagar District
PK.02.1177445	Gwadar
PK.04.1177651	Gujrāt District
PK.04.1177658	Gujrānwāla District
PK.04.1179399	Faisalābād District
PK.03.1179754	Upper Dir District
PK.03.1180282	Dera Ismail Khan
PK.04.1180287	Dera Ghāzi Khān District
PK.05.1180802	Dadu
PK.03.1181064	Chitrāl District
PK.02.1181950	Chāgai District
PK.03.1182146	Buner District
PK.03.1183459	Bannu District
PK.07.1183615	Skardu
PK.03.1183781	Bājaur Agency
PK.04.1183876	Bahāwalpur District
PK.04.1183882	Bahāwalnagar District
PK.05.1184051	Badīn District
PK.04.1184248	Attock District
PK.03.1185055	Abbottābād District
PK.05.1376894	Mirpur Khas District
PK.02.6641896	Awārān District
PK.02.6641912	Barkhan District
PK.02.6641919	Dera Bugti District
PK.02.6641922	Jāfarābād District
PK.02.6641923	Jhal Magsi District
PK.02.6641952	Mastung District
PK.02.6641955	Musa Khel District
PK.02.6641960	Nushki District
PK.02.6641961	Qila Abdullah District
PK.02.6641963	Qila Saifullah
PK.02.6641965	Wāshuk District
PK.02.6641972	Ziārat District
PK.04.7331706	Toba Tek Singh District
PK.05.7352189	Naushahro Firoz
PK.05.7418822	Ghotki District
PK.04.7418846	Lodhrān District
PK.04.7418850	Pākpattan District
PK.04.7418888	Okāra District
PK.04.7418890	Khānewāl District
PK.04.7418962	Hāfizābād District
PK.04.7418963	Mandi Bahāuddīn District
PK.04.7418964	Chakwal District
PK.04.7418965	Khushab
PK.04.7418966	Bhakkar District
PK.04.7418967	Layyah District
PK.04.7418968	Nārowāl District
PK.03.7419039	Lakki Marwat District
PK.03.7419040	Tank
PK.03.7419044	Lakki Marwat Tribal Area
PK.03.7419047	Karak District
PK.03.7419048	Hangu District
PK.03.7419051	Chārsadda District
PK.03.7419052	Nowshera District
PK.03.7419053	Shāngla District
PK.03.7419054	Harīpur District
PK.03.7419055	Swābi District
PK.03.7419056	Lower Dīr District
PK.07.7419077	Ghanche District
PK.05.7419156	Jāmshoro District
PK.05.7419157	Matiāri District
PK.04.7419159	Nankāna Sāhib District
PK.06.7536187	Bhimbar District
PK.06.7536188	Bagh
PK.06.8199376	Neelum District
PK.03.8224052	Battagram District
PK.04.8309731	Rājanpur
PK.07.8309748	Astor
PK.06.8309755	Hatian
PK.02.8309758	Harnai
PK.07.8358419	Gilgit
PK.07.8358421	Diamīr
PK.06.8986039	Sudhanoti District
PK.05.9034783	Qamber Shahdadkot District
PK.05.9035095	Kashmore District
PK.05.9072726	Umerkot District
PK.05.9625763	Tando Allahyar District
PK.05.9625902	Tando Mohammad Khan District
PK.05.10300608	Sujawal District
PK.04.10344547	Vehari District
PK.07.11594770	Ghizer District
PK.05.11744832	Karachi East District
PK.05.11744833	Karachi South District
PK.02.11744842	Sohbatpur District
PK.04.11886901	Chiniot
PK.03.12105028	Lower Kohistan District
PK.03.12105031	Upper Kohistan District
PK.05.12105033	District of West Karachi
PK.02.13631695	Usta Muhammad District
PL.83.2401	Powiat będziński
PL.85.2814	Powiat olsztyński
PL.77.1208	Powiat miechowski
PL.77.1201	Powiat bocheński
PL.77.1202	Powiat brzeski
PL.77.1203	Powiat chrzanowski
PL.77.1204	Powiat dąbrowski
PL.77.1205	Powiat gorlicki
PL.77.1261	Kraków
PL.77.1207	Powiat limanowski
PL.77.1209	Powiat myślenicki
PL.77.1262	Nowy Sącz
PL.77.1211	Powiat nowotarski
PL.77.1212	Powiat olkuski
PL.77.1213	Powiat oświęcimski
PL.77.1214	Powiat proszowicki
PL.77.1215	Powiat suski
PL.77.1263	Tarnów
PL.77.1217	Powiat tatrzański
PL.77.1218	Powiat wadowicki
PL.77.1219	Powiat wielicki
PL.78.1465	Warszawa
PL.74.1061	Łódź
PL.74.1005	powiat Łowicki
PL.75.0661	Biała Podlaska
PL.75.0662	Chełm
PL.75.0664	Zamość
PL.76.0811	Powiat żarski
PL.79.1601	Powiat brzeski
PL.79.1606	Powiat namysłowski
PL.79.1607	Powiat nyski
PL.86.3008	Powiat kępiński
PL.75.0602	Powiat biłgorajski
PL.75.0603	Powiat chełmski
PL.75.0604	Powiat hrubieszowski
PL.75.0605	Powiat janowski
PL.75.0606	Powiat krasnostawski
PL.75.0607	Powiat kraśnicki
PL.75.0608	Powiat lubartowski
PL.75.0609	Powiat lubelski
PL.76.0861	Gorzów Wielkopolski
PL.74.1062	Piotrków Trybunalski
PL.83.2465	Dąbrowa Górnicza
PL.78.1407	Powiat kozienicki
PL.80.1862	Przemyśl
PL.87.3263	Świnoujście
PL.78.1433	Powiat węgrowski
PL.78.1434	Powiat wołomiński
PL.78.1435	Powiat wyszkowski
PL.85.2815	Powiat ostródzki
PL.87.3209	Powiat koszaliński
PL.87.3213	Powiat sławieński
PL.87.3215	Powiat szczecinecki
PL.78.1406	Powiat grójecki
PL.78.1423	Powiat przysuski
PL.78.1428	Powiat sochaczewski
PL.78.1438	Powiat żyrardowski
PL.79.1604	Powiat kluczborski
PL.79.1608	Powiat oleski
PL.83.2404	Powiat częstochowski
PL.83.2406	Powiat kłobucki
PL.84.2605	Powiat konecki
PL.84.2613	Powiat włoszczowski
PL.86.3007	Powiat kaliski
PL.77.1206	Powiat krakowski
PL.80.1803	Powiat dębicki
PL.80.1805	Powiat jasielski
PL.80.1811	Powiat mielecki
PL.81.2061	Białystok
PL.81.2062	Łomża
PL.80.1806	Powiat kolbuszowski
PL.80.1807	Powiat krośnieński
PL.80.1821	Powiat leski
PL.80.1810	Powiat łańcucki
PL.80.1813	Powiat przemyski
PL.80.1815	Powiat ropczycko-sędziszowski
PL.80.1816	Powiat rzeszowski
PL.80.1817	Powiat sanocki
PL.80.1819	Powiat strzyżowski
PL.85.2802	Powiat braniewski
PL.85.2804	Powiat elbląski
PL.82.2206	Powiat kościerski
PL.82.2208	Powiat lęborski
PL.82.2209	Powiat malborski
PL.82.2211	Powiat pucki
PL.82.2205	Powiat kartuski
PL.83.2473	Rybnik
PL.83.2461	Bielsko-Biała
PL.83.2469	Katowice
PL.87.3214	Powiat stargardzki
PL.87.3204	Powiat goleniowski
PL.87.3205	Powiat gryficki
PL.72.0261	Jelenia Góra
PL.84.2604	Powiat kielecki
PL.85.2801	Powiat bartoszycki
PL.85.2806	Powiat giżycki
PL.85.2809	Powiat lidzbarski
PL.72.0264	Wrocław
PL.86.3016	Powiat obornicki
PL.85.2817	Powiat szczycieński
PL.72.0201	Powiat bolesławiecki
PL.72.0202	Powiat dzierżoniowski
PL.72.0203	Powiat głogowski
PL.72.0204	Powiat górowski
PL.83.2403	Powiat cieszyński
PL.83.2408	Powiat mikołowski
PL.83.2409	Powiat myszkowski
PL.83.2412	Powiat rybnicki
PL.76.0812	Powiat wschowski
PL.73.0463	Toruń
PL.73.0461	Bydgoszcz
PL.72.0205	Powiat jaworski
PL.72.0206	Powiat jeleniogórski
PL.83.2468	Jaworzno
PL.79.1661	Opole
PL.80.1863	Rzeszów
PL.82.2264	Sopot
PL.72.0208	Powiat kłodzki
PL.72.0209	Powiat legnicki
PL.72.0210	Powiat lubański
PL.77.1210	Powiat nowosądecki
PL.77.1216	Powiat tarnowski
PL.81.2006	Powiat kolneński
PL.81.2007	Powiat Łomżyński
PL.81.2014	Powiat zambrowski
PL.84.2607	Powiat ostrowiecki
PL.80.1804	Powiat jarosławski
PL.72.0211	Powiat lubiński
PL.72.0212	Powiat lwówecki
PL.72.0213	Powiat milicki
PL.72.0214	Powiat oleśnicki
PL.72.0215	Powiat oławski
PL.72.0216	Powiat polkowicki
PL.72.0217	Powiat strzeliński
PL.72.0218	Powiat średzki
PL.80.1864	Tarnobrzeg
PL.87.3262	Szczecin
PL.81.2001	Powiat augustowski
PL.87.3207	Powiat kamieński
PL.87.3208	Powiat kołobrzeski
PL.87.3211	Powiat policki
PL.87.3212	Powiat pyrzycki
PL.72.0219	Powiat świdnicki
PL.72.0220	Powiat trzebnicki
PL.72.0221	Powiat wałbrzyski
PL.72.0222	Powiat wołowski
PL.72.0223	Powiat wrocławski
PL.72.0224	Powiat ząbkowicki
PL.72.0225	Powiat zgorzelecki
PL.72.0226	Powiat złotoryjski
PL.83.2415	Powiat wodzisławski
PL.76.0804	Powiat nowosolski
PL.76.0810	Powiat żagański
PL.83.2466	Gliwice
PL.86.3064	Poznań
PL.85.2819	Powiat węgorzewski
PL.85.2808	Powiat kętrzyński
PL.87.3203	Powiat drawski
PL.86.3020	Powiat pleszewski
PL.86.3061	Kalisz
PL.75.0610	Powiat łęczyński
PL.75.0611	Powiat łukowski
PL.75.0612	Powiat opolski
PL.75.0613	Powiat parczewski
PL.75.0614	Powiat puławski
PL.75.0615	Powiat radzyński
PL.75.0616	Powiat rycki
PL.75.0617	Powiat świdnicki
PL.75.0618	Powiat tomaszowski
PL.75.0619	Powiat włodawski
PL.75.0620	Powiat zamojski
PL.78.1411	Powiat makowski
PL.78.1418	Powiat piaseczyński
PL.78.1412	Powiat miński
PL.78.1425	Powiat Radomski
PL.78.1414	Powiat nowodworski
PL.78.1413	Powiat mławski
PL.78.1415	Powiat ostrołęcki
PL.78.1416	Powiat ostrowski
PL.78.1417	Powiat otwocki
PL.78.1420	Powiat płoński
PL.78.1421	Powiat pruszkowski
PL.78.1422	Powiat przasnyski
PL.78.1424	Powiat pułtuski
PL.78.1429	Powiat sokołowski
PL.78.1430	Powiat szydłowiecki
PL.78.1419	Powiat płocki
PL.78.1409	Powiat lipski
PL.78.1410	Powiat łosicki
PL.78.1426	Powiat siedlecki
PL.78.1436	Powiat zwoleński
PL.80.1808	Powiat leżajski
PL.80.1809	Powiat lubaczowski
PL.80.1812	Powiat niżański
PL.80.1814	Powiat przeworski
PL.80.1818	Powiat stalowowolski
PL.81.2010	Powiat siemiatycki
PL.84.2606	Powiat opatowski
PL.86.3012	Powiat krotoszyński
PL.86.3013	Powiat leszczyński
PL.73.0401	Powiat aleksandrowski
PL.73.0402	Powiat brodnicki
PL.73.0403	Powiat bydgoski
PL.73.0404	Powiat chełmiński
PL.73.0405	Powiat golubsko-dobrzyński
PL.73.0406	Powiat grudziądzki
PL.73.0407	Powiat inowrocławski
PL.73.0408	Powiat lipnowski
PL.73.0409	Powiat mogileński
PL.73.0410	Powiat nakielski
PL.73.0411	Powiat radziejowski
PL.73.0412	Powiat rypiński
PL.73.0413	Powiat sępoleński
PL.73.0414	Powiat świecki
PL.73.0415	Powiat Toruński
PL.73.0416	Powiat tucholski
PL.73.0417	Powiat wąbrzeski
PL.73.0418	Powiat włocławski
PL.73.0419	Powiat żniński
PL.78.1401	Powiat białobrzeski
PL.78.1402	Powiat ciechanowski
PL.78.1405	Powiat grodziski
PL.78.1408	Powiat legionowski
PL.74.1002	Powiat kutnowski
PL.78.1404	Powiat gostyniński
PL.78.1427	Powiat sierpecki
PL.78.1437	Powiat żuromiński
PL.82.2202	Powiat chojnicki
PL.82.2203	Powiat człuchowski
PL.82.2207	Powiat kwidzyński
PL.82.2213	Powiat starogardzki
PL.82.2214	Powiat tczewski
PL.85.2803	Powiat działdowski
PL.85.2807	Powiat iławski
PL.85.2812	Powiat nowomiejski
PL.78.1462	Płock
PL.78.1464	Siedlce
PL.81.2063	Suwałki
PL.82.2263	Słupsk
PL.82.2262	Gdynia
PL.86.3010	Powiat Koniński
PL.86.3019	Powiat pilski
PL.86.3023	Powiat słupecki
PL.86.3028	Powiat wągrowiecki
PL.86.3031	Powiat złotowski
PL.75.0601	Powiat bialski
PL.83.2470	Mysłowice
PL.83.2472	Ruda Śląska
PL.83.2478	Zabrze
PL.83.2479	Żory
PL.86.3002	Powiat czarnkowsko-trzcianecki
PL.74.1013	Powiat rawski
PL.86.3014	Powiat międzychodzki
PL.86.3015	Powiat nowotomyski
PL.86.3029	Powiat wolsztyński
PL.87.3202	Powiat choszczeński
PL.87.3217	Powiat wałecki
PL.83.2467	Jastrzębie-Zdrój
PL.84.2661	Kielce
PL.86.3062	Konin
PL.83.2464	Częstochowa
PL.83.2471	Piekary Śląskie
PL.73.0464	Włocławek
PL.83.2463	Chorzów
PL.72.0262	Legnica
PL.73.0462	Grudziądz
PL.75.0663	Lublin
PL.82.2204	Powiat gdański
PL.87.3201	Powiat białogardzki
PL.74.1063	Skierniewice
PL.78.1461	Ostrołęka
PL.83.2475	Sosnowiec
PL.80.1861	Krosno
PL.84.2609	Powiat sandomierski
PL.76.0801	Powiat gorzowski
PL.76.0803	Powiat międzyrzecki
PL.76.0805	Powiat słubicki
PL.76.0806	Powiat strzelecko-drezdenecki
PL.78.1463	Radom
PL.87.3261	Koszalin
PL.83.2477	Tychy
PL.83.2474	Siemianowice Śląskie
PL.83.2462	Bytom
PL.76.0807	Powiat sulęciński
PL.76.0808	Powiat świebodziński
PL.87.3206	Powiat gryfiński
PL.85.2862	Olsztyn
PL.76.0862	Zielona Góra
PL.83.2476	Świętochłowice
PL.86.3063	Leszno
PL.86.3021	Powiat poznański
PL.86.3024	Powiat szamotulski
PL.86.3030	Powiat wrzesiński
PL.84.2610	Powiat skarżyski
PL.72.0207	Powiat kamiennogórski
PL.84.2611	Powiat starachowicki
PL.85.2811	Powiat nidzicki
PL.85.2816	Powiat piski
PL.82.2261	Gdańsk
PL.76.0809	Powiat zielonogórski
PL.86.3027	Powiat turecki
PL.87.3210	Powiat myśliborski
PL.74.1010	Powiat piotrkowski
PL.74.1011	Powiat poddębicki
PL.74.1012	Powiat radomszczański
PL.74.1014	Powiat sieradzki
PL.74.1001	Powiat bełchatowski
PL.87.3216	Powiat świdwiński
PL.85.2805	Powiat ełcki
PL.85.2813	Powiat olecki
PL.85.2818	Powiat gołdapski
PL.82.2201	Powiat bytowski
PL.74.1003	Powiat łaski
PL.74.1004	Powiat łęczycki
PL.74.1021	Powiat brzeziński
PL.74.1006	Powiat łódzki wschodni
PL.74.1007	Powiat opoczyński
PL.74.1008	Powiat pabianicki
PL.74.1009	Powiat pajęczański
PL.74.1015	Powiat skierniewicki
PL.74.1016	Powiat tomaszowski
PL.74.1017	Powiat wieluński
PL.74.1018	Powiat wieruszowski
PL.74.1019	Powiat zduńskowolski
PL.74.1020	Powiat zgierski
PL.78.1432	Powiat warszawski zachodni
PL.76.0802	Powiat krośnieński
PL.78.1403	Powiat garwoliński
PL.83.2402	Powiat Bielski
PL.83.2410	Powiat pszczyński
PL.83.2414	Powiat bieruńsko-lędziński
PL.83.2416	Powiat zawierciański
PL.83.2417	Powiat żywiecki
PL.84.2601	Powiat buski
PL.84.2602	Powiat jędrzejowski
PL.84.2603	Powiat kazimierski
PL.84.2608	Powiat pińczowski
PL.84.2612	Powiat staszowski
PL.81.2013	Powiat wysokomazowiecki
PL.86.3017	Powiat ostrowski
PL.86.3018	Powiat ostrzeszowski
PL.86.3022	Powiat rawicki
PL.79.1602	Powiat głubczycki
PL.79.1610	Powiat prudnicki
PL.79.1603	Powiat kędzierzyńsko-kozielski
PL.79.1609	Powiat opolski
PL.83.2407	Powiat lubliniecki
PL.79.1605	Powiat krapkowicki
PL.79.1611	Powiat strzelecki
PL.83.2413	Powiat tarnogórski
PL.83.2411	Powiat raciborski
PL.83.2405	Powiat gliwicki
PL.80.1801	Powiat bieszczadzki
PL.80.1802	Powiat brzozowski
PL.80.1820	Powiat tarnobrzeski
PL.87.3218	Powiat łobeski
PL.81.2002	Powiat białostocki
PL.81.2003	Powiat bielski
PL.81.2004	Powiat grajewski
PL.81.2005	Powiat hajnowski
PL.81.2008	Powiat moniecki
PL.81.2009	Powiat sejneński
PL.81.2011	Powiat sokólski
PL.81.2012	Powiat suwalski
PL.82.2210	Powiat nowodworski
PL.82.2212	Powiat słupski
PL.82.2215	Powiat wejherowski
PL.82.2216	Powiat sztumski
PL.85.2810	Powiat mrągowski
PL.86.3004	Powiat gostyński
PL.86.3005	Powiat grodziski
PL.86.3006	Powiat jarociński
PL.86.3011	Powiat kościański
PL.86.3001	Powiat chodzieski
PL.86.3025	Powiat średzki
PL.86.3026	Powiat śremski
PL.86.3003	Powiat gnieźnieński
PL.86.3009	Powiat kolski
PL.85.2861	Elbląg
PL.72.0265	Wałbrzych
PR.145.7268053	Ceiba Barrio
PR.037.7268054	Ceiba Barrio-Pueblo
PR.063.7268058	Celada Barrio
PR.037.7268072	Chupacallos Barrio
PR.039.7268073	Ciales Barrio-Pueblo
PR.145.7268078	Cibuco Barrio
PR.041.7268080	Cidra Barrio-Pueblo
PR.119.7268083	Ciénaga Baja Barrio
PR.055.7268084	Ciénaga Barrio
PR.043.7268092	Coamo Barrio-Pueblo
PR.045.7268100	Comerío Barrio-Pueblo
PR.065.7268108	Corcovado Barrio
PR.047.7268110	Corozal Barrio-Pueblo
PR.005.7268111	Corrales Barrio
PR.113.7268115	Coto Laurel Barrio
PR.049.7268134	Culebra Barrio-Pueblo
PR.103.7268142	Daguao Barrio
PR.133.7268148	Descalabrado Barrio
PR.013.7268150	Domingo Ruíz Barrio
PR.103.7268160	Duque Barrio
PR.099.7268165	Aceitunas Barrio
PR.001.7268167	Adjuntas Pueblo Barrio
PR.003.7268170	Aguada Barrio-Pueblo
PR.005.7268171	Aguadilla Barrio-Pueblo
PR.007.7268173	Aguas Buenas Barrio-Pueblo
PR.123.7268174	Aguirre Barrio
PR.009.7268178	Aibonito Barrio-Pueblo
PR.057.7268181	Algarrobo Barrio
PR.145.7268182	Algarrobo Barrio
PR.145.7268188	Almirante Sur Barrio
PR.011.7268196	Añasco Barrio-Pueblo
PR.015.7268197	Ancones Barrio
PR.069.7268203	Antón Ruíz Barrio
PR.013.7268205	Arecibo Barrio-Pueblo
PR.015.7268213	Arroyo Barrio-Pueblo
PR.025.7268222	Bairoa Barrio
PR.109.7268223	Bajo Barrio
PR.101.7268231	Barahona Barrio
PR.019.7268235	Barranquitas Barrio-Pueblo
PR.041.7268245	Bayamón Barrio
PR.021.7268246	Bayamón Barrio-Pueblo
PR.023.7268260	Boquerón Barrio
PR.085.7268261	Boquerón Barrio
PR.023.7268279	Cabo Rojo Barrio-Pueblo
PR.115.7268283	Cacao Barrio
PR.141.7268286	Caguana Barrio
PR.057.7268291	Caimital Barrio
PR.077.7268292	Caimito Barrio
PR.151.7268298	Calabazas Barrio
PR.151.7268307	Camino Nuevo Barrio
PR.065.7268308	Campo Alegre Barrio
PR.027.7268310	Camuy Arriba Barrio
PR.027.7268311	Camuy Barrio-Pueblo
PR.025.7268313	Cañabón Barrio
PR.137.7268318	Candelaria Barrio
PR.069.7268322	Candelero Arriba Barrio
PR.029.7268326	Canóvanas Barrio
PR.029.7268328	Canóvanas Barrio-Pueblo
PR.075.7268339	Capitanejo Barrio
PR.055.7268343	Carenero Barrio
PR.031.7268346	Carolina Barrio-Pueblo
PR.065.7268351	Carrizales Barrio
PR.033.7268356	Cataño Barrio-Pueblo
PR.035.7268359	Cayey Barrio-Pueblo
PR.085.7268367	El Río Barrio
PR.095.7268370	Emajagua Barrio
PR.111.7268372	Encarnación Barrio
PR.011.7268378	Espino Barrio
PR.013.7268384	Factor Barrio
PR.053.7268385	Fajardo Barrio-Pueblo
PR.133.7268388	Felicia 2 Barrio
PR.054.7268393	Florida Adentro Barrio
PR.017.7268394	Florida Afuera Barrio
PR.101.7268400	Fránquez Barrio
PR.135.7268405	Galateo Barrio
PR.017.7268408	Garrochales Barrio
PR.055.7268422	Guánica Barrio-Pueblo
PR.075.7268433	Guayabal Barrio
PR.057.7268439	Guayama Barrio-Pueblo
PR.059.7268440	Guayanilla Barrio-Pueblo
PR.061.7268441	Guaynabo Barrio-Pueblo
PR.005.7268443	Guerrero Barrio
PR.071.7268444	Guerrero Barrio
PR.063.7268448	Gurabo Barrio-Pueblo
PR.119.7268449	Guzmán Abajo Barrio
PR.065.7268453	Hatillo Barrio-Pueblo
PR.029.7268462	Hato Puerco Barrio
PR.127.7268464	Hato Rey Norte Barrio
PR.051.7268474	Higuillar Barrio
PR.067.7268482	Hormigueros Barrio-Pueblo
PR.069.7268486	Humacao Barrio-Pueblo
PR.059.7268493	Indios Barrio
PR.147.7268495	Isabel Segunda
PR.071.7268496	Isabela Barrio-Pueblo
PR.075.7268501	Jacaguas Barrio
PR.129.7268506	Jagual Barrio
PR.133.7268519	Jauca 1 Barrio
PR.133.7268520	Jauca 2 Barrio
PR.073.7268523	Jayuya Barrio-Pueblo
PR.057.7268525	Jobos Barrio
PR.075.7268533	Juana Díaz Barrio-Pueblo
PR.131.7268534	Juncal Barrio
PR.077.7268535	Juncos Barrio-Pueblo
PR.079.7268544	Lajas Barrio-Pueblo
PR.123.7268546	Lapa Barrio
PR.081.7268548	Lares Barrio-Pueblo
PR.085.7268555	Las Piedras Barrio-Pueblo
PR.151.7268561	Limones Barrio
PR.023.7268568	Llanos Costa Barrio
PR.087.7268571	Loíza Barrio-Pueblo
PR.029.7268573	Lomas Barrio
PR.043.7268577	Los Llanos Barrio
PR.121.7268584	Machuchal Barrio
PR.059.7268588	Magas Barrio
PR.089.7268608	Mameyes I Barrio
PR.119.7268609	Mameyes II Barrio
PR.091.7268611	Manatí Barrio-Pueblo
PR.083.7268615	Maravilla Sur Barrio
PR.125.7268616	Maresúa Barrio
PR.011.7268621	Marías Barrio
PR.093.7268625	Maricao Barrio-Pueblo
PR.089.7268637	Mata de Plátano Barrio
PR.095.7268642	Maunabo Barrio-Pueblo
PR.097.7268645	Mayagüez Barrio-Pueblo
PR.137.7268646	Media Luna Barrio
PR.087.7268647	Medianía Alta Barrio
PR.087.7268648	Medianía Baja Barrio
PR.023.7268657	Miradero Barrio
PR.099.7268664	Moca Barrio-Pueblo
PR.005.7268669	Montaña Barrio
PR.023.7268670	Monte Grande Barrio
PR.101.7268681	Morovis Barrio-Pueblo
PR.135.7268685	Mucarabones Barrio
PR.103.7268690	Naguabo Barrio-Pueblo
PR.105.7268694	Naranjito Barrio-Pueblo
PR.003.7268695	Naranjo Barrio
PR.107.7268710	Orocovis Barrio-Pueblo
PR.043.7268717	Palmarejo Barrio
PR.079.7268719	Palmarejo Barrio
PR.015.7268722	Palmas Barrio
PR.095.7268727	Palo Seco Barrio
PR.045.7268729	Palomas Barrio
PR.079.7268731	Parguera Barrio
PR.009.7268735	Pasto Barrio
PR.109.7268740	Patillas Barrio-Pueblo
PR.103.7268746	Peña Pobre Barrio
PR.111.7268747	Peñuelas Barrio-Pueblo
PR.089.7268763	Pitahaya Barrio
PR.011.7268768	Playa Barrio
PR.151.7268772	Playa Barrio
PR.117.7268789	Pueblo Barrio
PR.147.7268829	Puerto Real Barrio
PR.069.7268837	Punta Santiago Barrio
PR.135.7268844	Quebrada Arenas Barrio
PR.027.7268848	Quebrada Barrio
PR.053.7268863	Quebrada Vueltas Barrio
PR.123.7268864	Quebrada Yeguas Barrio
PR.115.7268868	Quebradillas Barrio-Pueblo
PR.041.7268873	Rabanal Barrio
PR.041.7268880	Rincón Barrio
PR.117.7268883	Rincón Barrio-Pueblo
PR.069.7268886	Río Abajo Barrio
PR.103.7268897	Río Blanco Barrio
PR.075.7268898	Río Cañas Abajo Barrio
PR.119.7268909	Río Grande Barrio-Pueblo
PR.123.7268912	Río Jueyes Barrio
PR.051.7268913	Río Lajas Barrio
PR.143.7268937	Sabana Barrio
PR.121.7268941	Sabana Grande Barrio-Pueblo
PR.013.7268942	Sabana Hoyos Barrio
PR.075.7268943	Sabana Llana Barrio
PR.137.7268946	Sabana Seca Barrio
PR.123.7268953	Salinas Barrio-Pueblo
PR.115.7268964	San Antonio Barrio
PR.125.7268970	San Germán Barrio-Pueblo
PR.043.7268971	San Ildefonso Barrio
PR.127.7268975	San Juan Antiguo Barrio
PR.129.7268979	San Lorenzo Barrio-Pueblo
PR.131.7268984	San Sebastián Barrio-Pueblo
PR.133.7268989	Santa Isabel Barrio-Pueblo
PR.111.7269000	Santo Domingo Barrio
PR.113.7269005	Segundo Barrio
PR.007.7269015	Sumidero Barrio
PR.153.7269019	Susúa Baja Barrio
PR.121.7269020	Susúa Barrio
PR.111.7269023	Tallaboa Alta Barrio
PR.091.7269036	Tierras Nuevas Poniente Barrio
PR.091.7269037	Tierras Nuevas Saliente Barrio
PR.135.7269039	Toa Alta Barrio-Pueblo
PR.029.7269046	Torrecilla Alta Barrio
PR.139.7269052	Trujillo Alto Barrio-Pueblo
PR.141.7269060	Utuado Barrio-Pueblo
PR.143.7269067	Vega Alta Barrio-Pueblo
PR.145.7269068	Vega Baja Barrio-Pueblo
PR.035.7269072	Vegas Barrio
PR.149.7269081	Villalba Barrio-Pueblo
PR.151.7269085	Yabucoa Barrio-Pueblo
PR.153.7269087	Yauco Barrio-Pueblo
PR.015.7269088	Yaurel Barrio
PR.119.7269094	Zarzal Barrio
PS.WE.7828733	Jenin
PS.GZ.7870260	Rafah
PS.GZ.7870263	North Gaza
PS.GZ.7870268	Deir Al Balah
PS.WE.7870463	Bethlehem
PS.WE.7870555	Nablus
PS.WE.7870644	Tulkarm
PS.WE.7870648	Tubas
PS.WE.7870649	Qalqilya
PS.WE.7870652	Salfit
PS.WE.7870653	Jericho
PS.WE.7870654	Al Quds
PS.WE.7870657	Ramallah
PS.WE.7870658	Al Khalil
PS.GZ.7871092	Khan Yunis Governorate
PS.GZ.11184609	Gaza
PT.22.1821	Tondela
PT.06.0504	Fundão
PT.14.1106	Lisbon
PT.17.1312	Porto
PT.14.1107	Loures
PT.16.1212	Nisa
PT.06.0511	Vila Velha de Ródão
PT.16.1205	Castelo de Vide
PT.16.1210	Marvão
PT.16.1214	Portalegre
PT.16.1209	Gavião
PT.16.1213	Ponte de Sor
PT.16.1201	Alter do Chão
PT.16.1211	Monforte
PT.22.1802	Carregal do Sal
PT.19.1510	Seixal
PT.02.0101	Águeda
PT.02.0102	Albergaria-A-Velha
PT.02.0103	Anadia
PT.02.0104	Arouca
PT.02.0105	Aveiro
PT.02.0106	Castelo de Paiva
PT.02.0107	Espinho
PT.02.0108	Estarreja
PT.02.0109	Santa Maria da Feira
PT.02.0110	Ílhavo
PT.02.0111	Mealhada
PT.02.0112	Murtosa
PT.02.0113	Oliveira de Azeméis
PT.02.0114	Oliveira do Bairro
PT.02.0115	Ovar
PT.02.0116	São João da Madeira
PT.02.0117	Sever do Vouga
PT.02.0118	Vagos
PT.02.0119	Vale de Cambra
PT.03.0201	Aljustrel
PT.03.0202	Almodôvar
PT.03.0203	Alvito
PT.03.0204	Barrancos
PT.03.0205	Beja
PT.03.0206	Castro Verde
PT.03.0207	Cuba
PT.03.0208	Ferreira do Alentejo
PT.03.0209	Mértola
PT.03.0210	Moura
PT.03.0211	Odemira
PT.03.0212	Ourique
PT.03.0213	Serpa
PT.03.0214	Vidigueira
PT.04.0301	Amares
PT.04.0302	Barcelos
PT.04.0303	Braga
PT.04.0304	Cabeceiras de Basto
PT.04.0305	Celorico de Basto
PT.04.0306	Esposende
PT.04.0307	Fafe
PT.04.0308	Guimarães
PT.04.0309	Póvoa de Lanhoso
PT.04.0310	Terras de Bouro
PT.04.0311	Vieira do Minho
PT.04.0312	Vila Nova de Famalicão
PT.04.0313	Vila Verde
PT.04.0314	Vizela
PT.05.0401	Alfândega da Fé
PT.05.0402	Bragança Municipality
PT.05.0403	Carrazeda de Ansiães
PT.05.0404	Freixo de Espada À Cinta
PT.05.0405	Macedo de Cavaleiros
PT.05.0406	Miranda do Douro
PT.05.0407	Mirandela
PT.05.0408	Mogadouro
PT.05.0409	Torre de Moncorvo
PT.05.0410	Vila Flor
PT.05.0411	Vimioso
PT.05.0412	Vinhais
PT.06.0501	Belmonte
PT.06.0502	Castelo Branco
PT.06.0503	Covilhã
PT.06.0505	Idanha-A-Nova
PT.06.0506	Oleiros
PT.06.0507	Penamacor
PT.06.0508	Proença-A-Nova
PT.06.0509	Sertã
PT.06.0510	Vila de Rei
PT.07.0601	Arganil
PT.07.0602	Cantanhede
PT.07.0603	Coimbra
PT.07.0604	Condeixa-A-Nova
PT.07.0605	Figueira da Foz
PT.07.0606	Góis
PT.07.0607	Lousã
PT.07.0608	Mira
PT.07.0609	Miranda do Corvo
PT.07.0610	Montemor-O-Velho
PT.07.0611	Oliveira do Hospital
PT.07.0612	Pampilhosa da Serra
PT.07.0613	Penacova
PT.07.0614	Penela
PT.07.0615	Soure
PT.07.0616	Tábua
PT.07.0617	Vila Nova de Poiares
PT.08.0701	Alandroal
PT.08.0702	Arraiolos
PT.08.0703	Borba
PT.08.0704	Estremoz
PT.08.0705	Évora
PT.08.0706	Montemor-O-Novo
PT.08.0707	Mora
PT.08.0708	Mourão
PT.08.0709	Portel
PT.08.0710	Redondo
PT.08.0711	Reguengos de Monsaraz
PT.08.0712	Vendas Novas
PT.08.0713	Viana do Alentejo
PT.08.0714	Vila Viçosa
PT.09.0801	Albufeira
PT.09.0802	Alcoutim
PT.09.0803	Aljezur
PT.09.0804	Castro Marim
PT.09.0805	Faro
PT.09.0806	Lagoa
PT.09.0807	Lagos
PT.09.0808	Loulé
PT.09.0809	Monchique
PT.09.0810	Olhão
PT.09.0811	Portimão
PT.09.0812	São Brás de Alportel
PT.09.0813	Silves
PT.09.0814	Tavira
PT.09.0815	Vila do Bispo
PT.09.0816	Vila Real de Santo António
PT.11.0901	Aguiar da Beira
PT.11.0903	Celorico da Beira
PT.11.0904	Figueira de Castelo Rodrigo
PT.11.0905	Fornos de Algodres
PT.11.0907	Guarda
PT.11.0908	Manteigas
PT.11.0909	Mêda
PT.11.0910	Pinhel
PT.11.0911	Sabugal
PT.11.0912	Seia
PT.11.0913	Trancoso
PT.11.0914	Vila Nova de Foz Côa
PT.13.1001	Alcobaça
PT.13.1002	Alvaiázere
PT.13.1003	Ansião
PT.13.1004	Batalha
PT.13.1005	Bombarral
PT.13.1006	Caldas da Rainha
PT.13.1007	Castanheira de Pera
PT.13.1008	Figueiró Dos Vinhos
PT.13.1009	Leiria
PT.13.1010	Marinha Grande
PT.13.1011	Nazaré
PT.13.1012	Óbidos
PT.13.1013	Pedrógão Grande
PT.13.1014	Peniche
PT.13.1015	Pombal
PT.13.1016	Porto de Mós
PT.14.1101	Alenquer
PT.14.1102	Arruda Dos Vinhos
PT.14.1103	Azambuja
PT.14.1104	Cadaval
PT.14.1105	Cascais
PT.14.1108	Lourinhã
PT.14.1109	Mafra
PT.14.1110	Oeiras
PT.14.1111	Sintra
PT.14.1112	Sobral de Monte Agraço
PT.14.1113	Torres Vedras
PT.14.1114	Vila Franca de Xira
PT.14.1115	Amadora
PT.14.1116	Odivelas
PT.16.1202	Arronches
PT.16.1203	Avis
PT.16.1204	Campo Maior
PT.16.1207	Elvas
PT.16.1208	Fronteira
PT.16.1215	Sousel
PT.17.1301	Amarante
PT.17.1302	Baião
PT.17.1303	Felgueiras
PT.17.1304	Gondomar
PT.17.1305	Lousada
PT.17.1306	Maia
PT.17.1307	Marco de Canaveses
PT.17.1308	Matosinhos
PT.17.1309	Paços de Ferreira
PT.17.1310	Paredes
PT.17.1311	Penafiel
PT.17.1313	Póvoa de Varzim
PT.17.1314	Santo Tirso
PT.17.1315	Valongo
PT.17.1316	Vila do Conde
PT.17.1317	Vila Nova de Gaia
PT.17.1318	Trofa
PT.18.1401	Abrantes
PT.18.1402	Alcanena
PT.18.1403	Almeirim
PT.18.1404	Alpiarça
PT.18.1405	Benavente
PT.18.1406	Cartaxo
PT.18.1407	Chamusca
PT.18.1408	Constância
PT.18.1409	Coruche
PT.18.1410	Entroncamento
PT.18.1411	Ferreira do Zêzere
PT.18.1412	Golegã
PT.18.1413	Mação
PT.18.1414	Rio Maior
PT.18.1415	Salvaterra de Magos
PT.18.1416	Santarém
PT.18.1417	Sardoal
PT.18.1418	Tomar
PT.18.1419	Torres Novas
PT.18.1420	Vila Nova da Barquinha
PT.18.1421	Ourém
PT.19.1501	Alcácer do Sal
PT.19.1502	Alcochete
PT.19.1503	Almada
PT.19.1504	Barreiro
PT.19.1505	Grândola
PT.19.1506	Moita
PT.19.1507	Montijo
PT.19.1508	Palmela
PT.19.1509	Santiago do Cacém
PT.19.1511	Sesimbra
PT.19.1512	Setúbal
PT.19.1513	Sines
PT.20.1601	Arcos de Valdevez
PT.20.1602	Caminha
PT.20.1603	Melgaço
PT.20.1604	Monção
PT.20.1605	Paredes de Coura
PT.20.1606	Ponte da Barca
PT.20.1607	Ponte de Lima
PT.20.1608	Valença
PT.20.1609	Viana do Castelo
PT.20.1610	Vila Nova de Cerveira
PT.21.1701	Alijó
PT.21.1702	Boticas
PT.21.1703	Chaves
PT.21.1704	Mesão Frio
PT.21.1705	Mondim de Basto
PT.21.1706	Montalegre
PT.21.1707	Murça
PT.21.1708	Peso da Régua
PT.21.1709	Ribeira de Pena
PT.21.1710	Sabrosa
PT.21.1711	Santa Marta de Penaguião
PT.21.1712	Valpaços
PT.21.1713	Vila Pouca de Aguiar
PT.21.1714	Vila Real
PT.22.1801	Armamar
PT.22.1803	Castro Daire
PT.22.1804	Cinfães
PT.22.1805	Lamego
PT.22.1806	Mangualde
PT.22.1807	Moimenta da Beira
PT.22.1808	Mortágua
PT.22.1809	Nelas
PT.22.1810	Oliveira de Frades
PT.22.1812	Penedono
PT.22.1813	Resende
PT.22.1814	Santa Comba Dão
PT.22.1815	São João da Pesqueira
PT.22.1816	São Pedro do Sul
PT.22.1817	Sátão
PT.22.1818	Sernancelhe
PT.22.1819	Tabuaço
PT.22.1820	Tarouca
PT.22.1822	Vila Nova de Paiva
PT.22.1823	Viseu
PT.22.1824	Vouzela
PT.10.3101	Calheta
PT.10.3102	Câmara de Lobos
PT.10.3103	Funchal
PT.10.3104	Machico
PT.10.3105	Ponta do Sol
PT.10.3106	Porto Moniz
PT.10.3107	Ribeira Brava
PT.10.3108	Santa Cruz
PT.10.3109	Santana
PT.10.3110	São Vicente
PT.10.3201	Porto Santo
PT.23.4201	Lagoa
PT.23.4202	Nordeste
PT.23.4203	Ponta Delgada
PT.23.4204	Povoação
PT.23.4205	Ribeira Grande
PT.23.4206	Vila Franca do Campo
PT.23.4301	Angra do Heroísmo
PT.23.4302	Praia da Vitória
PT.23.4401	Santa Cruz da Graciosa
PT.23.4501	Calheta de São Jorge
PT.23.4502	Velas
PT.23.4601	Lajes do Pico
PT.23.4602	Madalena
PT.23.4603	São Roque do Pico
PT.23.4701	Horta
PT.23.4801	Lajes Das Flores
PT.23.4802	Santa Cruz Das Flores
PY.01.1016	Minga Pora District
PY.11.0719	San Cosme y Damian
PY.16.1504	Villa Hayes
PY.12.0805	San Patricio
PY.08.0308	Isla Pucu
PY.10.0401	Villarrica
PY.11.0715	Jesus
PY.06.1113	San Antonio
PY.17.0213	Villa Del Rosario
PY.11.0717	Obligado
PY.05.0602	Abai
PY.01.1010	Los Cedrales
PY.06.1102	Capiata
PY.17.0211	Union
PY.19.1401	Saltos Del Guaira
PY.11.0720	San Pedro Del Parana
PY.04.0504	Cecilio Baez
PY.01.1018	San Alberto
PY.15.0905	Carapegua
PY.04.0507	Repatriacion
PY.13.1205	General Diaz
PY.04.0501	Coronel Oviedo
PY.11.0728	San Juan del Parana
PY.17.0217	Capiibary
PY.17.0207	Nueva Germania
PY.15.0908	Mbuyapey
PY.19.1410	Nueva Esperanza
PY.24.1605	Loma Plata
PY.08.0318	Tobati
PY.19.1403	Curuguaty
PY.10.0412	Natalicio Talavera
PY.04.0505	Santa Rosa Del Mbutuy
PY.15.0916	Yvycui
PY.10.0403	Mauricio Jose Troche
PY.15.0902	Acahay
PY.06.1112	Ñemby
PY.06.1101	Aregua
PY.02.1303	Capitan Bado
PY.11.0701	Encarnacion
PY.08.0305	Caraguatay
PY.08.0314	Piribebuy
PY.11.0714	Hohenau
PY.17.0215	Yataity Del Norte
PY.24.1604	Filadelfia
PY.01.1013	Santa Rita
PY.04.0510	San Jose De Los Arroyos
PY.08.0302	Altos
PY.15.0909	Pirayu
PY.05.0603	Buena Vista
PY.05.0607	San Juan Nepomuceno
PY.23.1705	Carmelo Peralta
PY.11.0724	Tomas Romero Pereira
PY.01.1009	Yguazu
PY.15.0901	Paraguari
PY.17.0216	Guajayvi
PY.07.0107	Yvy Ya´U
PY.12.0806	Santa Maria
PY.04.0502	Caaguazu
PY.16.1502	Benjamin Aceval
PY.06.1104	Guarambare
PY.24.1602	Mariscal Estigarribia
PY.15.0915	Yaguaron
PY.07.0101	Concepcion
PY.12.0809	Villa Florida
PY.17.0206	Lima
PY.06.1115	Villa Elisa
PY.11.0712	General Artigas
PY.08.0306	Emboscada
PY.15.0903	Caapucu
PY.11.0723	Edelira
PY.19.1404	Villa Ygatimí
PY.22.0000	Asuncion
PY.19.1409	La Paloma
PY.12.0802	Ayolas
PY.07.0102	Belen
PY.10.0404	Coronel Martinez
PY.15.0907	La Colmena
PY.04.0512	J Eulogio Estigarribia
PY.16.1505	Nanawa
PY.06.1107	Lambare
PY.08.0316	San Bernardino
PY.11.0702	Bella Vista
PY.01.1014	Naranjal
PY.23.1704	Bahia Negra
PY.11.0722	Trinidad
PY.12.0808	Santiago
PY.11.0707	Carmen Del Parana
PY.17.0203	Chore
PY.05.0610	Yuty
PY.11.0718	Mayor Otaño
PY.12.0801	San Juan Bautista
PY.08.0307	Eusebio Ayala
PY.02.1301	Pedro Juan Caballero
PY.05.0609	Fulgencio Yegros
PY.06.1110	Mariano Roque Alonso
PY.15.0910	Quiindy
PY.04.0509	San Joaquin
PY.01.1002	Presidente Franco
PY.13.1203	Cerrito
PY.07.0106	San Lazaro
PY.01.1006	Itakyry
PY.17.0205	Itacurubi Del Rosario
PY.06.1114	San Lorenzo
PY.08.0317	Santa Elena
PY.11.0705	Capitan Miranda
PY.01.1001	Ciudad Del Este
PY.19.1402	Corpus Christi
PY.08.0304	Atyra
PY.17.0204	General Elizardo Aquino
PY.15.0913	Sapucai
PY.17.0201	San Pedro Del Ykuamandiyu
PY.10.0411	Mbocayaty
PY.01.1004	Dr. Juan Leon Mallorquin
PY.07.0103	Horqueta
PY.06.1111	Nueva Italia
PY.04.0503	Carayao
PY.10.0408	Itape
PY.13.1201	Pilar
PY.06.1105	Ita
PY.04.0506	Dr. Juan Manuel Frutos
PY.11.0709	Carlos Antonio Lopez
PY.06.1116	Villeta
PY.06.1108	Limpio
PY.23.1701	Fuerte Olimpo
PY.08.0301	Caacupe
PY.17.0202	Antequera
PY.12.0807	Santa Rosa
PY.05.0601	Caazapa
PY.08.0303	Arroyos Y Esteros
PY.04.0511	Yhu
PY.06.1117	Ypacarai
PY.11.0710	Natalio
PY.11.0729	Pirapo
PY.02.1302	Bella Vista
PY.11.0726	La Paz
PY.10.0409	Iturbe
PY.08.0309	Itacurubi De La Cordillera
PY.06.1106	Itaugua
PY.11.0713	General Delgado
RE.RE.974	Réunion
RO.34.151344	Comuna Zvoriştea
RO.12.54699	Comuna Zorlenţu Mare
RO.38.167179	Comuna Zorleni
RO.01.1936	Oraş Zlatna
RO.35.154978	Comuna Zâmbreasca
RO.31.143147	Comuna Zimbor
RO.02.12876	Comuna Zimandu Nou
RO.11.50479	Comuna Ziduri
RO.20.86366	Comuna Zetea
RO.02.12849	Comuna Zerind
RO.04.26289	Comuna Zemeş
RO.12.54617	Comuna Zăvoi
RO.08.44532	Comuna Zăvoaia
RO.39.174290	Comuna Zătreni
RO.11.50415	Comuna Zărneşti
RO.09.40492	Oraş Zãrneşti
RO.02.12812	Comuna Zărand
RO.38.167071	Comuna Zăpodeni
RO.28.125061	Comuna Zăneşti
RO.34.151246	Comuna Zamostea
RO.21.92177	Comuna Zam
RO.31.143067	Comuna Zalha
RO.06.35429	Comuna Zagra
RO.15.65011	Comuna Zagon
RO.27.120343	Comuna Zagăr
RO.02.12938	Comuna Zădăreni
RO.02.12778	Comuna Zăbrani
RO.15.65048	Comuna Zăbala
RO.38.167035	Comuna Vutcani
RO.33.145998	Comuna Vurpăr
RO.40.178821	Comuna Vulturu
RO.14.63170	Comuna Vulturu
RO.38.166985	Comuna Vultureşti
RO.03.20055	Comuna Vultureşti
RO.29.130231	Comuna Vultureşti
RO.13.60099	Comuna Vultureni
RO.29.130124	Comuna Vulpeni
RO.16.179640	Comuna Vulcana-Pandele
RO.16.69615	Comuna Vulcana Băi
RO.09.42398	Comuna Vulcan
RO.40.178750	Comuna Vrâncioaia
RO.26.114079	Comuna Vrata
RO.12.54573	Comuna Vrani
RO.20.86339	Comuna Voşlãbeni
RO.21.92097	Comuna Vorţa
RO.07.39872	Comuna Vorona
RO.07.39836	Comuna Vorniceni
RO.43.179551	Voluntari City
RO.34.151120	Comuna Volovăţ
RO.26.113974	Comuna Voloiac
RO.27.120316	Comuna Voivodeni
RO.34.151558	Comuna Voitinel
RO.36.159339	Comuna Voiteg
RO.23.100219	Comuna Voineşti
RO.16.69526	Comuna Voineşti
RO.39.174254	Comuna Voineasa
RO.29.130062	Comuna Voineasa
RO.09.42307	Comuna Voila
RO.39.174218	Comuna Voiceşti
RO.07.39792	Comuna Vlăsineşti
RO.20.83749	Oraş Vlãhiţa
RO.41.94768	Comuna Vlad Ţepeş
RO.19.82831	Comuna Vladimir
RO.02.9397	Comuna Vladimirescu
RO.29.130026	Comuna Vlădila
RO.18.77536	Comuna Vlădeşti
RO.03.19999	Comuna Vlădeşti
RO.39.174156	Comuna Vlădeşti
RO.07.39738	Comuna Vlădeni
RO.23.100148	Comuna Vlădeni
RO.16.179711	Comuna Vlădeni
RO.22.94795	Comuna Vlădeni
RO.26.113929	Comuna Vlădaia
RO.08.44505	Comuna Viziru
RO.29.129914	Comuna Vitomireşti
RO.35.153776	Comuna Vităneşti
RO.09.42236	Comuna Viştea de Jos
RO.16.69394	Comuna Vişineşti
RO.29.130375	Comuna Vişina Nouă
RO.16.69330	Comuna Vişina
RO.29.129898	Comuna Vişina
RO.25.109504	Comuna Vişeu de Jos
RO.08.44462	Comuna Vişani
RO.17.74750	Comuna Vârvoru de Jos
RO.17.74732	Comuna Vârtop
RO.40.178689	Comuna Vârteşcoiu
RO.31.143021	Comuna Vârşolţ
RO.18.77509	Comuna Vârlezi
RO.15.64997	Comuna Vârghiş
RO.02.12689	Comuna Vârfurile
RO.16.69447	Comuna Vârfuri
RO.07.39694	Comuna Vârfu Câmpului
RO.05.32090	Comuna Vârciorog
RO.11.50326	Comuna Vipereşti
RO.01.8826	Comuna Vinţu de Jos
RO.11.50228	Comuna Vintilă Vodă
RO.26.110232	Oraş Vânju Mare
RO.26.113894	Comuna Vânjuleţ
RO.02.12643	Comuna Vinga
RO.38.166770	Comuna Vinderei
RO.28.125016	Comuna Vânători Neamţ
RO.42.105972	Comuna Vânătorii Mici
RO.23.100086	Comuna Vânãtori
RO.27.120254	Comuna Vânători
RO.40.178607	Comuna Vânători
RO.18.75150	Comuna Vânători
RO.26.113849	Comuna Vânători
RO.11.50399	Comuna Vâlcelele
RO.29.129987	Comuna Vâlcele
RO.15.64942	Comuna Vâlcele
RO.30.136198	Comuna Vâlcăneşti
RO.13.60062	Comuna Viişoara
RO.35.154914	Comuna Viişoara
RO.32.139394	Comuna Viile Satu Mare
RO.01.8425	Comuna Vidra
RO.40.178377	Comuna Vidra
RO.43.105936	Comuna Vidra
RO.35.151905	Oraş Videle
RO.08.44435	Comuna Victoria
RO.34.151095	Oraş Vicovu De Sus
RO.34.151077	Comuna Vicovu de Jos
RO.38.166672	Comuna Vetrişoaia
RO.32.139358	Comuna Vetiş
RO.21.91982	Comuna Veţel
RO.27.120174	Comuna Veţca
RO.11.50102	Comuna Verneşti
RO.12.54537	Comuna Vermeş
RO.29.129816	Comuna Verguleasa
RO.34.151022	Comuna Vereşti
RO.17.74705	Comuna Verbiţa
RO.17.74616	Comuna Vela
RO.03.19793	Comuna Vedea
RO.35.154852	Comuna Vedea
RO.42.105909	Comuna Vedea
RO.34.150980	Comuna Vatra Moldoviţei
RO.27.120138	Comuna Vătava
RO.41.105829	Comuna Vasilaţi
RO.20.86311	Comuna Vărşag
RO.36.159213	Comuna Variaş
RO.27.120076	Comuna Vărgata
RO.30.136134	Comuna Vărbilău
RO.42.105874	Comuna Vărăşti
RO.02.12572	Comuna Vărădia de Mureş
RO.12.54500	Comuna Vărădia
RO.09.42183	Comuna Vama Buzăului
RO.32.139330	Comuna Vama
RO.34.150935	Comuna Vama
RO.14.63125	Comuna Valu lui Traian
RO.12.54485	Comuna Văliug
RO.21.91937	Comuna Vălişoara
RO.16.69303	Comuna Văleni-Dâmboviţa
RO.28.125123	Comuna Văleni
RO.29.129763	Comuna Văleni
RO.32.139287	Comuna Valea Vinului
RO.33.145961	Comuna Valea Viilor
RO.28.124885	Comuna Valea Ursului
RO.23.99968	Comuna Valea Seacă
RO.04.26083	Comuna Valea Seacă
RO.04.20670	Comuna Ştefan Cel Mare
RO.40.178313	Comuna Valea Sării
RO.11.50068	Comuna Valea Sălciei
RO.37.161482	Comuna Valea Nucarilor
RO.03.13524	Comuna Valea Mare-Pravăţ
RO.15.65099	Comuna Valea Mare
RO.16.69170	Comuna Valea Mare
RO.29.129656	Comuna Valea Mare
RO.22.105794	Comuna Valea Măcrişului
RO.16.69063	Comuna Valea Lungă
RO.01.8354	Comuna Valea Lungă
RO.05.32027	Oraş Valea Lui Mihai
RO.27.119974	Comuna Valea Largă
RO.13.60026	Comuna Valea Ierii
RO.03.19695	Comuna Valea Iaşului
RO.42.105776	Comuna Valea Dragului
RO.03.19631	Comuna Valea Danului
RO.15.64906	Comuna Valea Crişului
RO.22.94688	Comuna Valea Ciorii
RO.25.109354	Comuna Valea Chioarului
RO.30.135949	Comuna Valea Călugărească
RO.05.27007	Oraş Vaşcãu
RO.36.159482	Comuna Vălcani
RO.39.174021	Comuna Vaideeni
RO.19.82779	Comuna Văgiuleşti
RO.30.136269	Comuna Vadu Săpat
RO.11.49956	Comuna Vadu Paşii
RO.05.31976	Comuna Vadu Crişului
RO.08.44391	Comuna Vădeni
RO.29.129745	Comuna Vădăstriţa
RO.29.129718	Comuna Vădastra
RO.25.106648	Comuna Vadu Izei
RO.13.59942	Comuna Vad
RO.07.39612	Comuna Văculeşti
RO.16.69250	Comuna Văcăreşti
RO.37.161543	Comuna Văcăreni
RO.17.74554	Comuna Urzicuţa
RO.32.139250	Comuna Urziceni
RO.29.129629	Comuna Urzica
RO.06.35312	Comuna Urmeniş
RO.06.35269	Comuna Uriu
RO.21.87139	Oraş Uricani
RO.04.26029	Comuna Urecheşti
RO.40.178279	Comuna Urecheşti
RO.28.124849	Comuna Urecheni
RO.19.82733	Comuna Urdari
RO.07.39532	Comuna Unţeni
RO.01.8158	Comuna Unirea
RO.21.91731	Comuna General Berthelot
RO.41.94651	Comuna Unirea
RO.11.50549	Comuna Unguriu
RO.07.39417	Comuna Ungureni
RO.13.59880	Comuna Unguraş
RO.09.42156	Comuna Ungra
RO.27.119894	Oraş Ungheni
RO.03.19560	Comuna Ungheni
RO.18.77402	Comuna Umbrăreşti
RO.08.44328	Comuna Ulmu
RO.41.94606	Comuna Ulmu
RO.16.65501	Comuna Ulmi
RO.25.109265	Oraş Ulmeni
RO.11.49894	Comuna Ulmeni
RO.41.105605	Comuna Ulmeni
RO.34.150702	Comuna Ulma
RO.16.68976	Comuna Ulieşti
RO.36.159142	Comuna Uivar
RO.05.31921	Comuna Uileacu de Beiuş
RO.34.150588	Comuna Udeşti
RO.35.155154	Comuna Uda-Clocociov
RO.03.19392	Comuna Uda
RO.09.42101	Comuna Ucea de Jos
RO.14.60721	Comuna Tuzla
RO.23.99922	Comuna Ţuţora
RO.20.86188	Comuna Tuşnad
RO.32.139214	Comuna Turulung
RO.32.139170	Comuna Turţ
RO.12.54412	Comuna Turnu Rueni
RO.15.64871	Comuna Turia
RO.13.59764	Comuna Tureni
RO.13.55259	Municipiul Turda
RO.21.91688	Comuna Turdaş
RO.37.161464	Comuna Turcoaia
RO.19.78089	Comuna Turcineşti
RO.19.82617	Oraş Turceni
RO.19.82555	Comuna Turburea
RO.28.124750	Comuna Tupilaţi
RO.43.105570	Comuna Tunari
RO.18.77331	Comuna Tuluceşti
RO.40.178117	Comuna Tulnici
RO.20.86133	Comuna Tulgheş
RO.05.31841	Comuna Tulca
RO.17.74509	Comuna Ţuglui
RO.08.44300	Comuna Tufeşti
RO.29.129585	Comuna Tufeni
RO.18.77313	Comuna Tudor Vladimirescu
RO.08.44257	Comuna Tudor Vladimirescu
RO.07.39391	Comuna Tudora
RO.07.39328	Comuna Truşeşti
RO.35.154790	Comuna Troianul
RO.23.99600	Comuna Trifeşti
RO.28.124723	Comuna Trifeşti
RO.36.159071	Comuna Traian Vuia
RO.04.25861	Comuna Traian
RO.08.44202	Comuna Traian
RO.22.179702	Comuna Traian
RO.29.129567	Comuna Traian
RO.35.154736	Comuna Traian
RO.21.91624	Comuna Toteşti
RO.14.63189	Comuna Tortoman
RO.36.159035	Comuna Tormac
RO.14.63072	Comuna Topraisar
RO.42.154709	Comuna Toporu
RO.03.13757	Oraș Topoloveni
RO.37.161384	Comuna Topolog
RO.21.91535	Comuna Topliţa
RO.11.49769	Comuna Topliceni
RO.12.54387	Comuna Topleţ
RO.29.129503	Comuna Topana
RO.14.63045	Comuna Topalu
RO.39.173935	Comuna Tomşani
RO.30.135896	Comuna Tomşani
RO.36.159473	Comuna Tomnatic
RO.23.95293	Comuna Tomeşti
RO.20.86453	Comuna Tomeşti
RO.21.91447	Comuna Tomeşti
RO.36.158895	Comuna Tomeşti
RO.34.150524	Comuna Todireşti
RO.38.166413	Comuna Todireşti
RO.07.39266	Comuna Todireni
RO.16.66081	Oraş Titu
RO.39.174496	Comuna Titeşti
RO.03.19338	Comuna Țițești
RO.19.82430	Oraş Tismana
RO.32.139143	Comuna Târşolţ
RO.02.12509	Comuna Târnova
RO.12.54350	Comuna Târnova
RO.06.35152	Comuna Târlişua
RO.04.25825	Comuna Târgu Trotuş
RO.14.62985	Comuna Târguşor
RO.25.106817	Oraș Târgu Lăpuş
RO.23.95471	Oraş Târgu Frumos
RO.19.78329	Oraş Târgu Cãrbuneşti
RO.30.130892	Comuna Târgşoru Vechi
RO.32.139107	Comuna Tiream
RO.11.49849	Comuna Ţinteşti
RO.19.82680	Comuna Ţânţăreni
RO.30.135850	Comuna Tinosu
RO.05.31789	Comuna Tinca
RO.26.113732	Comuna Tâmna
RO.28.124661	Comuna Timişeşti
RO.40.178046	Comuna Tâmboeşti
RO.33.145907	Comuna Tilişca
RO.05.31716	Comuna Tileagd
RO.06.35090	Comuna Tiha Bârgăului
RO.03.19249	Comuna Tigveni
RO.35.154834	Comuna Ţigăneşti
RO.23.99879	Comuna Ţigănaşi
RO.40.178180	Comuna Ţifeşti
RO.12.54305	Comuna Ticvaniu Mare
RO.09.42076	Comuna Ticuşu Vechi
RO.19.78454	Oraş Ţicleni
RO.08.44177	Comuna Tichileşti
RO.28.124803	Comuna Ţibucani
RO.23.99780	Comuna Ţibăneşti
RO.23.99673	Comuna Ţibana
RO.29.129460	Comuna Tia Mare
RO.39.173855	Comuna Tetoiu
RO.29.129380	Comuna Teslui
RO.17.74359	Comuna Terpeziţa
RO.12.54270	Comuna Teregova
RO.32.139054	Comuna Terebeşti
RO.18.77377	Comuna Ţepu
RO.09.42058	Comuna Teliu
RO.19.82396	Comuna Teleşti
RO.30.135789	Comuna Telega
RO.06.35054	Comuna Telciu
RO.01.8096	Oraş Teiuş
RO.03.19212	Comuna Teiu
RO.30.135725	Comuna Teişani
RO.17.74322	Comuna Teasc
RO.06.34985	Comuna Teaca
RO.28.124616	Comuna Tazlău
RO.25.106461	Oraș Tăuţii-Măgherăuş
RO.05.31654	Comuna Tăuteu
RO.02.12457	Comuna Tauţ
RO.29.129317	Comuna Tătuleşti
RO.23.99478	Comuna Tătăruşi
RO.30.135681	Comuna Tătaru
RO.35.154665	Comuna Tătărăştii de Sus
RO.35.154585	Comuna Tătărăştii de Jos
RO.04.25745	Comuna Tătărăşti
RO.38.166315	Comuna Tătărăni
RO.16.68921	Comuna Tătărani
RO.32.136642	Oraș Tăşnad
RO.28.124563	Comuna Taşca
RO.16.105534	Comuna Tărtăşeşti
RO.09.42003	Comuna Tărlungeni
RO.05.31565	Comuna Tarcea
RO.28.124493	Comuna Tarcău
RO.05.31609	Comuna Tărcaia
RO.23.99441	Comuna Tansa
RO.40.177879	Comuna Tănăsoaia
RO.38.166182	Comuna Tanacu
RO.28.124634	Comuna Tămăşeni
RO.17.74956	Comuna Tãlpaş
RO.35.154521	Comuna Talpa
RO.33.145827	Oraş Tãlmaciu
RO.30.135654	Comuna Talea
RO.13.59826	Comuna Ţaga
RO.22.92765	Oraş Ţãndãrei
RO.38.166235	Comuna Tăcuta
RO.26.113607	Comuna Sviniţa
RO.08.44140	Comuna Şuţeşti
RO.39.173597	Comuna Suteşti
RO.27.119723	Comuna Suseni
RO.20.85920	Comuna Suseni
RO.03.19007	Comuna Suseni
RO.31.142774	Comuna Surduc
RO.08.42771	Comuna Surdila-Greci
RO.08.44113	Comuna Surdila-Găiseanca
RO.30.135404	Comuna Surani
RO.33.145792	Comuna Şura Mică
RO.33.145765	Comuna Şura Mare
RO.40.177842	Comuna Suraia
RO.05.31262	Comuna Suplacu de Barcău
RO.07.39051	Comuna Suliţa
RO.38.166137	Comuna Şuletea
RO.03.19141	Comuna Şuici
RO.07.38982	Comuna Suharău
RO.35.154460	Comuna Suhaia
RO.01.8014	Comuna Şugag
RO.22.94535	Comuna Sudiţi
RO.25.109041	Comuna Suciu de Sus
RO.34.150418	Comuna Suceviţa
RO.20.85877	Comuna Subcetate
RO.13.59657	Comuna Suatu
RO.34.150356	Comuna Stulpicani
RO.29.129184	Comuna Studina
RO.23.99209	Comuna Strunga
RO.04.25629	Comuna Strugari
RO.34.150310	Comuna Stroieşti
RO.39.173533	Comuna Stroeşti
RO.25.109005	Comuna Strâmtura
RO.01.7767	Comuna Stremţ
RO.29.129139	Comuna Strejeşti
RO.40.177799	Comuna Străoane
RO.34.150294	Comuna Straja
RO.35.154497	Comuna Storobăneasa
RO.03.18938	Comuna Stolnici
RO.23.99165	Comuna Stolniceni-Prăjescu
RO.19.82314	Comuna Stoina
RO.39.173374	Comuna Stoileşti
RO.29.129111	Comuna Stoicăneşti
RO.03.18858	Comuna Stoeneşti
RO.39.173230	Comuna Stoeneşti
RO.42.105348	Comuna Stoeneşti
RO.29.129095	Comuna Stoeneşti
RO.36.158804	Comuna Ştiuca
RO.07.39220	Comuna Ştiubieni
RO.26.113518	Comuna Stângăceaua
RO.27.119625	Comuna Stânceni
RO.11.49625	Comuna Stâlpu
RO.03.18778	Comuna Stâlpeni
RO.37.161348	Comuna Stejaru
RO.30.135618	Comuna Ştefeşti
RO.41.94580	Comuna Ştefan Vodă
RO.07.39168	Oraş Ştefãneşti
RO.03.13392	Oraș Ştefăneşti
RO.39.173748	Comuna Ştefăneşti
RO.43.105419	Comuna Ştefãneştii De Jos
RO.28.124411	Comuna Ştefan cel Mare
RO.38.166057	Comuna Ştefan cel Mare
RO.03.19114	Comuna Ştefan cel Mare
RO.29.129282	Comuna Ştefan cel Mare
RO.07.35884	Comuna Stăuceni
RO.30.135315	Comuna Starchiojd
RO.28.124331	Comuna Stăniţa
RO.04.25521	Comuna Stănişeşti
RO.38.165979	Comuna Stănileşti
RO.19.82136	Comuna Stăneşti
RO.39.173132	Comuna Stăneşti
RO.42.105295	Comuna Stăneşti
RO.08.44060	Comuna Stăncuţa
RO.40.178965	Comuna Spulber
RO.01.7945	Comuna Şpring
RO.29.129040	Comuna Sprâncenata
RO.05.31208	Comuna Spinuş
RO.29.128962	Comuna Spineni
RO.06.34547	Comuna Spermezeu
RO.41.105259	Comuna Spanţov
RO.40.177762	Comuna Soveja
RO.26.113698	Comuna Sovarna
RO.30.135547	Comuna Şotrile
RO.16.65477	Comuna Şotânga
RO.12.54163	Comuna Şopotu Nou
RO.17.74242	Comuna Sopot
RO.29.130384	Comuna Şopârliţa
RO.01.7865	Comuna Şona
RO.37.161302	Comuna Somova
RO.31.142710	Comuna Someş-Odorhei
RO.25.109176	Oraș Şomcuta Mare
RO.04.25488	Comuna Solonţ
RO.38.165899	Comuna Soleşti
RO.41.105384	Comuna Şoldanu
RO.21.91330	Comuna Şoimuş
RO.30.135501	Comuna Şoimari
RO.01.7446	Comuna Sohodol
RO.41.105222	Comuna Sohatu
RO.02.9360	Comuna Şofronea
RO.32.138869	Comuna Socond
RO.12.54109	Comuna Socol
RO.02.12126	Comuna Socodor
RO.09.41943	Comuna Şoarş
RO.43.105160	Comuna Snagov
RO.18.77260	Comuna Smulţi
RO.35.154380	Comuna Smârdioasa
RO.37.161286	Comuna Smârdan
RO.18.77224	Comuna Smârdan
RO.11.49545	Comuna Smeeni
RO.16.105142	Comuna Slobozia Moara
RO.35.154344	Comuna Slobozia-Mândra
RO.18.77180	Comuna Slobozia Conachi
RO.40.177726	Comuna Slobozia-Ciorăşti
RO.40.177655	Comuna Slobozia Bradului
RO.03.18741	Comuna Slobozia
RO.42.100549	Comuna Slobozia
RO.22.92658	Comuna Slobozia
RO.19.82047	Comuna Slivileşti
RO.33.145603	Comuna Slimnic
RO.37.161259	Comuna Slava Cercheză
RO.39.173061	Comuna Slătioara
RO.29.125374	Comuna Slătioara
RO.12.54056	Comuna Slatina-Timiş
RO.34.150258	Comuna Slatina
RO.15.63688	Comuna Sita Buzăului
RO.02.12402	Comuna Şiştarovăţ
RO.26.113625	Comuna Siseşti
RO.25.109096	Comuna Şişeşti
RO.30.135431	Comuna Şirna
RO.11.49484	Comuna Siriu
RO.39.173686	Comuna Şirineasa
RO.02.12368	Comuna Şiria
RO.23.99101	Comuna Sireţel
RO.29.130366	Comuna Sârbii-Măgura
RO.05.31128	Comuna Sârbi
RO.35.154308	Comuna Sârbeni
RO.23.99370	Comuna Şipote
RO.15.64826	Comuna Sânzieni
RO.20.86519	Comuna Sântimbru
RO.01.7384	Comuna Sântimbru
RO.22.105026	Comuna Sinteşti
RO.06.34903	Comuna Şintereag
RO.02.12055	Comuna Sintea Mare
RO.05.31379	Comuna Şinteu
RO.27.114453	Comuna Sântana de Mureş
RO.02.12091	Oraş Sântana
RO.21.91232	Comuna Sântămăria-Orlea
RO.20.85840	Comuna Sânsimion
RO.36.158733	Comuna Sânpetru Mare
RO.27.119527	Comuna Sânpetru de Câmpie
RO.09.41925	Comuna Sânpetru
RO.13.59586	Comuna Sânpaul
RO.27.119466	Comuna Sânpaul
RO.05.32179	Comuna Sânnicolau-Român
RO.36.158699	Comuna Sânmihaiu Român
RO.06.34477	Comuna Sânmihaiu de Câmpie
RO.31.142676	Comuna Sânmihaiu Almaşului
RO.13.59498	Comuna Sânmărtin
RO.05.26582	Comuna Sânmartin
RO.20.85788	Comuna Sânmartin
RO.42.105106	Comuna Singureni
RO.30.135244	Comuna Sângeru
RO.27.119386	Comuna Sânger
RO.06.32599	Oraş Sângeorz-Bãi
RO.27.119331	Oraş   Sângeorgiu De Pãdure
RO.27.114417	Comuna Sângeorgiu de Mureş
RO.23.99058	Comuna Sineşti
RO.39.172992	Comuna Sineşti
RO.20.85760	Comuna Sândominic
RO.27.114382	Comuna Sâncraiu de Mureş
RO.13.59434	Comuna Sâncraiu
RO.20.85680	Comuna Sâncrăieni
RO.01.7348	Comuna Sâncel
RO.09.41854	Comuna Şinca Veche
RO.09.42449	Comuna Şinca Nouă
RO.27.119803	Comuna Şincai
RO.36.158653	Comuna Sânandrei
RO.20.85984	Comuna Simoneşti
RO.17.70174	Comuna Şimnicu de Sus
RO.31.179695	Comuna Şimişna
RO.34.150221	Comuna Siminicea
RO.05.31333	Comuna Şimian
RO.26.109826	Comuna Simian
RO.29.128882	Comuna Sâmbureşti
RO.09.42464	Comuna Sâmbăta de Sus
RO.05.31057	Comuna Sâmbăta
RO.02.12340	Comuna Şimand
RO.06.34422	Comuna Silivaşu De Câmpie
RO.35.154282	Comuna Siliștea Gumești
RO.17.74224	Comuna Siliștea Crucii
RO.08.43992	Comuna Siliştea
RO.14.62949	Comuna Siliştea
RO.35.154228	Comuna Siliştea
RO.02.12288	Comuna Şilindia
RO.40.177600	Comuna Sihlea
RO.31.142612	Comuna Sâg
RO.06.34850	Comuna Şieuţ
RO.06.34770	Comuna Şieu-Odorhei
RO.06.34690	Comuna Şieu-Măgheruş
RO.06.34645	Comuna Şieu
RO.02.12242	Comuna Şicula
RO.12.53853	Comuna Sicheviţa
RO.13.59416	Comuna Sic
RO.01.7810	Comuna Şibot
RO.37.161231	Comuna Sfântu Gheorghe
RO.22.94456	Comuna Sfântu Gheorghe
RO.35.154166	Comuna Sfinţeşti
RO.09.41818	Comuna Şercaia
RO.34.151460	Comuna Şerbăuţi
RO.29.129246	Comuna Şerbăneşti
RO.02.12224	Comuna Şepreuş
RO.07.39122	Comuna Şendriceni
RO.18.75114	Comuna Şendreni
RO.02.12037	Comuna Semlac
RO.33.143557	Comuna Şelimbăr
RO.02.11995	Comuna Seleuş
RO.16.68887	Comuna Şelaru
RO.02.12206	Comuna Şeitin
RO.25.108963	Oraș Seini
RO.14.62903	Comuna Seimeni
RO.33.145738	Comuna Şeica Mică
RO.33.145667	Comuna Şeica Mare
RO.35.154184	Comuna Segarcea Vale
RO.17.70502	Oraș Segarcea
RO.02.11940	Comuna Secusigiu
RO.04.25362	Comuna Secuieni
RO.28.124233	Comuna Secuieni
RO.17.74171	Comuna Secu
RO.36.158608	Comuna Secaş
RO.30.135226	Comuna Secăria
RO.02.9690	Oraş Sebiş
RO.17.74135	Comuna Seaca de Pădure
RO.17.74108	Comuna Seaca de Câmp
RO.29.128864	Comuna Seaca
RO.35.154139	Comuna Seaca
RO.11.49439	Comuna Scutelnici
RO.35.154068	Comuna Scurtu Mare
RO.39.172947	Comuna Scundu
RO.35.154013	Comuna Scrioaştea
RO.11.49313	Comuna Scorţoasa
RO.04.25291	Comuna Scorţeni
RO.08.43929	Comuna Scorţaru Nou
RO.29.128711	Oraş Scorniceşti
RO.23.98998	Comuna Scobinţi
RO.19.81861	Comuna Scoarţa
RO.23.98916	Comuna Scânteia
RO.22.94429	Comuna Scânteia
RO.18.77126	Comuna Scânteieşti
RO.03.18670	Comuna Schitu-Goleşti
RO.23.98827	Comuna Schitu-Duca
RO.29.128659	Comuna Schitu
RO.18.77153	Comuna Schela
RO.19.81987	Comuna Schela
RO.34.146432	Comuna Scheia
RO.23.99290	Comuna Scheia
RO.01.7197	Comuna Scărişoara
RO.29.128613	Comuna Scărişoara
RO.17.74073	Comuna Scăeşti
RO.02.11842	Comuna Săvârşin
RO.28.120824	Comuna Săvineşti
RO.07.36060	Oraş Sãveni
RO.22.94376	Comuna Săveni
RO.13.59327	Comuna Săvădisla
RO.27.119750	Comuna Şăulia
RO.19.81816	Comuna Săuleşti
RO.04.25228	Comuna Săuceşti
RO.32.138805	Comuna Săuca
RO.34.150196	Comuna Satu Mare
RO.20.86501	Comuna Satu Mare
RO.25.108712	Comuna Satulung
RO.36.158528	Comuna Satchinez
RO.04.25068	Comuna Sascut
RO.01.7099	Comuna Săsciori
RO.27.119206	Comuna Saschiz
RO.12.53791	Comuna Sasca Montană
RO.11.49233	Comuna Săruleşti
RO.41.104886	Comuna Săruleşti
RO.34.150445	Comuna Şaru Dornei
RO.21.91054	Comuna Sarmizegetusa
RO.27.119242	Oraş Sarmaşu
RO.31.142881	Comuna Şărmăşag
RO.20.85528	Comuna Sărmaş
RO.37.161179	Comuna Sarichioi
RO.36.159455	Comuna Saravale
RO.27.120496	Comuna Sărăţeni
RO.22.180019	Comuna Sărăţeni
RO.04.26320	Comuna Sărata
RO.25.106620	Comuna Sărăsău
RO.14.62823	Comuna Saraiu
RO.11.49206	Comuna Săpoca
RO.25.108945	Comuna Sãpânţa
RO.03.18581	Comuna Săpata
RO.32.138734	Comuna Santău
RO.06.34618	Comuna Şanţ
RO.32.138663	Comuna Sanislău
RO.13.55311	Comuna Sănduleşti
RO.04.25148	Comuna Sănduleni
RO.36.159464	Comuna Şandra
RO.31.142854	Comuna Şamşud
RO.19.81656	Comuna Samarineşti
RO.06.34397	Comuna Salva
RO.25.108918	Comuna Sălsig
RO.25.108892	Oraș Săliştea de Sus
RO.01.7044	Comuna Sãliştea
RO.14.63318	Comuna Saligny
RO.17.74028	Comuna Sălcuţa
RO.01.6976	Comuna Sălciua
RO.16.68789	Comuna Sălcioara
RO.22.94330	Comuna Sălcioara
RO.30.135146	Comuna Sălciile
RO.08.43867	Comuna Salcia Tudor
RO.30.135128	Comuna Salcia
RO.26.113493	Comuna Salcia
RO.35.153936	Comuna Salcia
RO.34.146370	Oraş Salcea
RO.03.18554	Comuna Sălătrucu
RO.39.172894	Comuna Sălătrucel
RO.31.142550	Comuna Sălăţig
RO.05.31011	Comuna Sălard
RO.05.30988	Comuna Sălacea
RO.11.49153	Comuna Săhăteni
RO.02.12144	Comuna Şagu
RO.28.124153	Comuna Sagna
RO.11.49073	Comuna Săgeata
RO.36.158779	Comuna Şag
RO.35.155145	Comuna Saelele
RO.33.145471	Comuna Sadu
RO.34.150178	Comuna Sadova
RO.17.73996	Comuna Sadova
RO.13.59283	Comuna Sãcuieu
RO.05.30915	Oraş Sãcueni
RO.12.53755	Comuna Sacu
RO.36.158449	Comuna Sacoşu Turcesc
RO.35.153972	Comuna Săceni
RO.19.81754	Comuna Săcelu
RO.14.62878	Comuna Săcele
RO.25.108874	Comuna Săcel
RO.20.85467	Comuna Săcel
RO.01.8229	Comuna Vadu Moţilor
RO.32.138770	Comuna Săcăşeni
RO.36.158564	Comuna Săcălaz
RO.25.108794	Comuna Săcălăşeni
RO.05.30871	Comuna Săcădat
RO.42.179775	Comuna Săbăreni
RO.28.124206	Comuna Săbăoani
RO.27.119153	Comuna Ruşii Munţi
RO.11.49046	Comuna Ruşeţu
RO.25.108696	Comuna Ruşcova
RO.12.53728	Comuna Rusca Montană
RO.29.128588	Comuna Rusăneşti
RO.31.142499	Comuna Rus
RO.16.68716	Comuna Runcu
RO.39.172812	Comuna Runcu
RO.19.81576	Comuna Runcu
RO.23.98774	Comuna Ruginoasa
RO.40.177557	Comuna Rugineşti
RO.17.72882	Comuna Izvoare
RO.03.18527	Comuna Rucăr
RO.28.124117	Oraş Roznov
RO.25.108669	Comuna Rozavlea
RO.29.128560	Comuna Rotunda
RO.05.32187	Comuna Roşiori
RO.04.24999	Comuna Roşiori
RO.08.43812	Comuna Roşiori
RO.22.179828	Comuna Roşiori
RO.39.172698	Comuna Roşiile
RO.38.165817	Comuna Roşieşti
RO.01.6761	Comuna Roşia Montană
RO.01.6930	Comuna Roşia de Secaş
RO.05.30844	Comuna Roşia
RO.33.145408	Comuna Roşia
RO.41.94312	Comuna Roseţi
RO.23.100344	Comuna Roşcani
RO.25.108632	Comuna Rona de Sus
RO.25.108614	Comuna Rona de Jos
RO.06.34360	Comuna Romuli
RO.21.90994	Comuna Romos
RO.28.124073	Comuna Români
RO.23.98738	Comuna Româneşti
RO.31.142426	Comuna Românaşi
RO.08.43787	Comuna Romanu
RO.07.38848	Comuna Româneşti
RO.07.38811	Comuna Roma
RO.17.74949	Comuna Rojişte
RO.26.113466	Comuna Rogova
RO.39.172581	Comuna Roeşti
RO.06.34333	Comuna Rodna
RO.03.18475	Comuna Rociu
RO.11.49019	Comuna Robeasca
RO.33.145382	Comuna Râu Sadului
RO.21.90878	Comuna Râu de Mori
RO.16.179917	Comuna Râu Alb
RO.34.150114	Comuna Râşca
RO.13.59238	Comuna Râșca
RO.04.20607	Comuna Gura Văii
RO.07.38731	Comuna Ripiceni
RO.11.48968	Comuna Râmnicelu
RO.08.43732	Comuna Râmnicelu
RO.01.6592	Comuna Râmetea
RO.30.135020	Comuna Râfov
RO.05.30773	Comuna Rieni
RO.27.118995	Comuna Râciu
RO.03.20048	Comuna Râca
RO.21.90805	Comuna Ribiţa
RO.22.94269	Comuna Reviga
RO.25.108598	Comuna Repedea
RO.25.108552	Comuna Remeţi
RO.36.158396	Comuna Remetea Mare
RO.25.108491	Comuna Remetea Chioarului
RO.20.85412	Comuna Remetea
RO.05.30719	Comuna Remetea
RO.40.177469	Comuna Reghiu
RO.23.95239	Comuna Rediu-Tătar
RO.28.124028	Comuna Rediu
RO.18.77082	Comuna Rediu
RO.29.128524	Comuna Redea
RO.15.64773	Comuna Reci
RO.13.59130	Comuna Recea Cristur
RO.25.106407	Comuna Recea
RO.09.41738	Comuna Recea
RO.03.18411	Comuna Recea
RO.06.34280	Comuna Rebrişoara
RO.38.165719	Comuna Rebricea
RO.06.34262	Comuna Rebra
RO.06.32884	Comuna Războeni-Cetate
RO.28.123969	Comuna Rãzboieni
RO.07.38679	Comuna Răuseni
RO.28.123914	Comuna Răuceşti
RO.03.18331	Comuna Răteşti
RO.16.65431	Comuna Rãzvad
RO.42.104788	Comuna Răsuceni
RO.17.73905	Rastu Vechi
RO.27.118931	Comuna Răstoliţa
RO.40.178956	Comuna Răstoaca
RO.14.62798	Comuna Rasova
RO.35.153909	Comuna Răsmireşti
RO.33.143520	Comuna Răşinari
RO.16.179926	Comuna Răscăeţi
RO.21.90663	Comuna Rapoltu Mare
RO.12.53639	Comuna Ramna
RO.38.167240	Comuna Rafaila
RO.22.101243	Comuna Răduleşti
RO.23.98685	Comuna Răducăneni
RO.41.104751	Comuna Radovanu
RO.17.73852	Comuna Radovan
RO.29.128472	Comuna Radomireşti
RO.35.153865	Comuna Rãdoieşti
RO.01.6547	Comuna Rădeşti
RO.18.77561	Comuna Rădeşti
RO.34.146628	Municipiul Rãdãuţi
RO.34.150070	Comuna Rădăşeni
RO.20.86495	Comuna Racu
RO.11.48922	Comuna Racoviţeni
RO.36.158243	Comuna Racoviţa
RO.33.145355	Comuna Racoviţa
RO.39.172509	Comuna Racoviţa
RO.08.43698	Comuna Racoviţa
RO.04.24711	Comuna Racova
RO.40.177405	Comuna Răcoasa
RO.16.179891	Comuna Raciu
RO.21.90725	Comuna Răchitova
RO.04.24837	Comuna Răchitoasa
RO.07.35839	Comuna Răchiţi
RO.23.100335	Comuna Răchiţeni
RO.12.53675	Comuna Răcăşdia
RO.16.68627	Oraş Rãcari
RO.04.24766	Comuna Răcăciuni
RO.05.30648	Comuna Răbăgani
RO.34.150043	Comuna Putna
RO.42.104715	Comuna Putineiu
RO.35.153829	Comuna Putineiu
RO.38.167320	Comuna Puşcaşi
RO.35.155136	Comuna Purani
RO.26.113395	Comuna Punghina
RO.38.165611	Comuna Pungeşti
RO.21.90538	Comuna Pui
RO.40.177352	Comuna Pufeşti
RO.38.165470	Comuna Puieşti
RO.11.48842	Comuna Puieşti
RO.35.153696	Comuna Poeni
RO.30.134942	Comuna Puchenii Mari
RO.16.68565	Comuna Pucheni
RO.26.113233	Comuna Prunişor
RO.06.34235	Comuna Prundu Bârgăului
RO.42.104680	Comuna Prundu
RO.39.172457	Comuna Prundeni
RO.30.134899	Comuna Proviţa de Sus
RO.30.134853	Comuna Proviţa de Jos
RO.16.68529	Comuna Produleşti
RO.23.98649	Comuna Probota
RO.26.113206	Comuna Pristol
RO.29.128436	Comuna Priseaca
RO.23.98603	Comuna Prisăcani
RO.18.77028	Comuna Priponeşti
RO.19.81415	Comuna Prigoria
RO.12.53577	Comuna Prigor
RO.03.18242	Comuna Priboieni
RO.34.149968	Comuna Preuteşti
RO.09.41667	Comuna Prejmer
RO.17.73772	Comuna Predeşti
RO.04.26361	Comuna Prăjeşti
RO.07.38580	Comuna Prăjeni
RO.20.85341	Comuna Praid
RO.16.68468	Comuna Potlogi
RO.29.128374	Oraş Potcoava
RO.30.134648	Comuna Poseşti
RO.01.6468	Comuna Poşaga
RO.32.180028	Comuna Porumbeşti
RO.20.86487	Comuna Porumbeni
RO.33.145293	Comuna Porumbacu de Jos
RO.35.151834	Comuna Poroschia
RO.26.113153	Comuna Poroina Mare
RO.23.98505	Comuna Popricani
RO.33.143502	Comuna Poplaca
RO.03.18162	Comuna Popeşti
RO.43.179533	Oraş Popeşti Leordeni
RO.05.30568	Comuna Popeşti
RO.23.98435	Comuna Popeşti
RO.40.178901	Comuna Popeşti
RO.01.6397	Comuna Ponor
RO.26.112995	Comuna Ponoarele
RO.07.38544	Comuna Pomârla
RO.32.138618	Comuna Pomi
RO.05.30470	Comuna Pomezeu
RO.19.81380	Comuna Polovragi
RO.34.149931	Comuna Pojorâta
RO.12.53513	Comuna Pojejena
RO.25.108473	Comuna Poienile de sub Munte
RO.38.165336	Comuna Poieneşti
RO.28.123790	Comuna Poiana Teiului
RO.34.149851	Comuna Poiana Stampei
RO.33.145275	Comuna Poiana Sibiului
RO.09.41621	Comuna Poiana Mărului
RO.17.73736	Comuna Poiana Mare
RO.03.18028	Comuna Poiana Lacului
RO.30.131274	Comuna Poiana Câmpina
RO.31.142373	Comuna Poiana Blenchii
RO.18.77587	Comuna Poiana
RO.16.68431	Comuna Poiana
RO.15.64719	Comuna Poian
RO.11.48744	Oraş Pogoanele
RO.38.165416	Comuna Pogana
RO.27.118824	Comuna Pogăceaua
RO.34.151585	Comuna Poieni-Solca
RO.13.59041	Comuna Poieni
RO.30.134559	Comuna Poienarii Burchii
RO.28.123709	Comuna Poienari
RO.03.17968	Comuna Poienarii de Muscel
RO.03.17913	Comuna Poienarii de Argeş
RO.04.24524	Comuna Podu Turcului
RO.04.24631	Comuna Poduri
RO.23.98373	Oraş Podu Iloaiei
RO.28.123674	Comuna Podoleni
RO.30.134443	Comuna Podenii Noi
RO.26.112959	Comuna Podeni
RO.17.70110	Comuna Podari
RO.05.30416	Comuna Pocola
RO.38.167311	Comuna Pochidia
RO.29.128301	Comuna Poboru
RO.14.62761	Comuna Poarta Albă
RO.23.98337	Comuna Plugari
RO.40.178894	Comuna Ploscuţeni
RO.13.58990	Comuna Ploscoş
RO.35.153605	Comuna Plosca
RO.30.134390	Comuna Plopu
RO.19.81264	Comuna Plopşoru
RO.31.142337	Comuna Plopiş
RO.35.153623	Comuna Plopii Slăviţeşti
RO.30.131443	Oraş Plopeni
RO.04.24427	Comuna Plopana
RO.29.128221	Comuna Pleşoiu
RO.17.74931	Comuna Pleşoi
RO.02.11762	Comuna Pleşcuţa
RO.17.73709	Comuna Pleniţa
RO.22.180000	Comuna Platoneşti
RO.41.104635	Comuna Plătăreşti
RO.17.73665	Comuna Piscu Vechi
RO.18.76996	Comuna Piscu
RO.32.138574	Comuna Pişcolt
RO.36.158181	Comuna Pişchia
RO.29.128178	Comuna Pârşcoveni
RO.11.48557	Comuna Pârscov
RO.04.24338	Comuna Pârjol
RO.09.41578	Comuna Pârâu
RO.04.24276	Comuna Pârgăreşti
RO.32.138538	Comuna Pir
RO.28.123521	Comuna Pipirig
RO.28.123601	Comuna Pângăraţi
RO.02.9654	Oraş Pâncota
RO.28.125141	Comuna Pânceşti
RO.02.11735	Comuna Pilu
RO.16.68404	Comuna Pietroşiţa
RO.03.17851	Comuna Pietroşani
RO.35.153589	Comuna Pietroşani
RO.11.48487	Comuna Pietroasele
RO.05.30336	Comuna Pietroasa
RO.36.158136	Comuna Pietroasa
RO.39.172340	Comuna Pietrari
RO.16.179908	Comuna Pietrari
RO.17.73629	Comuna Pieleşti
RO.28.123479	Comuna Piatra Şoimului
RO.29.128105	Oraş Piatra-Olt
RO.35.153561	Comuna Piatra
RO.01.6217	Comuna Pianu
RO.25.108455	Comuna Petrova
RO.02.11664	Comuna Petriş
RO.28.123424	Comuna Petricani
RO.32.138501	Comuna Petreşti
RO.16.65752	Comuna Petreşti
RO.27.118799	Comuna Petelea
RO.19.81184	Comuna Peştişani
RO.14.62707	Comuna Peştera
RO.39.172279	Comuna Pesceana
RO.12.53489	Comuna Pescari
RO.36.159507	Comuna Pesac
RO.16.179935	Comuna Perşinari
RO.41.94223	Comuna Perişoru
RO.17.73594	Comuna Perişor
RO.39.172153	Comuna Perişani
RO.22.94161	Comuna Perieţi
RO.29.128052	Comuna Perieţi
RO.38.165274	Comuna Perieni
RO.31.142284	Comuna Pericei
RO.36.158109	Comuna Periam
RO.35.153543	Comuna Peretu
RO.02.11637	Comuna Peregu Mare
RO.36.158065	Comuna Peciu Nou
RO.14.62672	Comuna Pecineaga
RO.02.11584	Oraş Pecica
RO.18.76969	Comuna Pechea
RO.37.161151	Comuna Peceneaga
RO.39.171995	Comuna Păuşeşti
RO.39.172082	Comuna Păuşeşti-Măglaşi
RO.40.177236	Comuna Păuneşti
RO.02.11539	Comuna Păuliş
RO.40.178910	Comuna Păuleşti
RO.30.130847	Comuna Păuleşti
RO.33.145220	Comuna Păuca
RO.26.112879	Comuna Pătulele
RO.34.149833	Comuna Pătrăuţi
RO.11.48325	Oraş Pãtârlagele
RO.05.32045	Comuna Viişoara
RO.28.123371	Comuna Păstrăveni
RO.27.118753	Comuna Păsăreni
RO.06.34155	Comuna Parva
RO.34.149780	Comuna Părteştii de Jos
RO.36.159437	Comuna Parţa
RO.04.24089	Comuna Parincea
RO.11.48165	Comuna Pardoşi
RO.37.161133	Comuna Pardina
RO.04.24034	Comuna Parava
RO.27.118637	Comuna Papiu Ilarian
RO.13.58856	Comuna Panticeu
RO.14.62609	Comuna Pantelimon
RO.43.179515	Oraş Pantelimon
RO.27.118691	Comuna Pănet
RO.04.24187	Comuna Pănceşti
RO.11.48227	Comuna Pănătău
RO.34.149682	Comuna Panaci
RO.34.149753	Comuna Păltinoasa
RO.07.38492	Comuna Păltiniş
RO.40.177101	Comuna Paltin
RO.05.32161	Comuna Paleu
RO.04.23975	Comuna Palanca
RO.38.165185	Comuna Pădureni
RO.36.159446	Comuna Pădureni
RO.11.48138	Comuna Padina
RO.26.112806	Comuna Padina
RO.19.81095	Comuna Padeş
RO.30.134336	Comuna Păcureţi
RO.15.64639	Comuna Ozun
RO.14.60687	Oraş Ovidiu
RO.39.171101	Comuna Măciuca
RO.43.179481	Oraş Otopeni
RO.39.171931	Comuna Oteşani
RO.12.51207	Oraş Oţelu Roşu
RO.23.98300	Comuna Oţeleni
RO.36.159525	Comuna Otelec
RO.17.73567	Comuna Ostroveni
RO.37.161106	Comuna Ostrov
RO.14.62538	Comuna Ostrov
RO.34.149655	Comuna Ostra
RO.05.30274	Comuna Oşorhei
RO.29.127983	Comuna Osica de Sus
RO.29.130357	Comuna Osica de Jos
RO.38.165130	Comuna Oşeşti
RO.36.158010	Comuna Orţişoara
RO.17.73503	Comuna Orodel
RO.09.41541	Comuna Ormeniş
RO.39.171879	Comuna Orleşti
RO.29.127938	Comuna Orlea
RO.33.145202	Comuna Orlat
RO.04.23948	Comuna Orbeni
RO.35.153507	Comuna Orbeasca
RO.32.138351	Comuna Oraşu Nou
RO.21.90342	Comuna Orăştioara de Sus
RO.26.112771	Comuna Oprişor
RO.29.127858	Comuna Oporelu
RO.28.123255	Comuna Oniceni
RO.25.179864	Comuna Onceşti
RO.14.62486	Comuna Oltina
RO.35.153473	Comuna Olteni
RO.38.165069	Comuna Olteneşti
RO.05.30229	Comuna Olcea
RO.02.11502	Comuna Olari
RO.15.64602	Comuna Ojdula
RO.04.23797	Comuna Oituz
RO.42.104519	Comuna Oinacu
RO.36.157969	Comuna Ohaba Lungă
RO.01.6164	Comuna Ohaba
RO.42.104485	Comuna Ogrezeni
RO.22.179819	Comuna Ograda
RO.27.118575	Comuna Ogra
RO.32.138280	Comuna Odoreu
RO.04.26353	Comuna Odobeşti
RO.16.68342	Comuna Odobeşti
RO.11.48021	Comuna Odăile
RO.01.6119	Comuna Ocoliş
RO.16.68324	Comuna Ocniţa
RO.25.108400	Comuna Ocna Şugatag
RO.33.143851	Oraş Ocna Sibiului
RO.20.85243	Comuna Ocland
RO.12.53372	Comuna Obreja
RO.29.127812	Comuna Oboga
RO.26.110027	Comuna Obârşia-Cloşani
RO.29.127750	Comuna Obârşia
RO.25.108366	Comuna Oarţa De Jos
RO.03.17824	Comuna Oarja
RO.18.76932	Comuna Oancea
RO.31.142239	Comuna Nuşfalău
RO.06.34075	Comuna Nuşeni
RO.37.161053	Comuna Nufăru
RO.03.17771	Comuna Nucşoara
RO.16.68280	Comuna Nucet
RO.19.78258	Novaci
RO.01.6048	Comuna Noşlac
RO.05.30149	Comuna Nojorid
RO.33.145140	Comuna Nocrich
RO.36.157923	Comuna Niţchidorf
RO.40.177003	Comuna Nistoreşti
RO.06.33989	Comuna Nimigea
RO.37.161035	Comuna Niculiţel
RO.07.38456	Comuna Nicşeni
RO.18.76807	Comuna Nicoreşti
RO.16.104387	Comuna Niculeşti
RO.29.127714	Comuna Nicolae Titulescu
RO.04.23715	Comuna Nicolae Bălcescu
RO.41.104341	Comuna Nicolae Bălcescu
RO.14.62440	Comuna Nicolae Bălcescu
RO.40.176944	Comuna Nereju
RO.35.154996	Comuna Nenciuleşti
RO.11.47916	Oraş Nehoiu
RO.14.62397	Oraş Negru Vodã
RO.06.179659	Comuna Negrileşti
RO.18.77579	Comuna Negrileşti
RO.40.178885	Comuna Negrileşti
RO.04.23644	Comuna Negri
RO.32.136599	Oraş Negreşti-Oaş
RO.28.125169	Comuna Negreşti
RO.38.161856	Oraş Negreşti
RO.13.60169	Comuna Negreni
RO.03.17726	Comuna Negraşi
RO.19.80980	Comuna Negomir
RO.17.73460	Comuna Negoi
RO.35.153437	Comuna Necşeşti
RO.27.118511	Comuna Neaua
RO.01.6271	Comuna Poiana Vadului
RO.14.60507	Oraş Nãvodari
RO.35.153400	Comuna Năsturelu
RO.40.176891	Comuna Năruja
RO.31.142177	Comuna Năpradea
RO.35.151816	Comuna Nanov
RO.40.176855	Comuna Năneşti
RO.41.104323	Comuna Nana
RO.18.76763	Comuna Nămoloasa
RO.37.160993	Comuna Nalbant
RO.12.53345	Comuna Naidaş
RO.11.47854	Comuna Năeni
RO.36.157898	Comuna Nădrag
RO.02.9627	Oraş Nãdlac
RO.27.118469	Comuna Nadeş
RO.03.17619	Comuna Mușătești
RO.19.80908	Comuna Muşeteşti
RO.37.160911	Comuna Murighiol
RO.11.47818	Comuna Murgeşti
RO.38.164981	Oraș Murgeni
RO.17.73371	Comuna Murgaşi
RO.38.167302	Comuna Muntenii de Sus
RO.38.164936	Comuna Muntenii de Jos
RO.22.94107	Comuna Munteni Buzău
RO.18.75258	Comuna Munteni
RO.20.85127	Comuna Mugeni
RO.39.171539	Comuna Muereasca
RO.03.17575	Comuna Mozăceni
RO.40.176793	Comuna Moviliţa
RO.22.104270	Comuna Moviliţa
RO.23.98257	Comuna Movileni
RO.18.76745	Comuna Movileni
RO.29.127689	Comuna Movileni
RO.08.43652	Comuna Movila Miresii
RO.11.47774	Comuna Movila Banului
RO.22.94081	Comuna Movila
RO.04.23494	Comuna Motoşeni
RO.23.98220	Comuna Moţca
RO.17.73335	Comuna Moţăţei
RO.16.65645	Comuna Moţãieni
RO.35.153384	Comuna Moşteni
RO.03.17496	Comuna Moşoaia
RO.23.98202	Comuna Moşna
RO.33.145104	Comuna Moşna
RO.29.127625	Comuna Morunglav
RO.16.68253	Comuna Morteni
RO.16.68182	Comuna Moroeni
RO.36.157781	Comuna Moraviţa
RO.06.33952	Comuna Monor
RO.02.11478	Comuna Moneasa
RO.34.149539	Comuna Moldoviţa
RO.22.179999	Comuna Moldoveni
RO.13.58721	Comuna Moldoveneşti
RO.34.149502	Comuna Moldova Suliţa
RO.25.108348	Comuna Moisei
RO.43.179463	Comuna Mogoşoaia
RO.23.98113	Comuna Mogoşeşti
RO.16.68128	Comuna Mogoşani
RO.01.5826	Comuna Mogoş
RO.32.138208	Comuna Moftinu
RO.09.41471	Comuna Moieciu
RO.41.92587	Comuna Modelu
RO.13.58623	Comuna Mociu
RO.34.149414	Comuna Moara
RO.15.64568	Comuna Moacşa
RO.39.174520	Comuna Mitrofani
RO.41.100638	Comuna Mitreni
RO.34.146325	Comuna Mitocu Dragomirnei
RO.07.38376	Comuna Mitoc
RO.17.73246	Comuna Mischii
RO.02.11423	Comuna Mişca
RO.31.142122	Comuna Mirşid
RO.17.73317	Comuna Mârşani
RO.42.104225	Comuna Mârşa
RO.23.98051	Comuna Mirosloveşti
RO.03.17398	Comuna Miroşi
RO.23.97875	Comuna Mironeasa
RO.25.108268	Comuna Mireşu Mare
RO.23.97811	Comuna Mirceşti
RO.08.43625	Comuna Mircea Vodă
RO.14.62280	Comuna Mircea Vodă
RO.01.5755	Comuna Mirăslău
RO.03.13301	Oraș Mioveni
RO.03.17334	Comuna Mioarele
RO.11.47630	Comuna Mânzăleşti
RO.13.58552	Comuna Mintiu Gherlii
RO.30.134096	Comuna Măneciu
RO.09.41417	Comuna Mândra
RO.13.58393	Comuna Mânăstireni
RO.34.149370	Comuna Mânăstirea Humorului
RO.04.21720	Comuna Caşin
RO.41.104181	Comuna Mânăstirea
RO.22.94045	Comuna Miloşeşti
RO.34.146931	Oraş Milişãuţi
RO.07.38321	Comuna Mileanca
RO.39.171469	Comuna Milcoiu
RO.06.33881	Comuna Milas
RO.27.118370	Comuna Miheşu de Câmpie
RO.01.5700	Comuna Mihalţ
RO.07.38241	Comuna Mihălăşeni
RO.13.55277	Comuna Mihai Viteazu
RO.14.62253	Comuna Mihai Viteazu
RO.37.160877	Comuna Mihail Kogălniceanu
RO.22.93995	Comuna Mihail Kogălniceanu
RO.14.62191	Comuna Mihail Kogălniceanu
RO.11.47578	Comuna Mihăileşti
RO.42.104136	Oraş Mihãileşti
RO.07.38161	Comuna Mihăileni
RO.20.85074	Comuna Mihăileni
RO.33.145042	Comuna Mihăileni
RO.37.160831	Comuna Mihai Bravu
RO.42.104118	Comuna Mihai Bravu
RO.03.17254	Comuna Mihăeşti
RO.39.171325	Comuna Mihăeşti
RO.29.127536	Comuna Mihăeşti
RO.27.118281	Oraş Miercurea Nirajului
RO.32.138164	Comuna Micula
RO.38.164892	Comuna Micleşti
RO.15.65139	Comuna Micfalău
RO.06.33845	Comuna Miceştii de Câmpie
RO.03.17209	Comuna Miceşti
RO.33.144991	Comuna Micăsasa
RO.13.55160	Comuna Mica
RO.27.118209	Comuna Mica
RO.01.5577	Comuna Meteş
RO.31.142079	Comună Meseşenii de Jos
RO.33.144964	Comuna Merghindeal
RO.20.85056	Comuna Mereşti
RO.15.65105	Comuna Mereni
RO.35.153295	Comuna Mereni
RO.14.62137	Comuna Mereni
RO.11.47453	Comuna Merei
RO.40.176686	Comuna Mera
RO.17.73102	Comuna Melineşti
RO.12.53327	Comuna Mehadica
RO.12.53274	Comuna Mehadia
RO.32.138084	Comuna Medieşu Aurit
RO.08.43563	Comuna Măxineni
RO.35.153204	Comuna Mavrodin
RO.12.53247	Comuna Măureni
RO.06.33658	Comuna Matei
RO.39.171067	Comuna Mateeşti
RO.18.76692	Comuna Matca
RO.16.68048	Comuna Mătăsaru
RO.19.80846	Comuna Mătăsari
RO.18.76718	Comuna Măstăcani
RO.36.157683	Comuna Maşloc
RO.29.127493	Comuna Mărunţei
RO.20.84923	Comuna Mărtiniş
RO.21.90262	Comuna Mărtineşti
RO.33.144893	Comuna Marpod
RO.06.33765	Comuna Mărişelu
RO.13.58534	Comuna Mărişel
RO.28.123175	Comuna Mărgineni
RO.04.20466	Comuna Mărgineni
RO.34.149290	Comuna Marginea
RO.36.157585	Comuna Margina
RO.05.26877	Municipiul Marghita
RO.13.58464	Comuna Mărgău
RO.11.47417	Comuna Mărgăriteşti
RO.12.53210	Comuna Marga
RO.22.179980	Comuna Mărculeşti
RO.31.141946	Comuna Marca
RO.08.43493	Comuna Măraşu
RO.11.47373	Comuna Mărăcineni
RO.03.13365	Comuna Mărăcineni
RO.07.37958	Comuna Manoleasa
RO.16.68002	Comuna Măneşti
RO.30.134194	Comuna Măneşti
RO.36.157736	Comuna Mănăştiur
RO.22.100736	Comuna Manasia
RO.38.164829	Comuna Măluşteni
RO.03.17049	Comuna Mălureni
RO.16.67942	Comuna Malu cu Flori
RO.17.73068	Comuna Malu Mare
RO.42.179739	Comuna Malu
RO.26.112664	Comuna Malovãţ
RO.15.64504	Comuna Malnaş
RO.34.149316	Comuna Mălini
RO.39.171272	Comuna Măldăreşti
RO.35.153277	Comuna Măldăeni
RO.39.171021	Comuna Malaia
RO.06.33621	Comuna Măieru
RO.40.176613	Comuna Măicăneşti
RO.22.179800	Comuna Maia
RO.37.160724	Comuna Mahmudia
RO.30.134050	Comuna Măgureni
RO.30.134014	Comuna Măgurele
RO.43.179409	Oraş Mãgurele
RO.06.33729	Comuna Măgura Ilvei
RO.04.20411	Comuna Măgura
RO.11.47337	Comuna Măgura
RO.35.153240	Comuna Măgura
RO.17.73031	Comuna Maglavit
RO.04.23387	Comuna Măgireşti
RO.27.118094	Comuna Măgherani
RO.05.30069	Comuna Măgeşti
RO.09.41382	Comuna Mãieruş
RO.31.142006	Comuna Măerişte
RO.23.97777	Comuna Mădârjac
RO.05.30014	Comuna Mădăraş
RO.27.120502	Comuna Mădăraş
RO.20.86438	Comuna Mădăraş
RO.17.73013	Comuna Măceşu de Sus
RO.17.72980	Comuna Măceşu de Jos
RO.02.11398	Comuna Macea
RO.41.93931	Comuna Lupşanu
RO.01.5336	Comuna Lupşa
RO.20.84825	Comuna Lupeni
RO.12.53167	Comuna Lupac
RO.16.67906	Comuna Lunguleţu
RO.39.170952	Comuna Lungeşti
RO.23.97722	Comuna Lungani
RO.37.160680	Comuna Luncaviţa
RO.12.53130	Comuna Luncaviţa
RO.01.5309	Comuna Lunca Mureşului
RO.06.33603	Comuna Lunca Ilvei
RO.20.84754	Comuna Lunca de Sus
RO.20.84656	Comuna Lunca de Jos
RO.27.118058	Comuna Lunca Bradului
RO.38.164749	Comuna Lunca Banului
RO.07.37912	Comuna Lunca
RO.27.117998	Comuna Lunca
RO.05.29948	Comuna Lunca
RO.13.58311	Comuna Luna
RO.41.104083	Comuna Luica
RO.20.84629	Comuna Lueta
RO.27.114710	Oraş Luduş
RO.33.144866	Comuna Ludoş
RO.16.67835	Comuna Ludeşti
RO.11.47300	Comuna Luciu
RO.16.67773	Comuna Lucieni
RO.07.39942	Comuna Lozna
RO.31.141884	Comuna Lozna
RO.36.157530	Comuna Lovrin
RO.11.47186	Comuna Lopătari
RO.01.5210	Comuna Lopadea Nouă
RO.19.80766	Comuna Logreşti-Moşteni
RO.33.144795	Comuna Loamneş
RO.01.5167	Comuna Livezile
RO.32.138039	Oraș Livada
RO.02.9333	Comuna Livada
RO.34.149227	Oraş Liteni
RO.35.151763	Comuna Liţa
RO.09.41346	Comuna Lisa
RO.35.153124	Comuna Lisa
RO.17.72953	Comuna Lipovu
RO.38.164687	Comuna Lipovăţ
RO.04.23207	Comuna Lipova
RO.14.62057	Comuna Lipniţa
RO.30.133964	Comuna Lipăneşti
RO.14.60632	Comuna Limanu
RO.18.76674	Comuna Lieşti
RO.36.157497	Comuna Liebling
RO.19.80711	Comuna Licurici
RO.17.72926	Comuna Leu
RO.04.20359	Comuna Letea Veche
RO.42.104047	Comuna Letca Nouă
RO.23.97679	Comuna Leţcani
RO.31.141786	Comuna Letca
RO.06.33514	Comuna Leşu
RO.23.97606	Comuna Lespezi
RO.03.16908	Comuna Lereşti
RO.25.108240	Comuna Leordina
RO.03.16757	Comuna Leordeni
RO.07.37850	Comuna Leorda
RO.36.157451	Comuna Lenauheim
RO.15.64461	Comuna Lemnia
RO.20.86479	Comuna Leliceni
RO.19.80677	Comuna Leleşti
RO.21.90066	Comuna Lelese
RO.29.127411	Comuna Leleasca
RO.41.93851	Comuna Lehliu
RO.06.33435	Comuna Lechinţa
RO.05.29760	Comuna Lazuri de Beiuş
RO.32.137960	Comuna Lazuri
RO.05.29813	Comuna Lăzăreni
RO.20.84594	Comuna Lăzarea
RO.38.164598	Comuna Laza
RO.33.144731	Comuna Laslea
RO.11.47159	Comuna Largu
RO.12.53103	Comuna Lăpuşnicu Mare
RO.12.53069	Comuna Lăpuşnicel
RO.25.108222	Comuna Lăpuş
RO.30.133919	Comuna Lapoş
RO.39.170612	Comuna Laloşu
RO.39.170685	Comuna Lădeşti
RO.39.174511	Comuna Lăcusteni
RO.37.160644	Comuna Jurilovca
RO.19.80613	Comuna Jupâneşti
RO.30.133866	Comuna Jugureni
RO.06.33382	Comuna Josenii Bârgăului
RO.20.84558	Comuna Joseni
RO.18.76638	Comuna Jorăşti
RO.42.103997	Comuna Joiţa
RO.40.176551	Comuna Jitia
RO.08.43466	Comuna Jirlău
RO.33.144713	Comuna Jina
RO.22.103960	Comuna Jilavele
RO.43.179383	Comuna Jilava
RO.37.160617	Comuna Jijila
RO.01.5103	Comuna Jidvei
RO.31.139811	Oraș Jibou
RO.09.41284	Comuna Jibert
RO.41.93815	Comuna Jegălia
RO.36.157424	Comuna Jebel
RO.40.176506	Comuna Jariştea
RO.36.157362	Comuna Jamu Mare
RO.13.58204	Comuna Izvoru Crişului
RO.26.112469	Comuna Izvoru Bârzii
RO.04.23127	Comuna Izvoru Berheciului
RO.03.16739	Comuna Izvoru
RO.34.149183	Comuna Izvoarele Sucevei
RO.30.133795	Comuna Izvoarele
RO.29.127386	Comuna Izvoarele
RO.42.179766	Comuna Isvoarele
RO.42.103899	Comuna Izvoarele
RO.38.164543	Comuna Iveşti
RO.18.76601	Comuna Iveşti
RO.38.164393	Comuna Ivăneşti
RO.04.26379	Comuna Iteşti
RO.26.112370	Comuna Isverna
RO.14.62020	Comuna Istria
RO.35.151736	Comuna Islaz
RO.29.127368	Comuna Izbiceni
RO.17.70094	Comuna Işalniţa
RO.02.11352	Comuna Iratoşu
RO.34.146281	Comuna Ipoteşti
RO.23.97553	Comuna Ipatele
RO.31.141722	Comuna Ip
RO.30.133722	Comuna Iordãcheanu
RO.22.103862	Comuna Ion Roată
RO.39.170514	Comuna Ioneşti
RO.19.80560	Comuna Ioneşti
RO.28.123102	Comuna Ion Creangă
RO.14.61951	Comuna Ion Corvin
RO.01.4981	Comuna Întregalde
RO.15.63580	Oraş Întorsura Buzãului
RO.17.74923	Comuna Întorsura
RO.08.43411	Oraş Însurãţei
RO.05.29724	Comuna Ineu
RO.02.9538	Oraş Ineu
RO.18.76585	Comuna Independenţa
RO.41.93771	Comuna Independenţa
RO.14.61871	Comuna Independenţa
RO.06.33364	Comuna Ilva Mică
RO.06.33337	Comuna Ilva Mare
RO.26.112263	Comuna Ilovăt
RO.34.147660	Comuna Ilişeşti
RO.15.64425	Comuna Ilieni
RO.21.89856	Comuna Ilia
RO.31.141580	Comuna Ileanda
RO.41.103764	Comuna Ileana
RO.02.11307	Comuna Igneşti
RO.01.4927	Comuna Ighiu
RO.25.108204	Comuna Ieud
RO.27.117827	Oraş Iernut
RO.27.117783	Comuna Ideciu de Jos
RO.28.123013	Comuna Icuseşti
RO.29.127322	Comuna Icoana
RO.13.58142	Comuna Iclod
RO.27.117667	Comuna Iclănzel
RO.27.117550	Comuna Ibăneşti Pădure
RO.07.37823	Comuna Ibăneşti
RO.38.167222	Comuna Ibăneşti
RO.34.151442	Comuna Iaslovăţ
RO.13.58008	Comuna Iara
RO.29.127288	Comuna Iancu Jianu
RO.08.43331	Oraş Ianca
RO.29.127251	Comuna Ianca
RO.38.164339	Comuna Iana
RO.34.149138	Comuna Iacobeni
RO.33.144651	Comuna Iacobeni
RO.12.53023	Comuna Iablaniţa
RO.26.112129	Comuna Husnicioara
RO.05.29662	Comuna Husasău de Tinca
RO.04.23047	Comuna Huruieşti
RO.19.80506	Comuna Hurezani
RO.38.164277	Comuna Dimitrie Cantemir
RO.16.67675	Comuna Hulubeşti
RO.13.55446	Oraş Huedin
RO.07.37770	Comuna Hudeşti
RO.42.103639	Comuna Hotarele
RO.34.149049	Comuna Horodniceni
RO.31.141535	Comuna Horoatu Crasnei
RO.23.97517	Comuna Horleşti
RO.37.160528	Comuna Horia
RO.14.63278	Comuna Horia
RO.04.22941	Comuna Horgeşti
RO.39.168041	Oraş Horezu
RO.01.4703	Comuna Hopârta
RO.09.41248	Comuna Homorod
RO.40.176445	Comuna Homocea
RO.05.29573	Comuna Holod
RO.23.95159	Comuna Holboca
RO.09.42472	Comuna Holbav
RO.09.41177	Comuna Hoghiz
RO.33.144615	Comuna Hoghilag
RO.27.117505	Comuna Hodoşa
RO.32.137844	Comuna Hodod
RO.27.117426	Comuna Hodac
RO.38.164197	Comuna Hoceni
RO.07.37734	Comuna Hlipiceni
RO.34.151549	Comuna Hârtop
RO.03.16659	Comuna Hârtieşti
RO.03.16613	Comuna Hârseşti
RO.09.41113	Comuna Hârşeni
RO.23.95355	Oraş Hârlãu
RO.26.112076	Comuna Hinova
RO.31.141447	Comuna Hida
RO.42.179757	Comuna Herăşti
RO.04.20313	Comuna Hemeiuşi
RO.23.97465	Comuna Heleşteni
RO.04.22898	Comuna Helegiu
RO.07.37547	Comuna Havârna
RO.02.11236	Comuna Hăşmaş
RO.23.100326	Comuna Hărmăneşti
RO.09.41088	Comuna Hărman
RO.21.89801	Comuna Hărău
RO.34.151512	Comuna Hănţeşti
RO.28.122953	Comuna Hangu
RO.07.37618	Comuna Hăneşti
RO.37.160476	Comuna Hamcearca
RO.32.137764	Comuna Halmeu
RO.31.141312	Comuna Halmăşd
RO.02.11058	Comuna Hălmagiu
RO.02.11174	Comuna Hălmăgel
RO.09.41033	Comuna Hălchiu
RO.23.97438	Comuna Hălăuceşti
RO.15.64390	Comuna Hăghig
RO.39.170444	Comuna Guşoeni
RO.27.117319	Comuna Gurghiu
RO.41.103568	Comuna Gurbăneşti
RO.30.131835	Comuna Gura Vitioarei
RO.30.133688	Comuna Gura Vadului
RO.11.47079	Comuna Gura Teghii
RO.16.67648	Comuna Gura Şuţii
RO.21.89687	Comuna Gurasada
RO.33.144599	Comuna Gura Râului
RO.29.130339	Comuna Gura Padinii
RO.16.67595	Comuna Gura Ocniţei
RO.22.180046	Comuna Gura Ialomiţei
RO.02.10943	Comuna Gurahonţ
RO.16.65707	Comuna Gura Foii
RO.40.176338	Comuna Gura Caliţei
RO.40.176301	Comuna Gugeşti
RO.28.122908	Comuna Grumăzeşti
RO.43.103513	Comuna Gruiu
RO.26.112030	Comuna Gruia
RO.23.97394	Comuna Grozeşti
RO.26.111989	Comuna Grozeşti
RO.25.106363	Comuna Groşi
RO.25.179622	Comuna Groşii Ţibleşului
RO.23.97321	Comuna Gropniţa
RO.08.43313	Comuna Gropeni
RO.29.127224	Comuna Grojdibodu
RO.38.164133	Comuna Griviţa
RO.18.76558	Comuna Griviţa
RO.22.93735	Comuna Griviţa
RO.37.160458	Comuna Grindu
RO.22.93717	Comuna Grindu
RO.37.160430	Comuna Greci
RO.26.111916	Comuna Greci
RO.17.72819	Comuna Greceşti
RO.27.117275	Comuna Grebenişu de Câmpie
RO.42.103470	Comuna Greaca
RO.11.47006	Comuna Greabănu
RO.35.153062	Comuna Gratia
RO.34.148970	Comuna Grăniceşti
RO.02.10916	Comuna Grăniceri
RO.34.148916	Comuna Grămeşti
RO.23.97241	Comuna Grajduri
RO.08.43279	Comuna Grădiştea
RO.39.170346	Comuna Grădiştea
RO.43.103443	Comuna Grădiştea
RO.41.93664	Comuna Grădiştea
RO.42.103407	Comuna Grădinari
RO.12.52990	Comuna Grădinari
RO.14.63326	Comuna Grădina
RO.36.159419	Comuna Gottlob
RO.42.103354	Comuna Gostinu
RO.42.103372	Comuna Goştinari
RO.29.127144	Comuna Gostavăţu
RO.30.133615	Comuna Gornet-Cricov
RO.30.133562	Comuna Gornet
RO.27.117177	Comuna Gorneşti
RO.30.133508	Comuna Gorgota
RO.07.37459	Comuna Gorbăneşti
RO.23.97189	Comuna Gorban
RO.40.178938	Comuna Gologanu
RO.40.174824	Comuna Goleşti
RO.23.97090	Comuna Golãieşti
RO.17.72640	Comuna Goicea
RO.18.76497	Comuna Gohor
RO.17.72604	Comuna Gogoşu
RO.26.111863	Comuna Gogoşu
RO.42.103309	Comuna Gogoşari
RO.17.72677	Comuna Goieşti
RO.19.80427	Comuna Godineşti
RO.03.16551	Comuna Godeni
RO.26.111818	Comuna Godeanu
RO.27.117113	Comuna Glodeni
RO.16.67522	Comuna Glodeni
RO.11.46910	Comuna Glodeanu-Siliştea
RO.11.46867	Comuna Glodeanu-Sărat
RO.12.52936	Comuna Glimboca
RO.39.170168	Comuna Glăvile
RO.04.22834	Comuna Glăvăneşti
RO.29.127126	Comuna Giuvărăşti
RO.17.72533	Comuna Giurgiţa
RO.22.93646	Comuna Giurgeni
RO.36.157317	Comuna Giulvăz
RO.25.108151	Comuna Giuleşti
RO.17.72506	Comuna Giubega
RO.28.122702	Comuna Girov
RO.36.155314	Comuna Giroc
RO.12.52909	Comuna Gârnic
RO.14.61808	Comuna Gârliciu
RO.26.111783	Comuna Gârla Mare
RO.05.29467	Comuna Girişu de Criş
RO.01.4525	Comuna Gârda de Sus
RO.29.125588	Comuna Gârcov
RO.28.122828	Comuna Gârcina
RO.38.164062	Comuna Gârceni
RO.22.103283	Comuna Gârbovi
RO.01.4482	Comuna Gârbova
RO.31.141232	Comuna Gârbou
RO.17.72579	Comuna Gângiova
RO.31.141134	Comuna Gâlgău
RO.13.57902	Comuna Gilău
RO.17.72463	Comuna Gighera
RO.36.157273	Comuna Giera
RO.28.125150	Comuna Gâdinţi
RO.36.157246	Comuna Giarmata
RO.36.157193	Comuna Ghizela
RO.36.155289	Comuna Ghiroda
RO.39.170097	Comuna Ghioroiu
RO.02.10872	Comuna Ghioroc
RO.17.74915	Comuna Ghindeni
RO.27.117042	Comuna Ghindari
RO.14.61826	Comuna Ghindăreşti
RO.28.125114	Comuna Ghindăoani
RO.29.130311	Comuna Ghimpeţeni
RO.42.103238	Comuna Ghimpaţi
RO.04.22718	Comuna Ghimeş-Făget
RO.09.40214	Oraş Ghimbav
RO.36.159400	Comuna Ghilad
RO.18.76406	Comuna Ghidigeni
RO.15.64345	Comuna Ghidfalău
RO.32.137746	Comuna Gherţa Mică
RO.30.133429	Comuna Gherghiţa
RO.38.163967	Comuna Ghergheşti
RO.11.46830	Comuna Ghergheasa
RO.11.46803	Comuna Gherăseni
RO.28.122668	Comuna Gherăeşti
RO.22.93628	Comuna Gheorghe Lazăr
RO.04.20563	Municipiul Oneşti
RO.15.64318	Comuna Ghelinţa
RO.21.86883	Comuna Ghelari
RO.05.32195	Comuna Gepiu
RO.27.116983	Comuna Gheorghe Doja
RO.07.37397	Comuna George Enescu
RO.21.89561	Oraş Geoagiu
RO.08.43242	Comuna Gemenele
RO.13.57831	Comuna Geaca
RO.36.157031	Comuna Gavojdia
RO.29.130302	Comuna Găvăneşti
RO.35.153106	Comuna Izvoarele
RO.42.103194	Comuna Găujani
RO.36.157086	Oraş Gãtaia
RO.27.116938	Comuna Găneşti
RO.43.103130	Comuna Găneasa
RO.29.127064	Comuna Găneasa
RO.17.72383	Comuna Galicea Mare
RO.39.169994	Comuna Galicea
RO.27.116867	Comuna Găleşti
RO.01.4366	Comuna Galda de Jos
RO.11.46769	Comuna Gălbinaşi
RO.41.179962	Comuna Gălbinaşi
RO.08.43180	Comuna Galbenu
RO.20.84460	Comuna Gălăuţaş
RO.06.33275	Comuna Galaţii Bistriţei
RO.35.153026	Comuna Gălăţeni
RO.34.148872	Comuna Gălăneşti
RO.04.22665	Comuna Găiceana
RO.38.163903	Comuna Găgeşti
RO.35.152948	Comuna Furculeşti
RO.34.148765	Comuna Fundu Moldovei
RO.41.103032	Oraş Fundulea
RO.43.179310	Comuna Fundeni-Dobroeşti
RO.18.76353	Comuna Fundeni
RO.41.103014	Comuna Fundeni
RO.09.40991	Comuna Fundata
RO.30.133394	Comuna Fulga
RO.38.167231	Comuna Fruntişeni
RO.18.76317	Comuna Frumuşiţa
RO.07.37324	Comuna Frumuşica
RO.41.102945	Comuna Frumuşani
RO.34.148729	Comuna Frumosu
RO.20.84415	Comuna Frumoasa
RO.35.152993	Comuna Frumoasa
RO.39.169896	Comuna Frânceşti-Mânăstireni
RO.37.160387	Comuna Frecăţei
RO.42.102909	Comuna Frăteşti
RO.34.148694	Comuna Frătăuţii Vechi
RO.34.148667	Comuna Frătăuţii Noi
RO.13.57742	Comuna Frata
RO.41.102838	Comuna Frăsinet
RO.35.155127	Comuna Frăsinet
RO.34.148612	Oraş Frasin
RO.12.52856	Comuna Forotic
RO.34.148514	Comuna Forăşti
RO.18.76282	Comuna Folteşti
RO.32.137728	Comuna Foieni
RO.36.157004	Comuna Foeni
RO.23.97063	Comuna Focuri
RO.11.50564	Comuna Florica
RO.42.102794	Comună Floreşti-Stoeneşti
RO.13.57706	Comuna Floreşti
RO.30.133330	Comuna Floreşti
RO.26.111685	Comuna Floreşti
RO.07.37280	Oraş Flãmânzi
RO.13.57644	Comuna Fizeşu Gherlii
RO.40.176150	Comuna Fitioneşti
RO.18.76255	Comuna Fârţăneşti
RO.12.52785	Comuna Fârliug
RO.36.156927	Comuna Fârdea
RO.34.148453	Comuna Fântânele
RO.23.100317	Comuna Fântânele
RO.27.116796	Comuna Fântânele
RO.02.9280	Comuna Fântânele
RO.30.133278	Comuna Fântânele
RO.14.63334	Comuna Fântânele
RO.35.155118	Comuna Fântânele
RO.34.151488	Comuna Fântâna Mare
RO.16.67470	Comuna Finta
RO.05.29403	Comuna Finiş
RO.30.133214	Comuna Filipeştii de Târg
RO.30.133161	Comuna Filipeştii de Pădure
RO.04.22576	Comuna Filipeşti
RO.04.22488	Comuna Filipeni
RO.17.70414	Oraş Filiaşi
RO.22.102749	Oraş Fierbinţi-Târg
RO.16.65609	Oraş Fieni
RO.36.159393	Comuna Fibiş
RO.38.167295	Comuna Fereşti
RO.02.10827	Comuna Felnac
RO.20.83197	Comuna Feliceni
RO.13.57582	Comuna Feleacu
RO.06.33248	Comuna Feldru
RO.09.40955	Comuna Feldioara
RO.39.169583	Comuna Făureşti
RO.08.42753	Oraş Fãurei
RO.17.72276	Comuna Fãrcaş
RO.29.127019	Comuna Fărcaşele
RO.25.108106	Comuna Fărcaşa
RO.28.122551	Comuna Fărcaşa
RO.01.4302	Comuna Fărău
RO.04.22460	Comuna Faraoani
RO.27.116723	Comuna Fărăgău
RO.29.126978	Comuna Fălcoiu
RO.38.163832	Comuna Fălciu
RO.29.126905	Comuna Făgeţelu
RO.36.156801	Oraş Fãget
RO.22.93575	Comuna Făcăeni
RO.12.52758	Comuna Ezeriş
RO.15.65154	Comuna Estelnic
RO.27.116652	Comuna Ernei
RO.27.116590	Comuna Eremitu
RO.23.97009	Comuna Erbiceni
RO.42.103693	Comuna Iepureşti
RO.38.163681	Comuna Duda Epureni
RO.38.163789	Comuna Epureni
RO.16.65869	Comuna Iedera
RO.07.37217	Comuna Durneşti
RO.06.179686	Comuna Dumitriţa
RO.40.175983	Comuna Dumitreşti
RO.06.33202	Comuna Dumitra
RO.23.96940	Comuna Dumeşti
RO.38.163734	Comuna Dumeşti
RO.25.108035	Comuna Dumbrăviţa
RO.36.155261	Comuna Dumbrăviţa
RO.09.40928	Comuna Dumbrăviţa
RO.34.148426	Comuna Dumbrăveni
RO.14.63161	Comuna Dumbrăveni
RO.40.175938	Comună Dumbrăveni
RO.28.120771	Comuna Dumbrava Roşie
RO.36.156767	Comuna Dumbrava
RO.30.133090	Comuna Dumbrava
RO.28.122463	Comuna Dulceşti
RO.36.156712	Comuna Dudeştii Vechi
RO.38.163618	Comuna Drânceni
RO.22.102703	Comuna Dridu
RO.17.72221	Comuna Drãnic
RO.30.132896	Comuna Drajna de Sus
RO.07.37173	Comuna Drăguşeni
RO.34.148382	Comuna Drăguşeni
RO.23.100308	Comuna Drăguşeni
RO.18.76175	Comuna Drăguşeni
RO.09.42480	Comuna Drăguş
RO.31.141027	Comuna Dragu
RO.19.80249	Comuna Drăgoteşti
RO.17.72150	Comuna Drăgoteşti
RO.41.93539	Comuna Dragoş Vodă
RO.03.16472	Comuna Dragoslavele
RO.25.108017	Oraș Dragomireşti
RO.28.122392	Comuna Dragomireşti
RO.38.163486	Comuna Dragomireşti
RO.16.67407	Comuna Dragomireşti
RO.34.148328	Comuna Drãgoieşti
RO.39.169547	Comuna Drăgoeşti
RO.22.102641	Comuna Drăgoeşti
RO.16.67327	Comuna Dragodana
RO.29.125490	Comuna Drăghiceni
RO.05.29341	Comuna Drăgeşti
RO.03.16506	Comuna Drăganu
RO.35.152902	Comuna Drăgăneşti-Vlaşca
RO.29.125622	Oraş Drãgãneşti-Olt
RO.35.152868	Comuna Drăgăneşti de Vede
RO.28.125132	Comuna Drăgăneşti
RO.05.29243	Comuna Drăgăneşti
RO.18.75221	Comuna Drăgăneşti
RO.30.133018	Comuna Drăgăneşti
RO.41.93487	Comuna Dragalina
RO.35.155109	Comuna Dracea
RO.14.60598	Comuna 23 August
RO.01.4268	Comuna Doştat
RO.32.137675	Comuna Dorolţ
RO.37.160323	Comuna Dorobanţu
RO.41.93441	Comuna Dorobanţu
RO.02.12912	Comuna Dorobanți
RO.34.148293	Comuna Dorneşti
RO.34.148202	Comuna Dorna Cândrenilor
RO.41.93370	Comuna Dor Mărunt
RO.03.16454	Comuna Domneşti
RO.43.102570	Comuna Domneşti
RO.12.52721	Comuna Domaşnea
RO.28.122347	Comuna Doljeşti
RO.34.148097	Comuna Dolheşti
RO.23.96904	Comuna Dolheşti
RO.34.148006	Oraş Dolhasca
RO.16.65413	Comuna Doiceşti
RO.12.52696	Comuna Dognecea
RO.04.22380	Comuna Dofteana
RO.38.167286	Comuna Dodeşti
RO.12.52650	Comuna Doclin
RO.28.125098	Comuna Dochia
RO.29.126825	Comuna Dobrun
RO.23.96888	Comuna Dobrovăţ
RO.35.152760	Comuna Dobroteşti
RO.17.74883	Comuna Dobroteşti
RO.29.126772	Comuna Dobroteasa
RO.29.126718	Comuna Dobrosloveni
RO.14.61737	Comună Dobromir
RO.31.140958	Comuna Dobrin
RO.05.29154	Comuna Dobreşti
RO.03.16427	Comuna Dobreşti
RO.17.72098	Comuna Dobreşti
RO.28.122285	Comuna Dobreni
RO.21.89428	Comuna Dobra
RO.16.67292	Comuna Dobra
RO.15.64265	Comuna Dobârlău
RO.07.37100	Comuna Dobârceni
RO.32.137611	Comuna Doba
RO.20.84344	Comuna Ditrău
RO.26.111550	Comuna Dârvari
RO.33.144553	Comuna Dârlos
RO.20.84380	Comuna Dârjiu
RO.17.72052	Comuna Dioşti
RO.05.29092	Comuna Diosig
RO.07.37057	Comuna Dângeni
RO.03.16329	Comuna Dâmbovicioara
RO.07.39959	Comuna Dimăcheni
RO.02.10701	Comuna Dieci
RO.35.152724	Comuna Dideşti
RO.39.174502	Comuna Diculeşti
RO.41.93325	Comuna Dichiseni
RO.02.10649	Comuna Dezna
RO.29.126647	Comuna Deveselu
RO.26.111480	Comuna Devesel
RO.25.107975	Comuna Deseşti
RO.17.72034	Comuna Desa
RO.07.37011	Comuna Dersca
RO.05.29038	Comuna Derna
RO.36.156669	Comuna Denta
RO.21.89348	Comuna Densuş
RO.38.163379	Comuna Deleşti
RO.23.96815	Comuna Deleni
RO.38.163324	Comuna Deleni
RO.14.61675	Comuna Deleni
RO.27.116545	Comuna Deda
RO.20.84264	Comuna Dealu
RO.03.16285	Comuna Davideşti
RO.43.102473	Comuna Dascălu Creaţa
RO.36.156623	Comuna Darova
RO.34.147937	Comuna Dărmăneşti
RO.04.22166	Oraş Dãrmãneşti
RO.03.16365	Comuna Dărmăneşti
RO.16.67256	Comuna Dărmăneşti
RO.43.102525	Comuna Dărăşti-Ilfov
RO.07.35946	Oraş Darabani
RO.39.169404	Comuna Dănicei
RO.17.71956	Comuna Dăneţi
RO.38.163253	Comuna Dăneşti
RO.20.84237	Comuna Dăneşti
RO.19.80123	Comuna Dăneşti
RO.27.116493	Comuna Daneş
RO.29.126585	Comuna Dăneasa
RO.19.80043	Comuna Dănciuleşti
RO.28.122249	Comuna Dămuc
RO.04.22111	Comuna Dămieneşti
RO.15.65147	Comuna Dalnic
RO.12.52570	Comuna Dalboşeţ
RO.01.4240	Comuna Daia Română
RO.42.102446	Comuna Daia
RO.23.96717	Comuna Dagâţa
RO.39.169351	Comuna Dăeşti
RO.37.160305	Comuna Dăeni
RO.17.72007	Oraș Dăbuleni
RO.13.57546	Comuna Dăbâca
RO.18.77595	Comuna Cuza Vodă
RO.41.93281	Comuna Cuza Vodă
RO.31.140869	Comuna Cuzăplac
RO.01.9019	Comuna Cut
RO.13.55062	Comuna Cuzdrioara
RO.05.29001	Comuna Curtuişeni
RO.29.126433	Comuna Curtişoara
RO.02.9495	Oraş Curtici
RO.36.156589	Comuna Curtea
RO.41.102419	Comuna Curcani
RO.05.28941	Comuna Curăţele
RO.25.107920	Comuna Cupşeni
RO.14.61620	Comuna Cumpăna
RO.32.137540	Comuna Culciu
RO.26.111444	Comuna Cujmir
RO.25.107403	Comuna Bogdan Vodă
RO.01.1696	Oraş Cugir
RO.18.76157	Comuna Cudalbi
RO.27.116439	Comuna Cuci
RO.18.76139	Comuna Cuca
RO.03.16132	Comuna Cuca
RO.19.79932	Comuna Crușeț
RO.32.137504	Comuna Crucişor
RO.34.147884	Comuna Crucea
RO.14.61559	Comuna Crucea
RO.09.42456	Comuna Crizbav
RO.41.180055	Comuna Crivăţ
RO.31.140770	Comuna Cristolţ
RO.05.28889	Comuna Criștioru de Jos
RO.07.36952	Comuna Cristineşti
RO.33.143487	Comuna Cristian
RO.09.40900	Comuna Cristian
RO.07.36907	Comuna Cristeşti
RO.23.96637	Comuna Cristeşti
RO.27.114355	Comuna Cristeşti
RO.31.140823	Comuna Crişeni
RO.21.87362	Comuna Crişcior
RO.37.160261	Comuna Crişan
RO.35.152662	Comuna Crângu
RO.35.152617	Comuna Crângeni
RO.29.126406	Comuna Crâmpoia
RO.36.156534	Comuna Criciova
RO.01.4142	Comuna Cricău
RO.35.151932	Comuna Crevenicu
RO.42.102348	Comuna Crevedia Mare
RO.16.102286	Comuna Crevedia
RO.38.163208	Comuna Creţeşti
RO.39.169306	Comuna Creţeni
RO.43.104582	Comuna Petrăchioaia
RO.31.140672	Comuna Creaca
RO.31.140627	Comuna Crasna
RO.19.79834	Comuna Crasna
RO.02.10532	Comuna Craiva
RO.32.137443	Comuna Craidorolţ
RO.27.116340	Comuna Crãieşti
RO.27.116288	Comuna Crăciuneşti
RO.01.4188	Comuna Crăciunelu de Jos
RO.28.122187	Comuna Crăcăoani
RO.23.96593	Comuna Cozmeşti
RO.38.167277	Comuna Cozmeşti
RO.20.86446	Comuna Cozmeni
RO.27.116224	Comuna Cozma
RO.11.46554	Comuna Cozieni
RO.02.10514	Comuna Covăsinţ
RO.07.36809	Comuna Coţuşca
RO.17.74875	Comuna Coţofenii din Faţă
RO.17.71910	Comuna Coţofenii din Dos
RO.04.22059	Comuna Coţofăneşti
RO.23.96478	Comuna Cotnari
RO.03.15983	Comuna Cotmeana
RO.40.175885	Comuna Coteşti
RO.29.126380	Comuna Coteana
RO.07.39975	Comuna Coşula
RO.23.96423	Comuna Costuleni
RO.28.122132	Comuna Costişa
RO.16.67121	Comuna Costeştii din Vale
RO.23.100282	Comuna Costeşti
RO.38.163137	Comuna Costeşti
RO.39.169253	Comuna Costeşti
RO.11.46484	Comuna Costeşti
RO.03.13668	Oraș Costeşti
RO.36.156473	Comuna Coşteiu
RO.18.76111	Comuna Costache Negri
RO.17.71885	Comuna Coşoveni
RO.42.179748	Comuna Cosoba
RO.34.151497	Comuna Coşna
RO.30.132841	Comuna Cosminele
RO.18.76040	Comuna Cosmeşti
RO.35.152582	Comuna Cosmeşti
RO.37.159963	Comuna Casimcea
RO.22.93236	Comuna Cosâmbeşti
RO.03.15901	Comuna Coşeşti
RO.22.102240	Comuna Coşereni
RO.31.140583	Comuna Coşeiu
RO.06.33177	Comuna Coşbuc
RO.20.84175	Comuna Corund
RO.27.120487	Comuna Corunca
RO.27.116171	Comuna Coroisânmartin
RO.38.163057	Comuna Coroieşti
RO.25.107868	Comuna Coroieni
RO.18.75953	Comuna Corod
RO.30.132805	Comuna Cornu
RO.07.36756	Comuna Corni
RO.18.76004	Comuna Corni
RO.43.102213	Comuna Cornetu
RO.13.57449	Comuna Corneşti
RO.16.67014	Comuna Corneşti
RO.12.52160	Comuna Cornereva
RO.12.52115	Comuna Cornea
RO.16.66955	Comuna Cornăţelu
RO.29.126102	Comuna Cezieni
RO.07.36676	Comuna Corlăteni
RO.26.111417	Comuna Corlăţel
RO.28.120888	Comuna Cordun
RO.07.36649	Comună Cordăreni
RO.26.111275	Comuna Corcova
RO.20.84148	Comuna Corbu
RO.29.126326	Comuna Corbu
RO.14.61513	Comuna Corbu
RO.40.175787	Comuna Corbiţa
RO.16.66857	Comuna Corbii Mari
RO.03.15830	Comuna Corbi
RO.03.15741	Comuna Corbeni
RO.43.102160	Comuna Corbeanca
RO.04.21971	Comuna Corbasca
RO.33.143771	Oraş Copşa Micã
RO.25.107733	Comuna Copalnic Mănăştur
RO.07.36569	Comuna Copălău
RO.39.169182	Comuna Copăceni
RO.43.179588	Comuna Copăceni
RO.12.52062	Comuna Copăcele
RO.05.28816	Comuna Copăcel
RO.16.66768	Comuna Conţeşti
RO.35.152564	Comuna Conţeşti
RO.12.51877	Comuna Constantin Daicoviciu
RO.07.36532	Comuna Conceşti
RO.36.156437	Comuna Comloşu Mare
RO.16.66731	Comuna Comişani
RO.30.131336	Oraş Comarnic
RO.34.151433	Comuna Comăneşti
RO.15.63553	Comuna Comandău
RO.09.40857	Comuna Comana
RO.42.102106	Comuna Comana
RO.14.61452	Comuna Comana
RO.04.21891	Comuna Coloneşti
RO.29.126228	Comuna Coloneşti
RO.42.102071	Comuna Colibaşi
RO.22.179971	Comuna Colelia
RO.30.132752	Comuna Colceag
RO.13.57350	Comuna Cojocna
RO.16.66697	Comuna Cojasca
RO.14.61372	Comuna Cogealac
RO.38.163002	Comuna Codăeşti
RO.03.15652	Comuna Cocu
RO.30.132716	Comuna Cocorãştii Mislii
RO.30.136241	Comuna Cocorăştii-Colţ
RO.22.93209	Comuna Cocora
RO.05.28763	Comuna Cociuba Mare
RO.11.46377	Comuna Cochirleanca
RO.14.61318	Comuna Cobadin
RO.25.179837	Comuna Coaş
RO.23.96334	Comuna Coarnele Caprei
RO.42.101984	Comuna Clejani
RO.04.21855	Comuna Cleja
RO.31.140547	Comuna Cizer
RO.01.4008	Comuna Ciuruleasa
RO.13.57225	Comuna Ciurila
RO.23.96254	Comuna Ciurea
RO.17.71858	Comuna Ciupercenii Noi
RO.19.79656	Comuna Ciuperceni
RO.35.151709	Comuna Ciuperceni
RO.32.179882	Comuna Ciumeşti
RO.05.28665	Comuna Ciumeghiu
RO.20.84086	Comuna Ciumani
RO.22.93156	Comuna Ciulniţa
RO.05.28610	Comuna Sâniob
RO.01.1071	Comuna Ciugud
RO.12.52035	Comuna Ciudanoviţa
RO.37.160225	Comuna Ciucurova
RO.20.83981	Comuna Ciucsângeorgiu
RO.12.51984	Comuna Ciuchici
RO.13.57163	Comuna Ciucea
RO.13.57314	Comuna Câţcău
RO.11.46313	Comuna Cislău
RO.33.144535	Comuna Cârţişoara
RO.20.84102	Comuna Cârţa
RO.33.144508	Comuna Cârţa
RO.17.74867	Comuna Cârna
RO.29.126166	Comuna Cârlogani
RO.40.175732	Comuna Cârligele
RO.34.147713	Comuna Cârlibaba
RO.21.86749	Comuna Cârjiţi
RO.08.43019	Comuna Cireşu
RO.26.111220	Comuna Cireşu
RO.34.151567	Comuna Ciprian Porumbescu
RO.23.96192	Comuna Ciorteşti
RO.17.71812	Comuna Cioroiaşi
RO.43.101957	Comuna Ciorogârla
RO.40.175590	Comuna Ciorăşti
RO.30.132681	Comuna Ciorani
RO.03.15554	Comuna Ciomăgeşti
RO.43.101902	Comuna Ciolpani
RO.03.15493	Comuna Ciofrângeni
RO.22.100709	Comuna Ciocârlia
RO.14.61283	Comuna Ciocârlia
RO.08.42968	Comuna Ciocile
RO.22.93101	Comuna Ciochina
RO.38.167268	Comuna Ciocani
RO.34.151451	Comuna Ciocăneşti
RO.16.101840	Comuna Ciocăneşti
RO.41.93085	Comuna Ciocăneşti
RO.14.61256	Comuna Ciobanu
RO.16.66526	Comuna Cândeşti Vale
RO.28.122061	Comuna Cândeşti
RO.07.39967	Comuna Cândeşti
RO.09.40820	Comuna Cincu
RO.40.175670	Comuna Câmpuri
RO.25.107715	Comuna Câmpulung la Tisa
RO.40.174780	Comuna Câmpineanca
RO.01.1455	Oraş Câmpeni
RO.05.28709	Comuna Câmpani
RO.19.79736	Comuna Câlnic
RO.01.4106	Comuna Câlnic
RO.29.126148	Comuna Cilieni
RO.11.46251	Comuna Cilibia
RO.39.169119	Comuna Câineni
RO.12.51948	Comuna Ciclova Română
RO.25.107662	Comuna Cicârlău
RO.06.179953	Comuna Ciceu-Mihăieşti
RO.06.32955	Comuna Ciceu-Giurgeşti
RO.36.156357	Oraş Ciacova
RO.06.33122	Comuna Chiuza
RO.13.57083	Comuna Chiuieşti
RO.43.179285	Oraş Chitila
RO.05.28530	Comuna Chişlaz
RO.02.9459	Oraş Chişineu-Criş
RO.02.10417	Comuna Chisindia
RO.41.101822	Comuna Chiselet
RO.08.42708	Comuna Chiscani
RO.33.144456	Comuna Chirpăr
RO.41.101804	Comuna Chirnogi
RO.14.61210	Comuna Chirnogeni
RO.11.46180	Comuna Chiojdu
RO.40.175509	Comuna Chiojdeni
RO.30.132645	Comuna Chiojdeanca
RO.06.33015	Comuna Chiochiş
RO.13.56988	Comuna Chinteni
RO.11.46108	Comuna Chiliile
RO.37.160172	Comuna Chilia Veche
RO.31.140501	Comuna Chieşd
RO.15.64238	Comuna Chichiş
RO.27.120478	Comuna Chibed
RO.43.179249	Comuna Chiajna
RO.36.156311	Comuna Chevereşu Mare
RO.27.116046	Comuna Cheţani
RO.05.28497	Comuna Cherechiu
RO.36.159375	Comuna Checea
RO.03.15402	Comuna Cetăţeni
RO.01.3958	Comuna Cetatea de Baltă
RO.17.71787	Comuna Cetate
RO.05.28415	Comuna Cetariu
RO.35.152500	Comuna Cervenia
RO.01.3841	Comuna Ceru-Băcăinţi
RO.32.137407	Comuna Certeze
RO.18.75917	Comuna Cerţeşti
RO.21.89240	Comuna Certeju de Sus
RO.43.101742	Comuna Cernica
RO.25.107582	Comuna Cerneşti
RO.11.46019	Comuna Cernăteşti
RO.17.71723	Comuna Cernăteşti
RO.15.64194	Comună Cernat
RO.37.160127	Comuna Cerna
RO.02.10373	Comuna Cermei
RO.01.3805	Comuna Cergău
RO.14.61167	Comuna Cerchezu
RO.21.89151	Comuna Cerbăl
RO.17.71698	Comuna Cerãt
RO.30.132574	Comuna Ceraşu
RO.30.132510	Comuna Ceptura
RO.23.96147	Comuna Cepleniţa
RO.03.15313	Comuna Cepari
RO.36.156277	Comuna Cenei
RO.01.3761	Comuna Cenade
RO.36.156259	Comuna Cenad
RO.17.71634	Comuna Celaru
RO.05.28335	Comuna Ceica
RO.31.139740	Comuna Cehu Silvaniei
RO.32.137363	Comuna Cehal
RO.05.28246	Comuna Cefa
RO.27.115959	Comuna Ceuaşu De Câmpie
RO.37.160047	Comuna Ceatalchioi
RO.13.56844	Comuna Ceanu Mare
RO.37.160092	Comuna Ceamurlia de Jos
RO.28.122025	Comuna Ceahlău
RO.08.44560	Comuna Cazasu
RO.26.111097	Comuna Căzăneşti
RO.22.93067	Oraş Cãzãneşti
RO.25.106782	Oraș Cavnic
RO.18.75864	Comuna Cavadineşti
RO.32.137292	Comuna Căuaş
RO.19.79585	Comuna Cătunele
RO.13.56773	Comuna Cătina
RO.11.45959	Comuna Cătina
RO.03.15233	Comuna Căteasca
RO.17.74842	Comuna Catane
RO.15.64130	Comuna Catalina
RO.09.40768	Comuna Caţa
RO.17.71572	Comuna Castranova
RO.14.61121	Comuna Castelu
RO.13.56666	Comuna Căşeiu
RO.41.101724	Comuna Căscioarele
RO.39.171806	Comuna Olanu
RO.36.156213	Comuna Cărpiniş
RO.05.28193	Comuna Cărpinet
RO.17.71536	Comuna Carpen
RO.37.159883	Comuna C.A. Rosetti
RO.11.45815	Comuna C.A. Rosetti
RO.37.159945	Comuna Carcaliu
RO.30.132486	Comuna Cărbuneşti
RO.12.51840	Comuna Cărbunari
RO.17.71518	Comuna Caraula
RO.31.140477	Comuna Carastelec
RO.12.51804	Comuna Caraşova
RO.02.10346	Comuna Cărand
RO.34.151503	Comuna Capu Câmpului
RO.19.79497	Comuna Căpreni
RO.32.136553	Comuna Căpleni
RO.20.83963	Comuna Căpâlniţa
RO.05.28139	Comuna Cãpâlna
RO.11.45888	Comuna Căneşti
RO.32.137274	Comuna Cămărzana
RO.13.56522	Comuna Cămăraşu
RO.31.140440	Comuna Camăr
RO.11.45753	Comuna Calvini
RO.29.130295	Comuna Cãlui
RO.30.132459	Comuna Călugăreni
RO.42.101662	Comuna Călugăreni
RO.17.71457	Comuna Calopăru
RO.25.107546	Comuna Călineşti
RO.03.15108	Comuna Călineşti
RO.35.152350	Comuna Călineşti
RO.03.15064	Comuna Căldăraru
RO.13.56461	Comuna Călăţele
RO.07.36499	Comuna Călăraşi
RO.13.56425	Comuna Călăraşi
RO.17.71607	Comuna Călăraşi
RO.41.92569	Municipiul Călăraşi
RO.21.87424	Oraş Cãlan
RO.34.147580	Comuna Calafindeşti
RO.34.147633	Oraş Cajvana
RO.04.21757	Comuna Căiuţi
RO.06.32811	Comuna Căianu
RO.13.56354	Comuna Căianu
RO.34.147526	Comuna Cacica
RO.05.28077	Comuna Căbeşti
RO.03.14940	Comuna Buzoeşti
RO.35.152332	Comuna Buzescu
RO.11.44818	Municipiul Buzău
RO.13.56327	Comuna Buza
RO.42.101617	Comuna Buturugeni
RO.26.111006	Comuna Butoieşti
RO.16.101564	Comuna Butimanu
RO.02.10293	Comuna Buteni
RO.23.96110	Comuna Butea
RO.21.89080	Comuna Burjuc
RO.26.110946	Comuna Burila Mare
RO.05.27971	Comuna Bunteşti
RO.21.89026	Comuna Bunila
RO.34.147465	Comuna Buneşti
RO.38.162924	Comuna Bunești Averești
RO.09.40704	Comuna Buneşti
RO.39.168960	Comuna Buneşti
RO.19.79308	Oraş Bumbeşti-Jiu
RO.17.71340	Comuna Bulzeşti
RO.05.27935	Comuna Bulz
RO.42.101519	Comuna Bulbucata
RO.35.152314	Comuna Bujoru
RO.39.168880	Comuna Bujoreni
RO.18.75472	Oraș Târgu Bujor
RO.04.21668	Comuna Buhoci
RO.03.20063	Comuna Bughea de Sus
RO.03.14922	Comuna Bughea de Jos
RO.43.100576	Oraş Buftea
RO.22.179793	Comuna Bueşti
RO.05.27908	Comuna Buduslău
RO.05.27846	Comuna Budureasa
RO.09.40688	Comuna Budila
RO.25.107519	Comuna Budeşti
RO.06.32768	Comuna Budeşti
RO.08.43073	Comuna Dudeşti
RO.41.101458	Oraş Budeşti
RO.03.14851	Comuna Budeasa
RO.06.32704	Comuna Budacu de Jos
RO.11.45673	Comuna Buda
RO.21.88868	Comuna Bucureşci
RO.22.93021	Comuna Bucu
RO.16.66474	Comuna Bucşani
RO.42.101378	Comuna Bucşani
RO.17.69964	Comuna Bucovăţ
RO.36.159516	Comuna Bucovăţ
RO.30.130785	Comuna Bucov
RO.12.51751	Comuna Bucoşniţa
RO.31.140379	Comuna Buciumi
RO.04.26338	Comuna Buciumi
RO.18.75819	Comuna Buciumeni
RO.16.66438	Comuna Buciumeni
RO.01.3459	Comuna Bucium
RO.29.126077	Comuna Bucinişu
RO.12.51699	Comuna Buchin
RO.21.88788	Comuna Buceş
RO.01.9026	Comuna Bucerdea-Grânoasă
RO.07.36453	Oraş Bucecea
RO.04.21597	Comuna Brusturoasa
RO.28.121938	Comuna Brusturi-Drăgăneşti
RO.05.27757	Comuna Brusturi
RO.33.144410	Comuna Bruiu
RO.34.147358	Oraş Broşteni
RO.40.175466	Comuna Broşteni
RO.26.110875	Comuna Broşteni
RO.07.36426	Comuna Broscăuţi
RO.34.147241	Comuna Brodina
RO.29.126022	Comuna Brâncoveni
RO.27.115897	Comuna Brâncoveneşti
RO.35.152252	Comuna Brânceni
RO.39.167794	Oraş Brezoi
RO.16.101341	Comuna Brezoaele
RO.26.110820	Comuna Brezniţa Ocol
RO.26.110740	Comuna Brezniţa-Motru
RO.21.88644	Comuna Bretea Română
RO.15.64096	Comuna Breţcu
RO.36.156151	Comuna Brestovăţ
RO.12.51662	Comuna Brebu Nou
RO.12.51626	Comuna Brebu
RO.30.132404	Comuna Brebu
RO.29.125999	Comuna Brebeni
RO.34.147205	Comuna Breaza
RO.27.115851	Comuna Breaza
RO.11.45619	Comuna Breaza
RO.17.71260	Comuna Breasta
RO.02.10239	Comuna Brazii
RO.30.130712	Comuna Brazi
RO.17.71199	Comuna Bratovoeşti
RO.15.64005	Comuna Brateş
RO.33.144349	Comuna Brateiu
RO.05.27686	Comuna Bratca
RO.29.125962	Comuna Brastavăţu
RO.06.32660	Comuna Braniştea
RO.18.75711	Comuna Braniştea
RO.16.66152	Comuna Braniştea
RO.26.114060	Comuna Braniştea
RO.21.88546	Comuna Brănişca
RO.16.66009	Comuna Brăneşti
RO.19.79237	Comuna Brăneşti
RO.43.101298	Comuna Brăneşti
RO.09.40633	Comuna Bran
RO.17.71126	Comuna Braloştiţa
RO.18.75766	Comuna Brăhăşeşti
RO.43.179221	Oraş Bragadiru
RO.35.152234	Comuna Bragadiru
RO.07.36373	Comuna Brăeşti
RO.23.96058	Comuna Brăeşti
RO.11.45539	Comuna Brăeşti
RO.15.64041	Comuna Brăduţ
RO.03.14753	Comuna Brăduleţ
RO.03.13276	Comuna Bradu
RO.20.83151	Comuna Brădeşti
RO.17.71055	Comuna Brădeşti
RO.33.144376	Comuna Brădeni
RO.11.45496	Comuna Brădeanu
RO.17.70986	Comuna Brabova
RO.12.51573	Comuna Bozovici
RO.28.121876	Comuna Bozieni
RO.17.70968	Comuna Botoşeşti-Paia
RO.07.35731	Municipiul Botoşani
RO.34.147161	Comuna Botoşana
RO.35.152172	Comuna Botoroaga
RO.25.107485	Comuna Botiza
RO.32.137185	Comuna Botiz
RO.28.121796	Comuna Boteşti
RO.38.162871	Comuna Boţeşti
RO.03.14726	Comuna Boţeşti
RO.03.14673	Comuna Boteni
RO.17.74411	Comuna Teslui
RO.21.88449	Comuna Boşorod
RO.34.147134	Comuna Bosanci
RO.25.106746	Oraş Borşa
RO.13.56265	Comuna Borşa
RO.05.27631	Comuna Borş
RO.15.63937	Comuna Boroşneu Mare
RO.05.27560	Comuna Borod
RO.34.147072	Comuna Boroaia
RO.28.121732	Comuna Borleşti
RO.22.92989	Comuna Borduşani
RO.40.175439	Comuna Bordeşti
RO.08.42913	Comuna Bordei Verde
RO.28.121652	Comuna Borca
RO.19.79157	Comuna Borăscu
RO.22.179784	Comuna Borăneşti
RO.13.56210	Comuna Bonţida
RO.12.51546	Comuna Bolvaşniţa
RO.40.175368	Comuna Boloteşti
RO.42.101190	Oraş Bolintin-Vale
RO.42.101163	Comuna Bolintin Deal
RO.36.156106	Comuna Boldur
RO.11.45361	Comuna Boldu
RO.25.107430	Comuna Boiu Mare
RO.39.168755	Comuna Boişoara
RO.05.27506	Comuna Boianu Mare
RO.31.180037	Comuna Boghiş
RO.28.125178	Comuna Boghicea
RO.40.175260	Comuna Bogheşti
RO.38.162791	Comuna Bogdăniţa
RO.34.147054	Comuna Bogdăneşti
RO.38.162693	Comuna Bogdăneşti
RO.04.21560	Comuna Bogdăneşti
RO.32.137130	Comuna Bogdand
RO.38.162595	Comuna Bogdana
RO.36.156035	Comuna Bogda
RO.03.14584	Comuna Bogaţi
RO.27.115824	Comuna Bogata
RO.15.63893	Comuna Bodoc
RO.28.121607	Comuna Bodeşti-Precista
RO.09.40606	Comuna Bod
RO.02.10195	Comuna Bocsig
RO.25.107350	Comuna Bocicoiu Mare
RO.31.140280	Comuna Bobota
RO.13.56096	Comuna Bobâlna
RO.29.125873	Comuna Bobiceşti
RO.01.3397	Comuna Blândiana
RO.07.39983	Comuna Blândeşti
RO.30.130678	Comuna Blejoi
RO.35.152083	Comuna Blejeşti
RO.21.88350	Comuna Blăjeni
RO.33.144303	Comuna Blăjel
RO.11.45334	Comuna Blăjani
RO.04.21506	Comuna Blăgeşti
RO.38.162559	Comuna Blăgeşti
RO.32.137069	Comuna Bixad
RO.23.95943	Comuna Bivolari
RO.06.32633	Comuna Bistriţa Bârgăului
RO.17.70897	Comuna Bistreţ
RO.25.107270	Comuna Bistra
RO.01.3039	Comuna Bistra
RO.11.45245	Comuna Bisoca
RO.02.10104	Comuna Bârzava
RO.29.125846	Comuna Bârza
RO.17.74581	Comuna Valea Stanciului
RO.40.175224	Comuna Bârseşti
RO.32.137103	Comuna Bârsău
RO.04.21454	Comuna Bârsăneşti
RO.25.107314	Comuna Bârsana
RO.02.10051	Comuna Bârsa
RO.23.95088	Comuna Bârnova
RO.36.155957	Comuna Bârna
RO.33.144232	Comuna Bârghiş
RO.36.159366	Comuna Birda
RO.02.10006	Comuna Birchiş
RO.17.70940	Comuna Bârca
RO.28.121386	Comuna Bâra
RO.26.110688	Comuna Bâlvăneşti
RO.40.178929	Comuna Bilieşti
RO.36.155911	Comuna Biled
RO.16.66401	Comuna Bilciureşti
RO.34.147036	Comuna Bilca
RO.20.83936	Comuna Bilbor
RO.05.27436	Comuna Biharia
RO.33.144198	Comuna Biertan
RO.26.110571	Comuna Bâcleş
RO.27.115771	Comuna Bichiş
RO.28.121340	Comuna Bicazu Ardelean
RO.28.121297	Comuna Bicaz Chei
RO.25.107234	Comuna Bicaz
RO.28.120968	Oraş Bicaz
RO.16.66330	Comuna Bezdead
RO.35.155092	Comuna Beuca
RO.36.155840	Comuna Bethausen
RO.37.161552	Comuna Beştepe
RO.04.21418	Comuna Berzunţi
RO.12.51500	Comuna Berzovia
RO.12.51449	Comuna Berzasca
RO.32.137032	Comuna Berveni
RO.08.42842	Comuna Berteştii de Jos
RO.30.132342	Comuna Bertea
RO.21.88261	Comuna Beriu
RO.39.168675	Comuna Berislăveşti
RO.01.2988	Comuna Berghin
RO.38.162498	Comuna Berezeni
RO.03.14405	Comuna Berevoeşti
RO.04.21338	Comuna Bereşti-Tazlău
RO.04.21249	Comuna Bereşti-Bistriţa
RO.18.75338	Oraş Bereşti
RO.27.120511	Comuna Bereni
RO.34.151576	Comuna Berchişeşti
RO.30.130614	Comuna Berceni
RO.43.101145	Comuna Berceni
RO.11.45101	Comuna Berca
RO.19.78926	Berleşti
RO.31.140244	Comuna Benesat
RO.32.136964	Comuna Beltiug
RO.02.9930	Comuna Beliu
RO.13.56014	Comuna Beliş
RO.36.155797	Comuna Belinţ
RO.15.63866	Comuna Belin
RO.03.14352	Comuna Beleţi-Negreşti
RO.41.101083	Comuna Belciugatele
RO.23.95872	Comuna Belceşti
RO.37.159847	Comuna Beidaud
RO.06.32483	Oraş Beclean
RO.09.40544	Comuna Beclean
RO.35.155083	Comuna Beciu
RO.36.155760	Comuna Becicherecu Mic
RO.17.70879	Oraş Bechet
RO.11.45003	Comuna Beceni
RO.36.155724	Comuna Beba Veche
RO.33.144152	Comuna Bazna
RO.12.51332	Comuna Băuţar
RO.30.136278	Comuna Bătrâni
RO.21.88216	Comuna Bătrâna
RO.27.115520	Comuna Batoş
RO.32.136919	Comuna Bătarci
RO.05.27383	Comuna Batăr
RO.15.63802	Comuna Băţani
RO.02.9887	Comuna Bata
RO.25.107190	Comuna Băseşti
RO.03.13187	Comuna Başcov
RO.21.87996	Comuna Baru
RO.28.121466	Comuna Bârgãuani
RO.18.75515	Comuna Barcea
RO.15.63633	Comuna Barcani
RO.30.130552	Comuna Bărcăneşti
RO.22.101056	Comuna Bărcăneşti
RO.16.66223	Comuna Bărbuleţu
RO.39.168559	Comuna Bărbăteşti
RO.19.78828	Comuna Bărbăteşti
RO.15.63447	Oraş Baraolt
RO.08.42824	Comuna Bărăganul
RO.14.63294	Comuna Bărăganu
RO.36.155662	Comuna Bara
RO.36.155591	Comuna Banloc
RO.21.87246	Comuna Băniţa
RO.31.140208	Comuna Bănişor
RO.12.51305	Comuna Bănia
RO.30.132315	Comuna Băneşti
RO.18.75686	Comuna Băneasa
RO.14.61069	Oraş Bãneasa
RO.42.101001	Comuna Băneasa
RO.27.115389	Comuna Band
RO.38.162194	Comuna Banca
RO.07.36300	Comuna Băluşeni
RO.30.132271	Comuna Bălţeşti
RO.38.162452	Comuna Bălteni
RO.29.130286	Comuna Bălteni
RO.23.95792	Comuna Bălţaţi
RO.28.121242	Comuna Bălţăteşti
RO.30.132226	Comuna Balta Doamnei
RO.11.44934	Comuna Balta Albă
RO.26.110456	Comuna Balta
RO.21.87843	Comuna Balşa
RO.23.100273	Comuna Balş
RO.43.100969	Comuna Baloteşti
RO.36.155546	Comuna Balinţ
RO.03.14272	Comuna Bălileşti
RO.40.175206	Comuna Băleşti
RO.19.77910	Comuna Băleşti
RO.16.66198	Comuna Băleni Sârbi
RO.18.75668	Comuna Băleni
RO.29.125677	Comuna Baldovineşti
RO.39.168452	Oraş Bãlceşti
RO.34.146995	Comuna Bălcăuţi
RO.04.21196	Comuna Balcani
RO.05.27329	Comuna Balc
RO.27.115637	Comuna Bălăuşeri
RO.18.75613	Comuna Bălăşeşti
RO.19.78748	Comuna Bălăneşti
RO.31.140146	Comuna Bălan
RO.22.92907	Comuna Balaciu
RO.26.110535	Comuna Bălăciţa
RO.35.151996	Comuna Balaci
RO.11.44989	Comuna Bălăceanu
RO.34.151530	Comuna Bălăceana
RO.18.75542	Comuna Bălăbăneşti
RO.27.115600	Comuna Băla
RO.26.110296	Comuna Bala
RO.25.107154	Comuna Băiuţ
RO.25.107118	Comuna Băiţa de sub Codru
RO.21.88092	Comuna Băiţa
RO.13.55918	Comuna Băişoara
RO.03.14165	Comuna Băiculeşti
RO.19.78711	Comuna Baia de Fier
RO.21.87745	Comuna Baia de Criş
RO.01.2915	Oraş Baia de Arieş
RO.26.109924	Oraş Baia De Aramã
RO.34.146904	Comuna Baia
RO.37.159785	Comuna Baia
RO.27.115307	Comuna Bahnea
RO.28.121153	Comuna Bahna
RO.13.55838	Comuna Baciu
RO.21.88047	Comuna Băcia
RO.38.162381	Comuna Băceşti
RO.38.162327	Comuna Băcani
RO.29.125659	Comuna Băbiciu
RO.31.140084	Comuna Băbeni
RO.39.168372	Oraş Bãbeni
RO.03.14085	Comuna Băbana
RO.35.152038	Comuna Băbăiţa
RO.30.132164	Comuna Baba Ana
RO.22.100923	Comuna Axintele
RO.33.144116	Comuna Axente Sever
RO.33.144054	Oraş Avrig
RO.01.2577	Comuna Avram Iancu
RO.05.27285	Comuna Avram Iancu
RO.20.83847	Comuna Avrămeşti
RO.07.36202	Comuna Avrămeni
RO.20.83785	Comuna Atid
RO.33.143995	Comuna Aţel
RO.25.107083	Comuna Asuaju de Sus
RO.05.26742	Comuna Aştileu
RO.13.55776	Comuna Aşchileu
RO.04.21123	Comuna Asău
RO.38.162149	Comuna Arsura
RO.33.143959	Comuna Arpaşu de Jos
RO.23.95747	Comuna Aroneanu
RO.12.51243	Comuna Armeniş
RO.22.100870	Comuna Armăşeşti
RO.25.107047	Comuna Ariniş
RO.01.2381	Comuna Arieşeni
RO.30.132137	Comuna Ariceştii Zeletin
RO.30.132075	Comuna Ariceştii-Rahtivani
RO.17.70744	Comuna Argetoaia
RO.03.14049	Comuna Arefu
RO.25.107001	Comuna Ardusat
RO.32.136848	Oraș Ardud
RO.04.21098	Comuna Ardeoani
RO.15.65113	Comuna Arcuş
RO.02.9832	Comuna Archiş
RO.19.78668	Comuna Arcani
RO.34.146860	Comuna Arbore
RO.30.132011	Comuna Apostolache
RO.33.143922	Comuna Apoldu de Jos
RO.27.115183	Comuna Apold
RO.17.70726	Comuna Apele Vii
RO.02.9798	Comuna Apateu
RO.09.40526	Comuna Apaţa
RO.13.55687	Comuna Apahida
RO.32.136802	Comuna Apa
RO.21.87219	Oraş Aninoasa
RO.03.13999	Comuna Aninoasa
RO.16.65379	Comuna Aninoasa
RO.19.78604	Comuna Aninoasa
RO.23.95667	Comuna Andrieşeni
RO.32.136768	Comuna Andrid
RO.40.175126	Comuna Andreiaşu de Jos
RO.22.92872	Comuna Andrăşeşti
RO.11.44863	Comuna Amaru
RO.17.70673	Comuna Amărăştii de Sus
RO.17.70637	Comuna Amărăştii de Jos
RO.39.168309	Comuna Amărăşti
RO.39.168229	Comuna Alunu
RO.13.55623	Comuna Aluniş
RO.27.115147	Comuna Aluniş
RO.30.131988	Comuna Aluniş
RO.33.143888	Comuna Alțâna
RO.01.2309	Comuna Almaşu Mare
RO.31.139982	Comuna Almaşu
RO.02.9743	Comuna Almaş
RO.17.70566	Comuna Almãj
RO.33.146012	Comuna Alma
RO.19.78542	Comuna Alimpeşti
RO.14.61005	Comuna Aliman
RO.22.100852	Comuna Alexeni
RO.38.162069	Comuna Alexandru Vlăhuţă
RO.05.26699	Oraș Aleşd
RO.03.13935	Comuna Albota
RO.30.131933	Comuna Albeşti-Paleologu
RO.07.36131	Comuna Albeşti
RO.38.162014	Comuna Albeşti
RO.27.114603	Comuna Albeşti
RO.03.13891	Comuna Albeștii de Muscel
RO.03.13819	Comuna Albeștii de Argeș
RO.22.92783	Comuna Albeşti
RO.14.60945	Comuna Albeşti
RO.19.78472	Comuna Albeni
RO.01.2130	Comuna Albac
RO.13.55598	Comuna Aiton
RO.15.63777	Comuna Aita Mare
RO.31.139937	Comuna Agrij
RO.14.60570	Comuna Agigea
RO.13.55473	Comuna Aghireşu
RO.04.21007	Comuna Agăş
RO.43.100834	Comuna Afumaţi
RO.17.70520	Comuna Afumaţi
RO.42.100781	Comuna Adunaţii-Copăceni
RO.30.131899	Comuna Adunaţi
RO.34.146799	Comuna Adâncata
RO.22.100754	Comuna Adâncata
RO.07.40035	Comuna Adăşeni
RO.27.115076	Comuna Adămuş
RO.14.60883	Comuna Adamclisi
RO.32.136713	Comuna Acâş
RO.27.114970	Comuna Acăţari
RO.01.1151	Oraş abrud
RO.05.27169	Comuna Abrămuţ
RO.09.40198	Municipiul Braşov
RO.05.32201	Comuna Toboliu
RO.31.139884	Oraş Şimleu Silvaniei
RO.31.140324	Comuna Bocşa
RO.01.1017	Municipiul Alba Iulia
RO.01.1213	Municipiul Aiud
RO.01.1348	Municipiul Blaj
RO.01.1874	Municipiul Sebeş
RO.01.1794	Oraş Ocna Mureş
RO.05.27070	Comuna Abram
RO.32.136526	Municipiul Carei
RO.03.13169	Municipiul Piteşti
RO.03.13490	Municipiul Câmpulung
RO.03.13622	Municipiul Curtea de Argeș
RO.03.14450	Comuna Bârla
RO.03.15448	Comuna Cicănești
RO.03.16944	Comuna Lunca Corbului
RO.03.17101	Comuna Merișani
RO.03.17423	Comuna Morărești
RO.02.9262	Municipiul Arad
RO.01.4767	Comuna Horea
RO.02.10453	Comuna Conop
RO.02.10765	Comuna Ususău
RO.02.12920	Comuna Frumuşeni
RO.02.9574	Oraş Lipova
RO.04.20297	Municipiul Bacãu
RO.04.20778	Oraş Buhuşi
RO.04.20821	Oraş Comãneşti
RO.04.20876	Municipiul Moineşti
RO.04.20910	Oraş Slãnic-Moldova
RO.04.20965	Oraş Târgu Ocna
RO.43.179347	Comuna Glina
RO.17.69900	Municipiul Craiova
RO.17.70316	Municipiul Băilești
RO.17.70352	Municipiul Calafat
RO.20.83561	Municipiul Gheorgheni
RO.20.83320	Municipiul Miercurea Ciuc
RO.17.74907	Comuna Ghidici
RO.17.74891	Comuna Galiciuica
RO.17.74859	Comuna Cârcea
RO.16.65921	Oraş Pucioasa
RO.16.65841	Municipiul Moreni
RO.16.65681	Oraş Gãeşti
RO.16.65342	Municipiul Târgovişte
RO.41.94562	Comuna Ştefan Cel Mare
RO.42.104975	Comuna Schitu
RO.19.81497	Comuna Roşia De Amaradia
RO.30.131069	Oraş Boldeşti-Scãeni
RO.21.87059	Municipiul  Lupeni
RO.34.148131	Comuna Dorna-Arini
RO.08.44355	Comuna Unirea
RO.09.42498	Comuna Augustin
RO.19.78873	Comuna Bengeşti-Ciocadia
RO.36.158314	Oraş Recaş
RO.35.154932	Comuna Vârtoape
RO.31.141376	Comuna Hereclean
RO.33.143450	Municipiul Sibiu
RO.07.38063	Comuna Mihai Eminescu
RO.21.89954	Comuna Lãpugiu De Jos
RO.05.26920	Oraş Nucet
RO.05.26840	Oraş Ştei
RO.04.23449	Comuna Mãnãstirea Caşin
RO.04.23350	Comuna Luizi-Cãlugãra
RO.33.144928	Oraş Miercurea Sibiului
RO.05.26653	Comuna Sântandrei
RO.05.26564	Municipiul Oradea
RO.27.119661	Comuna Suplac
RO.25.179613	Comuna Şieu
RO.09.40465	Oraş Victoria
RO.33.143619	Municipiul Mediaş
RO.41.105455	Comuna Tãmãdãu Mare
RO.26.112600	Comuna Livezile
RO.41.105712	Comuna Valea Argovei
RO.14.60419	Municipiul Constanţa
RO.35.151683	Municipiul Turnu Magurele
RO.26.112744	Comuna Obârşia De Câmp
RO.37.160564	Comuna Izvoarele
RO.05.31510	Comuna Şuncuiuş
RO.18.75098	Municipiul Galaţi
RO.05.31422	Comuna Şoimi
RO.14.60455	Oraş Eforie
RO.14.62360	Oraş Murfatlar
RO.14.60534	Oraş Techirghiol
RO.05.31878	Comuna Ţeţchea
RO.42.105623	Comuna Ulmi
RO.04.26346	Comuna Gioseni
RO.05.29519	Comuna Hidişelu De Sus
RO.05.27212	Comuna Auşeu
RO.20.85582	Comuna Secuieni
RO.36.155494	Oraş Jimbolia
RO.35.152127	Comuna Bogdana
RO.28.122613	Comuna Fãurei
RO.16.67737	Comuna I. L. Caragiale
RO.04.22781	Comuna Gârleni
RO.05.29902	Comuna Lugaşu De Jos
RO.09.40394	Oraş Rupea
RO.05.26804	Municipiul Beiuş
RO.20.86461	Comuna Ciceu
RO.26.112904	Comuna Dubova
RO.09.40278	Municipiul Fãgãraş
RO.13.58918	Comuna Petreştii De Jos
RO.12.53700	Comuna Eftimie Murgu
RO.13.55008	Municipiul Dej
RO.12.51118	Oraş Oraviţa
RO.30.131577	Oraş Slãnic
RO.04.22237	Comuna Dealu Morii
RO.06.32394	Municipiul Bistriţa
RO.18.75203	Municipiul Tecuci
RO.30.130981	Oraş Bãicoi
RO.19.78016	Comuna Drãguţeşti
RO.19.79406	Comuna Bustuchin
RO.20.83428	Oraş Bãile Tuşnad
RO.19.82895	Oraş Rovinari
RO.08.42682	Municipiul Brãila
RO.09.40241	Municipiul  Codlea
RO.35.152412	Comuna Cãlmãţuiu
RO.23.98168	Comuna Mogoşeşti-Siret
RO.43.102543	Comuna 1 Decembrie
RO.42.100521	Municipiul Giurgiu
RO.21.87291	Municipiul Brad
RO.28.120726	Municipiul Piatra-Neamţ
RO.22.92836	Oraş Amara
RO.21.90431	Comuna Pestişu Mic
RO.21.87665	Oraş Simeria
RO.21.87638	Municipiul Orãştie
RO.04.25932	Comuna Ungureni
RO.09.40438	Municipiul Sãcele
RO.20.83133	Municipiul Odorheiu Secuiesc
RO.04.23289	Comuna Livezi
RO.18.75356	Comuna Bereşti-Meria
RO.30.131540	Oraş Sinaia
RO.21.86687	Municipiul Deva
RO.34.151157	Comuna Vultureşti
RO.29.126674	Comuna Dobreţu
RO.07.36006	Municipiul Dorohoi
RO.12.51010	Municipiul Caransebeş
RO.23.96664	Comuna Cucuteni
RO.22.180064	Comuna Bărbuleşti
RO.22.93600	Comuna Gheorghe Doja
RO.14.60776	Oraş Cernavodã
RO.36.159491	Comuna Livezile
RO.41.94731	Comuna Vâlcelele
RO.30.131210	Oraş Buşteni
RO.25.109425	Comuna Vima Micã
RO.26.109773	Municipiul Drobeta-Turnu Severin
RO.43.104421	Comuna Nuci
RO.14.60847	Municipiul Medgidia
RO.32.138431	Comuna Pãuleşti
RO.30.131461	Comuna Dumbrãveşti
RO.34.146584	Oraş Gura Humorului
RO.37.159767	Oraş Sulina
RO.27.116126	Comuna Chiheru De Jos
RO.27.114925	Municipiul Târnãveni
RO.27.114319	Târgu Mureș
RO.25.106684	Oraş Baia Sprie
RO.13.56568	Comuna Cãpuşu Mare
RO.29.127901	Comuna Optaşi-Mãgura
RO.14.63152	Comuna Lumina
RO.35.154415	Comuna Stejaru
RO.23.95612	Comuna Alexandru I. Cuza
RO.08.43117	Comuna Frecãţei
RO.28.120860	Municipiul Roman
RO.28.121055	Oraş Târgu Neamţ
RO.27.120218	Comuna Viişoara
RO.28.121108	Comuna Agapia
RO.29.125542	Oraş Corabia
RO.28.122864	Comuna Grinţieş
RO.36.159259	Comuna Victor Vlad Delamarina
RO.23.100353	Comuna Valea Lupului
RO.12.50889	Oraş Anina
RO.20.83491	Oraş Borsec
RO.25.106979	Oraş Vişeu De Sus
RO.32.180091	Comuna Racşa
RO.32.136483	Municipiul Satu Mare
RO.32.137229	Comuna Cãlineşti-Oaş
RO.31.139704	Municipiul Zalãu
RO.32.138921	Comuna Supur
RO.32.179873	Comuna Agriş
RO.40.178545	Comuna Vizantea-Livezi
RO.13.58794	Comuna Pãlatca
RO.32.139009	Comuna Tarna Mare
RO.33.143646	Comuna Târnava
RO.34.146708	Oraş Solca
RO.33.145499	Oraş Sãlişte
RO.33.146021	Comuna Boiţa
RO.21.91795	Comuna Vaţa De Jos
RO.11.48682	Comuna Podgoria
RO.07.35759	Comuna Curteşti
RO.06.34173	Comuna Petru Rareş
RO.06.32544	Oraş Nãsãud
RO.35.153151	Comuna Lunca
RO.17.74536	Comuna Unirea
RO.34.149584	Comuna Muşeniţa
RO.34.149101	Comuna Horodnic De Jos
RO.35.152797	Comuna Drãcşenei
RO.34.151479	Comuna Horodnic De Sus
RO.30.130954	Oraş Azuga
RO.26.112334	Comuna Iloviţa
RO.15.63394	Municipiul Sfântu Gheorghe
RO.32.137899	Comuna Homoroade
RO.15.65121	Comuna Bixad
RO.36.155243	Municipiul Timişoara
RO.35.153339	Comuna Mârzãneşti
RO.34.147786	Comuna Cornu Luncii
RO.23.96003	Comuna Ungheni
RO.27.115236	Comuna Aţintiş
RO.39.174085	Comuna Valea Mare
RO.21.88920	Comuna Bulzeştii De Sus
RO.37.161525	Comuna I.C.Brãtianu
RO.38.161794	Municipiul Bârlad
RO.37.159650	Oraş Babadag
RO.36.158966	Comuna Topolovãţu Mare
RO.06.179944	Comuna Runcu Salvei
RO.11.46439	Comuna Colţi
RO.25.179855	Comuna Gârdani
RO.30.130534	Municipiul Ploieşti
RO.41.94125	Comuna Alexandru Odobescu
RO.19.82243	Comuna Stejari
RO.25.179846	Comuna Coltãu
RO.14.63286	Comuna Costineşti
RO.30.131256	Municipiul Câmpina
RO.35.151870	Municipiul Roșiorii de Vede
RO.38.166529	Comuna Tutova
RO.15.63526	Oraş Covasna
RO.34.150891	Comuna Valea Moldovei
RO.05.32153	Comuna Tãmãşeu
RO.06.179720	Comuna Poiana  Ilvei
RO.26.112548	Comuna Jiana
RO.39.172377	Comuna Popeşti
RO.41.100610	Municipiul Olteniţa
RO.33.145934	Comuna Turnu Roşu
RO.19.80285	Comuna Fãrcãşeşti
RO.36.158859	Comuna Teremia Mare
RO.27.114809	Municipiul Reghin
RO.34.151521	Comuna Burla
RO.11.45389	Comuna Bozioru
RO.04.23868	Comuna Onceşti
RO.07.38893	Comuna Santa Mare
RO.19.77812	Municipiul Târgu Jiu
RO.12.50969	Oraş Bocşa
RO.23.95060	Municipiul Iaşi
RO.35.151790	Municipiul Alexandria
RO.38.161945	Municipiul Vaslui
RO.28.125105	Comuna Ruginoasa
RO.21.87175	Municipiul Vulcan
RO.26.110116	Oraş Strehaia
RO.42.103087	Comuna Gãiseni
RO.15.63740	Municipiul Târgu Secuiesc
RO.41.92961	Comuna Borcea
RO.38.166636	Comuna Vãleni
RO.20.85626	Comuna Siculeni
RO.37.160779	Comuna Maliuc
RO.22.100683	Municipiul Urziceni
RO.27.116395	Comuna Cucerdea
RO.43.102035	Comuna Clinceni
RO.04.26118	Comuna Vultureni
RO.40.176212	Comuna Garoafa
RO.30.131620	Oraş Urlaţi
RO.21.90119	Comuna Lunca Cernii De Jos
RO.29.125418	Oraş Balş
RO.35.154754	Comuna Trivalea-Moşteni
RO.34.150766	Comuna Vadu Moldovei
RO.40.177986	Comuna Tãtãranu
RO.33.143806	Oraş Dumbrãveni
RO.43.104243	Comuna Moara Vlãsiei
RO.06.33541	Comuna Livezile
RO.37.159614	Municipiul Tulcea
RO.37.159687	Oraş Isaccea
RO.27.114854	Oraș Sovata
RO.30.135164	Comuna Scorţeni
RO.26.111587	Comuna Dumbrava
RO.12.50923	Oraş Bãile Herculane
RO.18.77601	Comuna Suhurlui
RO.32.179677	Comuna Cãmin
RO.42.104831	Comuna Roata De Jos
RO.29.125757	Comuna Bãrãşti
RO.07.37672	Comuna Hilişeu-Horia
RO.12.53425	Comuna Pãltiniş
RO.13.59693	Comuna Tritenii De Jos
RO.36.157834	Comuna Moşniţa Nouã
RO.21.87576	Oraş Haţeg
RO.36.155458	Oraş Deta
RO.11.49643	Comuna Tisãu
RO.30.131817	Oraş Vãlenii De Munte
RO.21.87077	Oraş Petrila
RO.43.102605	Comuna Dragomireşti-Vale
RO.22.94492	Comuna Stelnica
RO.27.117925	Comuna Livezeni
RO.41.93888	Oraş Lehliu Garã
RO.29.130348	Comuna Ipotesti
RO.13.55106	Comuna Jichişu De Jos
RO.43.104546	Comuna Periş
RO.12.52954	Comuna Goruia
RO.30.136250	Comuna Olari
RO.13.55384	Municipiul Gherla
RO.14.63198	Comuna Amzacea
RO.23.95499	Comuna Ion Neculce
RO.21.91116	Comuna Sãlaşu De Sus
RO.39.173793	Comuna Şuşani
RO.30.131407	Oraş Mizil
RO.34.146539	Municipiul Fãlticeni
RO.21.86990	Municipiul Petroşani
RO.19.79004	Comuna Bâlteni
RO.38.167259	Comuna Pogoneşti
RO.31.141081	Comuna Fildu De Jos
RO.39.168791	Comuna Budeşti
RO.34.146263	Municipiul Suceava
RO.23.100362	Comuna Ciohorãni
RO.18.77475	Comuna Valea Mãrului
RO.36.155350	Municipiul Lugoj
RO.23.100004	Comuna Victoria
RO.33.143735	Oraş Cisnãdie
RO.14.60801	Oraş Hârşova
RO.20.83464	Oraş Bãlan
RO.38.166869	Comuna Voineşti
RO.12.51056	Oraş Moldova Nouã
RO.35.152270	Comuna Bujoreni
RO.29.127171	Comuna Grãdinari
RO.31.179631	Comuna Treznea
RO.12.50790	Municipiul Reşiţa
RO.39.167909	Oraş Cãlimãneşti
RO.23.96370	Comuna Comarna
RO.37.161561	Comuna Valea Teilor
RO.12.51387	Comuna Berlişte
RO.20.83525	Oraş Cristuru Secuiesc
RO.34.146502	Municipiul Câmpulung Moldovenesc
RO.28.120922	Comuna Horia
RO.39.168602	Oraş Berbeşti
RO.39.167696	Oraş Bãile Olãneşti
RO.39.167981	Municipiul Drãgãşani
RO.39.168130	Oraş Ocnele Mari
RO.39.169039	Comuna Cernişoara
RO.38.161829	Municipiul Huşi
RO.40.175019	Oraş Odobeşti
RO.39.169681	Comuna Fârtãţeşti
RO.40.175055	Oraş Panciu
RO.40.174922	Oraş Mãrãşeşti
RO.40.174744	Municipiul Focşani
RO.40.176748	Comuna Milcovul
RO.27.120370	Comuna Zau De Câmpie
RO.09.40367	Oraş Râşnov
RO.31.142952	Comuna Valcãu De Jos
RO.14.60482	Municipiul Mangalia
RO.35.151978	Oraş Zimnicea
RO.13.57948	Comuna Gârbãu
RO.22.92701	Municipiul Feteşti
RO.23.99539	Comuna Todireşti
RO.09.41701	Comuna Racoş
RO.38.166707	Comuna Viişoara
RO.30.131103	Oraş Breaza
RO.37.159730	Oraş Mãcin
RO.18.77288	Comuna Suceveni
RO.07.38633	Comuna Rãdãuţi-Prut
RO.20.83375	Comuna Pãuleni-Ciuc
RO.21.86810	Municipiul Hunedoara
RO.27.119590	Comuna Solovãstru
RO.13.54975	Municipiul Cluj-Napoca
RO.07.39658	Comuna Viişoara
RO.34.146744	Municipiul Vatra Dornei
RO.40.174860	Municipiul  Adjud
RO.04.25692	Comuna Tamaşi
RO.26.112245	Comuna Eşelniţa
RO.19.80365	Comuna Glogova
RO.25.106559	Municipiul Sighetu Marmaţiei
RO.23.97919	Comuna Miroslava
RO.11.48771	Comuna Poşta Câlnãu
RO.39.167641	Oraş Bãile Govora
RO.36.159384	Comuna Dudeştii Noi
RO.39.170872	Comuna Livezi
RO.36.159428	Comuna Iecea Mare
RO.21.86936	Comuna Teliucu Inferior
RO.33.143682	Oraş Agnita
RO.11.50022	Comuna Valea Râmnicului
RO.36.155528	Oraş Sânnicolau Mare
RO.35.152467	Comuna Cãlmãţuiu De Sus
RO.09.40303	Oraş Predeal
RO.34.146655	Oraş Siret
RO.27.115575	Comuna Bãgaciu
RO.27.114514	Municipiul Sighişoara
RO.36.155403	Oraş Buziaş
RO.39.167473	Municipiul Râmnicu Vâlcea
RO.25.106318	Municipiul Baia Mare
RO.29.126503	Comuna Cungrea
RO.30.136107	Comuna Valea Doftanei
RO.05.26975	Municipiul Salonta
RO.19.78141	Municipiul Motru
RO.28.124938	Alexandru Cel Bun
RO.28.123228	Comuna Moldoveni
RO.29.125472	Municipiul Caracal
RO.20.85289	Comuna Plãieşii De Jos
RO.13.58357	Comuna Mãguri-Rãcãtãu
RO.40.177263	Comuna Poiana Cristei
RO.14.63300	Comuna Cuza Voda
RO.20.83632	Municipiul Topliţa
RO.29.125347	Municipiul Slatina
RO.11.44845	Municipiul Râmnicu Sãrat
RO.19.79077	Comuna Bolboşi
RO.40.178947	Comuna Obrejiţa
RO.13.55357	Municipiul Câmpia Turzii
RO.25.179604	Comuna Poienile Izei
RO.27.115708	Comuna Beica De Jos
RO.23.95391	Municipiul Paşcani
RO.26.110063	Municipiul Orşova
RO.30.132379	Comuna Boldeşti-Gradiştea
RO.10.179132	Municipiul Bucureşti
RS.SE.14	Bor
RS.SE.11	Branicevo
RS.SE.23	Jablanica
RS.VO.6	South Bačka
RS.VO.4	South Banat
RS.SE.9	Kolubara
RS.SE.8	Mačva
RS.SE.17	Morava
RS.SE.20	Nišava
RS.SE.24	Pčinja
RS.SE.22	Pirot
RS.SE.10	Podunavlje District
RS.SE.13	Pomoravlje
RS.SE.19	Rasina
RS.SE.18	Raška
RS.VO.1	North Bačka
RS.VO.3	North Banat
RS.VO.2	Central Banat
RS.VO.7	Srem
RS.SE.12	Šumadija
RS.SE.21	Toplica
RS.SE.15	Zaječar
RS.VO.5	West Bačka
RS.SE.16	Zlatibor
RS.SE.0	Belgrade
RU.22.462156	Zol’skiy Rayon
RU.23.463825	Zelenogradskiy Gorodskoy Okrug
RU.42.470541	Vyborgskiy Rayon
RU.66.470542	Vyborgskiy Rayon
RU.42.471099	Vsevolozhskiy Rayon
RU.51.471173	Voznesenskiy Rayon
RU.51.471642	Voskresenskiy Rayon
RU.47.471643	Gorodskoy Okrug Voskresensk
RU.51.471793	Vorotynskiy Rayon
RU.48.471823	Severnyy Administrativnyy Okrug
RU.52.472321	Volotovskiy Rayon
RU.42.472350	Volosovskiy Rayon
RU.47.472430	Volokolamskiy Gorodskoy Okrug
RU.51.472482	Volodarskiy Rayon
RU.42.472711	Volkhovskiy rayon
RU.51.473902	Vetluzhskiy Rayon
RU.51.476980	Varnavinskiy Rayon
RU.51.477406	Vadskiy Rayon
RU.12.478580	Urus-Martanovskiy Rayon
RU.81.479105	Ulyanovskiy Rayon
RU.73.480620	Tukayevskiy Rayon
RU.38.480713	Tuapsinskiy Rayon
RU.17.480804	Tsumadinskiy Rayon
RU.34.485241	Syktyvdinskiy Rayon
RU.19.486197	Sunzhensky Rayon
RU.70.487592	Stepnovsky District
RU.48.490025	Yuzhnyy Administrativnyy Okrug
RU.51.490199	Sosnovskiy Rayon
RU.48.490968	Zapadnyy Administrativnyy Okrug
RU.47.495337	Gorodskoy Okrug Shchëlkovo
RU.12.495940	Shalinskiy Rayon
RU.10.496244	Sevskiy Rayon
RU.67.498661	Saratovskiy Rayon
RU.69.499436	Safonovskiy Rayon
RU.88.501161	Rostovskiy Rayon
RU.47.502966	Ramenskiy Gorodskoy Okrug
RU.21.505049	Privolzhskiy Rayon
RU.06.505262	Primorskiy Rayon
RU.47.508091	Podolsk Urban Okrug
RU.10.508648	Pochepskiy Rayon
RU.77.511588	Penovskiy Rayon
RU.51.512018	Pavlovskiy Rayon
RU.73.515836	Nurlatskiy Rayon
RU.47.516210	Odintsovskiy Gorodskoy Okrug
RU.12.516779	Nozhay-Yurtovskiy Rayon
RU.86.518742	Novokhopërskiy Rayon
RU.12.523209	Naurskiy Rayon
RU.47.523425	Naro-Fominskiy Gorodskoy Okrug
RU.13.523633	Nagaybakskiy Rayon
RU.12.523654	Nadterechnyy Rayon
RU.25.527866	Medynskiy Rayon
RU.45.528033	Medvedevskiy Rayon
RU.25.530848	Maloyaroslavetskiy Rayon
RU.48.532527	Yugo-Vostochnyy Administrativnyy Okrug
RU.51.533397	Lukoyanovskiy Rayon
RU.42.534332	Petrodvortsovyy Rayon
RU.47.536086	Leninskiy Gorodskoy Okrug
RU.57.537733	Kuznetskiy Rayon
RU.73.538050	Spasskiy Rayon
RU.51.540102	Kstovskiy Rayon
RU.38.540263	Krylovskiy Rayon
RU.66.542231	Krasnosel’skiy Rayon
RU.83.543454	Kovrovskiy Rayon
RU.51.543493	Koverninskiy Rayon
RU.37.543869	Kostromskoy Rayon
RU.41.544901	Korenevskiy Rayon
RU.66.548375	Kirovskiy Rayon
RU.42.548376	Kirovskiy Rayon
RU.33.548394	Kirovo-Chepetskiy Rayon
RU.85.548455	Kirillovskiy Rayon
RU.17.549104	Khunzakhskiy Rayon
RU.47.550279	Khimki Urban Okrug
RU.17.550476	Khasavyurtovskiy Rayon
RU.86.553410	Kamenskiy Rayon
RU.66.554181	Kalininskiy Rayon
RU.17.557977	Gunibskiy Rayon
RU.17.558024	Gumbetovskiy Rayon
RU.12.558115	Gudermesskiy Rayon
RU.51.559667	Gorodetskiy Rayon
RU.01.561514	Giaginskiy Rayon
RU.88.561761	Gavrilov-Yamskiy Rayon
RU.42.561883	Gatchinskiy Rayon
RU.51.562208	Gaginskiy Rayon
RU.48.562221	Yugo-Zapadnyy Administrativnyy Okrug
RU.66.562330	Frunzenskiy Rayon
RU.25.563697	Dzerzhinskiy Rayon
RU.08.563718	Dyurtyulinskiy Rayon
RU.10.563821	Dyat’kovskiy Rayon
RU.84.564599	Dubovskiy Rayon
RU.47.565379	Gorodskoy Okrug Domodedovo
RU.90.565775	Dobryanskiy Gorodskoy Okrug
RU.51.567266	Dal’nekonstantinovskiy Rayon
RU.47.569587	Gorodskoy Okrug Chekhov
RU.22.569634	Chegemskiy Rayon
RU.16.569698	Cheboksarskiy Rayon
RU.51.570560	Buturlinskiy Rayon
RU.10.571467	Bryanskiy Rayon
RU.17.571887	Botlikhskiy Rayon
RU.42.575409	Boksitogorskiy Rayon
RU.51.575549	Bogorodskiy Rayon
RU.86.575878	Bobrovskiy Rayon
RU.09.578070	Belgorodskiy Rayon
RU.73.578639	Bavlinskiy Rayon
RU.73.579382	Baltasinskiy Rayon
RU.47.579462	Balashikha Urban Okrug
RU.51.579510	Balakhninskiy Rayon
RU.48.579866	Severo-Vostochnyy Administrativnyy Okrug
RU.73.580061	Aznakayevskiy Rayon
RU.51.580722	Arzamasskiy Rayon
RU.73.580846	Arskiy Rayon
RU.51.581181	Ardatovskiy Rayon
RU.46.581182	Ardatovskiy Rayon
RU.73.581358	Apastovsky District
RU.73.582785	Alekseyevskiy Rayon
RU.73.583576	Aktanyshskiy Rayon
RU.73.583581	Aksubayevskiy Rayon
RU.07.583796	Akhtubinskiy Rayon
RU.01.824962	Takhtamukayskiy Rayon
RU.07.824964	Gorodskoy Okrug Astrakhan’
RU.13.825030	Magnitogorskiy Gorodskoy Okrug
RU.21.825094	Gorodskoy Okrug Ivanovo
RU.22.825097	El’brusskiy Rayon
RU.22.825098	Nalchik Urban Okrug
RU.23.825115	Svetlogorskiy Gorodskoy Okrug
RU.23.825118	Kaliningradskiy Gorodskoy Okrug
RU.17.830805	Bezhtinskiy Uchastok
RU.17.830812	Gorod Kaspiysk
RU.17.830816	Gorodskoy Okrug Yuzhno-Sukhokumsk
RU.73.862913	Gorodskoy Okrug Kazan’
RU.73.862914	Atninskiy Rayon
RU.73.862915	Kaybitsky District
RU.04.1484980	Zonal’nyy Rayon
RU.13.1487907	Uyskiy Rayon
RU.03.1488166	Ust’-Koksinskiy Rayon
RU.75.1489419	Tomskiy Rayon
RU.04.1492151	Shipunovskiy Rayon
RU.40.1495014	Petukhovskiy Rayon
RU.53.1496742	Novosibirskiy Rayon
RU.53.1498386	Moshkovskiy Rayon
RU.03.1499159	Mayminskiy Rayon
RU.13.1504250	Kaslinskiy Rayon
RU.20.1507634	Chunskiy Rayon
RU.13.1508346	Chebarkul’skiy Rayon
RU.03.1535927	Chemal’skiy Rayon
RU.04.1535931	Barnaul Urban Okrug
RU.13.1535932	Chelyabinskiy Gorodskoy Okrug
RU.13.1535934	Yemanzhelinskiy rayon
RU.13.1535937	Korkinskij rayon
RU.63.2012529	Zhigansky District
RU.63.2013462	Verkhoyansky District
RU.63.2013638	Verkhnevilyuysky District
RU.63.2013847	Ust’-Yanskiy Rayon
RU.63.2015174	Tomponskiy District
RU.59.2015351	Terneyskiy Rayon
RU.59.2018541	Olginsky District
RU.63.2018564	Olenyoksky District
RU.63.2018569	Olyokminsky District
RU.63.2020847	Nyurbinsky District
RU.30.2022887	Khabarovskiy Rayon
RU.93.2023095	Karymskiy Rayon
RU.20.2023464	Irkutskiy Rayon
RU.63.2025971	Bulunskiy Ulus
RU.63.2027729	Anabarskiy Natsional’nyy Ulus
RU.63.2027964	Aldansky District
RU.93.2028094	Aginskiy Buryatskiy Okrug
RU.11.2050912	Ivolginskiy Rayon
RU.64.2119443	Yuzhno-Kurilsky District
RU.63.2119872	Verkhnekolymsky District
RU.92.2120062	Ust’-Bol’sheretskiy Rayon
RU.63.2121024	Srednekolymsky District
RU.63.2122308	Oymyakonskiy District
RU.63.2123220	Momsky District
RU.15.2126681	Bilibinskiy Rayon
RU.63.2127365	Abyysky District
RU.15.4031694	Iul’tinskiy Rayon
RU.42.6695196	Priozersky
RU.38.6695246	Sochi City
RU.48.8520891	Eastern Administrative Okrug
RU.48.8520892	Novomoskovsky Administrative Okrug
RU.48.8520893	Troitsky Administrative Okrug
RU.66.8521318	Admiralteysky Rayon
RU.66.8521320	Kronshtadtskiy Rayon
RU.66.8521321	Kurortnyy Rayon
RU.66.8521323	Pushkinskiy Rayon
RU.47.8521441	Korolyov
RU.63.8617188	Yakutsk
RU.63.8617246	Eveno-Bytantaysky National District
RU.63.8617247	Vilyuysky District
RU.25.11205600	Iznoskovskiy rayon
RU.01.11205694	Maykop Republican Urban Okrug
RU.01.11205695	Adygeysk Republican Urban Okrug
RU.03.11205727	Gorno-Altaysk Urban Okrug
RU.12.11497624	Kurchaloyevskiy rayon
RU.12.11497700	Grozny Urban Okrug
RU.20.11749372	Bratsk Urban Okrug
RU.51.12041467	Dzerzhinsk Urban Okrug
RU.51.12041480	Bor Urban Okrug
RU.51.12041481	Nizhny Novgorod Urban Okrug
RU.12.12624856	Sernovodsky District
RU.49.12625468	Vidyayevo
RW.11.52	Nyagatare District
RW.11.54	Kayonza District
RW.11.51	Rwamagana District
RW.11.57	Bugesera District
RW.11.56	Ngoma District
RW.13.45	Gicumbi District
RW.13.41	Rulindo District
RW.13.43	Musanze District
RW.12.12	Gasabo District
RW.12.11	Nyarugenge District
RW.14.34	Nyabihu District
RW.14.35	Ngororero District
RW.14.31	Karongi District
RW.14.37	Nyamasheke District
RW.14.36	Rusizi District
RW.15.27	Muhanga District
RW.15.28	Kamonyi District
RW.15.26	Ruhango District
RW.15.21	Nyanza District
RW.15.25	Nyamagabe District
RW.15.24	Huye District
SA.11.10972262	An Nimas
SA.11.10972263	Sabt Al Alayah
SA.11.10972269	Tathlīth
SA.02.10972271	Al ‘Aqīq
SA.20.10972289	Al Qurayyāt
SA.08.10972308	Governorate of Unaizah
SA.10.10972320	Ar Riyāḑ
SA.16.10972374	Khubāsh
SA.16.10972375	Najrān
SA.16.10972376	Sharūrah
SA.17.13191966	Harub
SB.11.0215	Munda
SB.11.0225	Noro
SB.14.1002	Mbumburu
SB.14.1003	Rove - Lengakiki
SB.14.1009	Kukum
SB.12.0107	Batava
SB.06.0620	Malango
SB.14.1005	Vavaea
SB.14.1006	Vuhokesa
SB.06.0601	Tandai
SB.14.1007	Mataniko
SB.14.1008	Kola'A
SB.14.1011	Vura
SB.08.0810	Bauro Central
SB.14.1012	Panatina
SB.11.0211	Gizo
SB.07.0305	Buala
SB.03.0701	Auki
SB.09.0908	Luva Station
SB.10.0404	Tulagi
SD.41.8051148	Kosti
SD.56.11239073	Bara
SE.23.2480	Umeå Kommun
SE.23.2482	Skellefteå Kommun
SE.23.2409	Robertsfors Kommun
SE.14.2581	Piteå Kommun
SE.14.2521	Pajala Kommun
SE.14.2518	Övertorneå Kommun
SE.14.2513	Överkalix Kommun
SE.14.2580	Luleå kommun
SE.14.2514	Kalix Kommun
SE.14.2583	Haparanda Kommun
SE.14.2523	Gällivare kommun
SE.14.2582	Bodens Kommun
SE.14.2560	Älvsbyns Kommun
SE.27.1286	Ystads Kommun
SE.16.0512	Ydre Kommun
SE.18.0428	Vingåkers Kommun
SE.23.2404	Vindelns Kommun
SE.09.0884	Vimmerby Kommun
SE.23.2462	Vilhelmina Kommun
SE.08.0685	Vetlanda kommun
SE.27.1233	Vellinge Kommun
SE.12.0780	Växjö Kommun
SE.26.0187	Vaxholms Kommun
SE.09.0883	Västerviks Kommun
SE.25.1980	Västerås
SE.08.0683	Värnamo Kommun
SE.26.0120	Värmdö Kommun
SE.28.1442	Vårgårda Kommun
SE.06.1383	Varbergs Kommun
SE.28.1470	Vara Kommun
SE.10.2021	Vansbro Kommun
SE.23.2460	Vännäs Kommun
SE.28.1487	Vänersborgs Kommun
SE.26.0115	Vallentuna Kommun
SE.16.0563	Valdemarsviks Kommun
SE.08.0665	Vaggeryds Kommun
SE.16.0584	Vadstena Kommun
SE.12.0760	Uppvidinge Kommun
SE.21.0380	Uppsala Kommun
SE.26.0114	Upplands Väsby kommun
SE.26.0139	Upplands-Bro Kommun
SE.28.1491	Ulricehamns Kommun
SE.28.1485	Uddevalla Kommun
SE.26.0138	Tyresö Kommun
SE.28.1488	Trollhättan
SE.27.1287	Trelleborgs Kommun
SE.28.1452	Tranemo Kommun
SE.08.0687	Tranås Kommun
SE.22.1737	Torsby Kommun
SE.09.0834	Torsås Kommun
SE.28.1473	Töreboda Kommun
SE.27.1270	Tomelilla Kommun
SE.28.1419	Tjörns Kommun
SE.12.0763	Tingsryds Kommun
SE.24.2262	Timrå Kommun
SE.21.0360	Tierps kommun
SE.28.1498	Tidaholms kommun
SE.28.1472	Tibro Kommun
SE.28.1435	Tanums Kommun
SE.26.0160	Täby Kommun
SE.28.1465	Svenljunga Kommun
SE.27.1263	Svedala Kommun
SE.27.1214	Svalövs Kommun
SE.25.1907	Surahammars Kommun
SE.22.1766	Sunne Kommun
SE.24.2281	Sundsvalls Kommun
SE.26.0183	Sundbybergs Kommun
SE.07.2313	Strömsunds kommun
SE.28.1486	Strömstads Kommun
SE.18.0486	Strängnäs Kommun
SE.23.2421	Storumans kommun
SE.22.1760	Storfors Kommun
SE.26.0180	Stockholms Kommun
SE.28.1415	Stenungsunds Kommun
SE.27.1230	Staffanstorps Kommun
SE.28.1427	Sotenäs Kommun
SE.23.2422	Sorsele kommun
SE.02.1083	Sölvesborgs kommun
SE.26.0184	Solna Kommun
SE.26.0163	Sollentuna Kommun
SE.24.2283	Sollefteå Kommun
SE.26.0181	Södertälje Kommun
SE.16.0582	Söderköpings Kommun
SE.03.2182	Söderhamns Kommun
SE.10.2061	Smedjebackens Kommun
SE.27.1264	Skurups Kommun
SE.28.1496	Skövde Kommun
SE.25.1904	Skinnskattebergs Kommun
SE.28.1495	Skara Kommun
SE.27.1265	Sjöbo Kommun
SE.27.1291	Simrishamns kommun
SE.26.0191	Sigtuna Kommun
SE.08.0684	Sävsjö Kommun
SE.10.2082	Säters Kommun
SE.03.2181	Sandvikens Kommun
SE.26.0128	Salems Kommun
SE.25.1981	Sala kommun
SE.22.1785	Säffle Kommun
SE.02.1081	Ronneby Kommun
SE.10.2031	Rättviks Kommun
SE.07.2303	Ragunda Kommun
SE.27.1275	Perstorps Kommun
SE.28.1402	Partille Kommun
SE.18.0481	Oxelösunds Kommun
SE.03.2121	Ovanåkers Kommun
SE.27.1256	Östra Göinge Kommun
SE.21.0382	Östhammars Kommun
SE.07.2380	Östersunds Kommun
SE.26.0117	Österåkers Kommun
SE.09.0882	Oskarshamns Kommun
SE.27.1273	Osby kommun
SE.28.1421	Orust
SE.10.2034	Orsa Kommun
SE.24.2284	Örnsköldsviks Kommun
SE.27.1257	Örkelljunga Kommun
SE.15.1880	Örebro Kommun
SE.02.1060	Olofströms Kommun
SE.16.0509	Ödeshögs Kommun
SE.28.1407	Öckerö Kommun
SE.03.2101	Ockelbo Kommun
SE.26.0192	Nynäshamns kommun
SE.18.0480	Nyköpings Kommun
SE.09.0881	Nybro Kommun
SE.23.2417	Norsjö Kommun
SE.26.0188	Norrtälje Kommun
SE.16.0581	Norrköpings Kommun
SE.23.2401	Nordmalings Kommun
SE.03.2132	Nordanstigs kommun
SE.25.1962	Norbergs Kommun
SE.15.1884	Nora Kommun
SE.08.0682	Nässjö Kommun
SE.26.0182	Nacka Kommun
SE.22.1762	Munkfors Kommun
SE.28.1430	Munkedals Kommun
SE.08.0642	Mullsjö kommun
SE.16.0583	Motala Kommun
SE.09.0840	Mörbylånga Kommun
SE.10.2062	Mora Kommun
SE.09.0861	Mönsterås Kommun
SE.28.1481	Mölndals kommun
SE.16.0586	Mjölby Kommun
SE.28.1461	Melleruds Kommun
SE.28.1463	Marks Kommun
SE.12.0767	Markaryds Kommun
SE.28.1493	Mariestads Kommun
SE.10.2023	Malung-Sälens kommun
SE.27.1280	Malmö
SE.23.2418	Malå Kommun
SE.28.1484	Lysekils Kommun
SE.23.2481	Lycksele kommun
SE.27.1281	Lunds Kommun
SE.10.2085	Ludvika Kommun
SE.27.1262	Lomma Kommun
SE.15.1864	Ljusnarsbergs Kommun
SE.03.2161	Ljusdals Kommun
SE.12.0781	Ljungby Kommun
SE.16.0580	Linköpings Kommun
SE.15.1885	Lindesbergs Kommun
SE.28.1462	Lilla Edets Kommun
SE.28.1494	Lidköpings Kommun
SE.26.0186	Lidingö
SE.12.0761	Lessebo Kommun
SE.28.1441	Lerums Kommun
SE.10.2029	Leksands kommun
SE.15.1860	Laxå Kommun
SE.27.1282	Landskrona
SE.06.1381	Laholms Kommun
SE.25.1960	Kungsörs kommun
SE.06.1384	Kungsbacka Kommun
SE.28.1482	Kungälvs Kommun
SE.15.1881	Kumla Kommun
SE.07.2309	Krokoms Kommun
SE.22.1781	Kristinehamns Kommun
SE.27.1290	Kristianstads kommun
SE.24.2282	Kramfors Kommun
SE.25.1983	Köpings Kommun
SE.27.1276	Klippans Kommun
SE.14.2584	Kiruna Kommun
SE.16.0513	Kinda Kommun
SE.22.1715	Kils Kommun
SE.27.1261	Kävlinge Kommun
SE.18.0483	Katrineholms Kommun
SE.22.1780	Karlstads Kommun
SE.02.1080	Karlskrona Kommun
SE.15.1883	Karlskoga Kommun
SE.02.1082	Karlshamns kommun
SE.28.1446	Karlsborgs Kommun
SE.09.0880	Kalmar Kommun
SE.08.0680	Jönköpings Kommun
SE.14.2510	Jokkmokks Kommun
SE.26.0123	Järfälla kommun
SE.06.1315	Hylte Kommun
SE.09.0860	Hultsfreds Kommun
SE.03.2184	Hudiksvalls Kommun
SE.26.0126	Huddinge Kommun
SE.27.1266	Hörby Kommun
SE.27.1267	Höörs Kommun
SE.09.0821	Högsby Kommun
SE.27.1284	Höganäs Kommun
SE.03.2104	Hofors Kommun
SE.28.1497	Hjo Kommun
SE.28.1466	Herrljunga Kommun
SE.27.1283	Helsingborg
SE.10.2083	Hedemora Kommun
SE.21.0331	Heby kommun
SE.27.1293	Hässleholms Kommun
SE.28.1401	Härryda Kommun
SE.24.2280	Härnösands Kommun
SE.07.2361	Härjedalens kommun
SE.26.0136	Haninge Kommun
SE.22.1761	Hammarö Kommun
SE.06.1380	Halmstads Kommun
SE.25.1961	Hallstahammars Kommun
SE.15.1861	Hallsbergs Kommun
SE.15.1863	Hällefors Kommun
SE.22.1783	Hagfors Kommun
SE.21.0305	Håbo kommun
SE.08.0643	Habo Kommun
SE.28.1447	Gullspångs Kommun
SE.22.1764	Grums Kommun
SE.28.1444	Grästorps Kommun
SE.05.0980	Gotland
SE.28.1471	Götene Kommun
SE.28.1480	Göteborgs stad
SE.08.0617	Gnosjö Kommun
SE.08.0662	Gislaveds Kommun
SE.03.2180	Gävle Kommun
SE.10.2026	Gagnefs Kommun
SE.22.1763	Forshaga Kommun
SE.18.0482	Flens Kommun
SE.16.0562	Finspångs Kommun
SE.22.1782	Filipstads Kommun
SE.28.1439	Färgelanda Kommun
SE.10.2080	Falu kommun
SE.28.1499	Falköpings Kommun
SE.06.1382	Falkenbergs Kommun
SE.25.1982	Fagersta Kommun
SE.28.1445	Essunga Kommun
SE.27.1285	Eslövs Kommun
SE.18.0484	Eskilstuna Kommun
SE.21.0381	Enköpings Kommun
SE.09.0862	Emmaboda Kommun
SE.08.0686	Eksjö Kommun
SE.26.0125	Ekerö Kommun
SE.22.1730	Eda kommun
SE.23.2425	Dorotea Kommun
SE.15.1862	Degerfors Kommun
SE.26.0162	Danderyds Kommun
SE.28.1438	Dals-Ed Kommun
SE.27.1231	Burlövs Kommun
SE.27.1272	Bromölla Kommun
SE.07.2305	Bräcke Kommun
SE.16.0560	Boxholms Kommun
SE.26.0127	Botkyrka Kommun
SE.10.2081	Borlänge Kommun
SE.09.0885	Borgholms Kommun
SE.28.1490	Borås
SE.03.2183	Bollnäs Kommun
SE.27.1260	Bjuvs Kommun
SE.23.2403	Bjurholms Kommun
SE.07.2326	Bergs Kommun
SE.28.1460	Bengtsfors Kommun
SE.27.1278	Båstads Kommun
SE.10.2084	Avesta Kommun
SE.16.0561	Åtvidabergs Kommun
SE.27.1277	Åstorps Kommun
SE.15.1882	Askersunds Kommun
SE.23.2463	Åsele Kommun
SE.22.1784	Arvika Kommun
SE.14.2505	Arvidsjaurs Kommun
SE.14.2506	Arjeplogs Kommun
SE.22.1765	Årjängs Kommun
SE.07.2321	Åre kommun
SE.25.1984	Arboga Kommun
SE.27.1292	Ängelholms Kommun
SE.24.2260	Ånge kommun
SE.08.0604	Aneby Kommun
SE.28.1492	Åmåls Kommun
SE.21.0319	Älvkarleby Kommun
SE.12.0764	Alvesta Kommun
SE.10.2039	Älvdalens kommun
SE.12.0765	Älmhults Kommun
SE.28.1489	Alingsås Kommun
SE.28.1440	Ale Kommun
SE.18.0461	Gnesta Kommun
SE.18.0488	Trosa Kommun
SE.21.0330	Knivsta kommun
SE.28.1443	Bollebygds Kommun
SE.15.1814	Lekebergs Kommun
SE.26.0140	Nykvarns Kommun
SI.09.3196350	Rudnik District
SJ.22.2211	Jan Mayen
SJ.21.2111	Spitsbergen
SK.05.713	Okres Vranov nad Topľou
SK.03.811	Okres Trebišov
SK.05.712	Okres Svidník
SK.05.710	Okres Stará Ĺubovňa
SK.03.810	Okres Spišská Nová Ves
SK.03.808	Okres Rožňava
SK.01.609	Okres Rimavská Sobota
SK.05.707	Okres Prešov
SK.05.706	Okres Poprad
SK.03.807	Okres Michalovce
SK.05.702	Okres Humenné
SK.05.701	Okres Bardejov
SK.01.611	Okres Zvolen
SK.08.511	Okres Žilina
SK.01.613	Okres Žiar nad Hronom
SK.01.610	Okres Veľký Krtíš
SK.07.207	Okres Trnava
SK.06.309	Okres Trenčín
SK.04.406	Okres Topoľčany
SK.07.206	Okres Skalica
SK.07.205	Okres Senica
SK.06.307	Okres Prievidza
SK.06.306	Okres Považská Bystrica
SK.04.404	Okres Nové Zámky
SK.06.304	Okres Nové Mesto nad Váhom
SK.04.403	Okres Nitra
SK.06.303	Okres Myjava
SK.08.506	Okres Martin
SK.01.606	Okres Lučenec
SK.08.505	Okres Liptovský Mikuláš
SK.04.402	Okres Levice
SK.04.401	Okres Komárno
SK.07.203	Okres Hlohovec
SK.07.202	Okres Galanta
SK.07.201	Okres Dunajská Streda
SK.08.503	Okres Dolný Kubín
SK.08.502	Okres Čadca
SK.01.603	Okres Brezno
SK.01.601	Okres Banská Bystrica
SK.08.507	Okres Namestovo
SK.01.602	Okres Banská Štiavnica
SK.06.301	Okres Bánovce nad Bebravou
SK.02.101	Okres Bratislava I
SK.08.501	Okres Bytča
SK.01.604	Okres Detva
SK.03.801	Okres Gelnica
SK.06.302	Okres Ilava
SK.05.703	Okres Kežmarok
SK.01.605	Okres Krupina
SK.08.504	Okres Kysucké Nové Mesto
SK.02.106	Okres Malacky
SK.05.705	Okres Medzilaborce
SK.06.305	Okres Partizánske
SK.02.107	Okres Pezinok
SK.07.204	Okres Piešťany
SK.01.607	Okres Poltár
SK.06.308	Okres Púchov
SK.01.608	Okres Revúca
SK.08.508	Okres Ružomberok
SK.05.708	Okres Sabinov
SK.02.108	Okres Senec
SK.05.709	Okres Snina
SK.03.809	Okres Sobrance
SK.05.711	Okres Stropkov
SK.04.405	Okres Šaľa
SK.08.509	Okres Turčianske Teplice
SK.08.510	Okres Tvrdošín
SK.04.407	Okres Zlaté Moravce
SK.01.612	Okres Žarnovica
SK.03.802	Košice I
SK.02.102	Okres Bratislava II
SK.02.103	Okres Bratislava III
SK.02.104	Okres Bratislava IV
SK.02.105	Okres Bratislava V
SK.03.806	Okres Kosice-okolie
SK.05.704	Okres Levoča
SL.02.2403287	Tonkolili District
SL.04.9179950	Western Area Rural
SN.01.7732977	Dakar Department
SN.01.7733009	Rufisque Department
SN.01.9180011	Guédiawaye Department
SN.18.10779434	Bounkiling
SO.05.9179626	Cabudwaaq
SO.03.9179653	Caluula
SO.06.9179660	Belet Xaawo
SO.10.9179661	Gaalkacyo
SO.04.9179677	Diinsoor
SO.07.9179678	Belet Weyne
SO.05.9179982	Adado
SR.13.12088702	Albina
SR.16.12088714	Blauwgrond
ST.02.8299560	Lemba District
ST.02.8299561	Lobata District
ST.02.11203894	Mé-Zóchi District
ST.02.11203920	Água Grande District
ST.02.11204213	Cantagalo District
ST.02.11994811	Caué District
SV.05.12916959	La Libertad Norte
SY.05.164916	Salkhad District
SY.09.167355	Manbij District
SY.12.167610	Maarrat al-Nu'man District
SY.09.169326	Mount Simeon District
SY.05.172409	As-Suwayda District
SY.11.173324	Al-Qusayr District
SY.10.8276860	Mhardeh District
SY.09.8276861	Al-Safira District
SY.04.8276864	Al-Thawrah District
SY.12.8537261	Ariha District
TD.13.243701	Harazé Mangueigne
TG.23.2367567	Bassar
TG.25.2597444	Danyi
TH.03.5706	Amphoe Pa Daet
TH.65.9203	Amphoe Yan Ta Khao
TH.03.5711	Amphoe Wiang Pa Pao
TH.52.7009	Amphoe Wat Phleng
TH.06.5207	Amphoe Wang Nuea
TH.07.5407	Amphoe Wang Chin
TH.51.7209	Amphoe U Thong
TH.08.6308	Amphoe Umphang
TH.64.8011	Amphoe Thung Yai
TH.67.9106	Amphoe Thung Wa
TH.64.8009	Amphoe Thung Song
TH.09.6409	Amphoe Thung Saliam
TH.50.7107	Amphoe Thong Pha Phum
TH.06.5208	Amphoe Thoen
TH.56.7605	Amphoe Tha Yang
TH.08.6305	Amphoe Tha Song Yang
TH.64.8008	Amphoe Tha Sala
TH.58.8602	Amphoe Tha Sae
TH.15.6102	Amphoe Thap Than
TH.57.7703	Amphoe Thap Sakae
TH.61.8207	Amphoe Thap Put
TH.50.7106	Amphoe Tha Muang
TH.50.7105	Amphoe Tha Maka
TH.62.8303	Amphoe Thalang
TH.61.8208	Amphoe Thai Mueang
TH.60.8411	Amphoe Tha Chang
TH.60.8407	Amphoe Tha Chana
TH.61.8204	Amphoe Takua Thung
TH.06.5211	Amphoe Sop Prap
TH.01.5806	Amphoe Sop Moei
TH.50.7104	Amphoe Si Sawat
TH.09.6405	Amphoe Si Satchanalai
TH.09.6406	Amphoe Si Samrong
TH.65.9207	Amphoe Wang Wiset
TH.58.8607	Amphoe Sawi
TH.09.6407	Amphoe Sawankhalok
TH.15.6103	Amphoe Sawang Arom
TH.02.5019	Amphoe Saraphi
TH.02.5014	Amphoe San Sai
TH.02.5012	Amphoe San Pa Tong
TH.02.5013	Amphoe San Kamphaeng
TH.50.7108	Amphoe Sangkhla Buri
TH.02.5008	Amphoe Samoeng
TH.08.6303	Amphoe Sam Ngao
TH.51.7208	Amphoe Sam Chuk
TH.50.7102	Amphoe Sai Yok
TH.64.8013	Amphoe Ron Phibun
TH.57.7706	Amphoe Pran Buri
TH.60.8417	Amphoe Phunphin
TH.60.8416	Amphoe Phrasaeng
TH.02.5011	Amphoe Phrao
TH.11.6206	Amphoe Phran Kratai
TH.52.7007	Amphoe Photharam
TH.41.5601	Amphoe Mueang Phayao
TH.58.8606	Amphoe Phato
TH.50.7109	Amphoe Phanom Thuan
TH.60.8410	Amphoe Phanom
TH.03.5705	Amphoe Phan
TH.58.8603	Amphoe Pathio
TH.05.5106	Amphoe Pa Sang
TH.65.9204	Amphoe Palian
TH.52.7008	Amphoe Pak Tho
TH.01.5803	Amphoe Pai
TH.02.5018	Amphoe Om Koi
TH.15.6105	Amphoe Nong Khayang
TH.15.6104	Amphoe Nong Chang
TH.06.5205	Amphoe Ngao
TH.65.9201	Amphoe Mueang Trang
TH.08.6301	Amphoe Mueang Tak
TH.60.8401	Amphoe Mueang Surat Thani
TH.09.6401	Amphoe Mueang Sukhothai
TH.52.7001	Amphoe Mueang Ratchaburi
TH.59.8501	Amphoe Mueang Ranong
TH.57.7701	Amphoe Mueang Prachuap Khiri Khan
TH.62.8301	Amphoe Mueang Phuket
TH.56.7601	Amphoe Mueang Phetchaburi
TH.61.8201	Amphoe Mueang Phangnga
TH.01.5801	Amphoe Mueang Mae Hong Son
TH.05.5101	Amphoe Mueang Lamphun
TH.06.5201	Amphoe Mueang Lampang
TH.63.8101	Amphoe Mueang Krabi
TH.50.7101	Amphoe Mueang Kanchanaburi
TH.11.6201	Amphoe Mueang Kamphaeng Phet
TH.58.8601	Amphoe Mueang Chumphon
TH.03.5701	Amphoe Mueang Chiang Rai
TH.02.5001	Amphoe Mueang Chiang Mai
TH.05.5102	Amphoe Mae Tha
TH.06.5210	Amphoe Mae Tha
TH.02.5006	Amphoe Mae Taeng
TH.03.5710	Amphoe Mae Suai
TH.08.6306	Amphoe Mae Sot
TH.01.5804	Amphoe Mae Sariang
TH.03.5709	Amphoe Mae Sai
TH.08.6304	Amphoe Mae Ramat
TH.06.5209	Amphoe Mae Phrik
TH.03.5707	Amphoe Mae Chan
TH.41.5607	Amphoe Mae Chai
TH.02.5003	Amphoe Mae Chaem
TH.02.5010	Amphoe Mae Ai
TH.07.5403	Amphoe Long
TH.05.5104	Amphoe Li
TH.59.8502	Amphoe La-un
TH.16.6011	Amphoe Lat Yao
TH.64.8003	Amphoe Lan Saka
TH.67.9105	Amphoe La-Ngu
TH.58.8604	Amphoe Lang Suan
TH.57.7702	Amphoe Kui Buri
TH.59.8504	Amphoe Kra Buri
TH.61.8202	Amphoe Ko Yao
TH.60.8404	Amphoe Ko Samui
TH.63.8103	Amphoe Ko Lanta
TH.06.5203	Amphoe Ko Kha
TH.01.5802	Amphoe Khun Yuam
TH.63.8104	Amphoe Khlong Thom
TH.11.6205	Amphoe Khlong Khlung
TH.60.8408	Amphoe Khiri Rat Nikhom
TH.09.6403	Amphoe Khiri Mat
TH.56.7602	Amphoe Khao Yoi
TH.11.6204	Amphoe Khanu Woralaksaburi
TH.62.8302	Amphoe Kathu
TH.61.8203	Amphoe Kapong
TH.59.8503	Amphoe Kapoe
TH.65.9202	Amphoe Kantang
TH.60.8402	Amphoe Kanchanadit
TH.65.9206	Amphoe Huai Yot
TH.57.7707	Amphoe Hua Hin
TH.02.5016	Amphoe Hot
TH.32.1806	Amphoe Hankha
TH.02.5015	Amphoe Hang Dong
TH.06.5212	Amphoe Hang Chat
TH.02.5009	Amphoe Fang
TH.02.5002	Amphoe Chom Thong
TH.52.7002	Amphoe Chom Bueng
TH.02.5004	Amphoe Chiang Dao
TH.64.8004	Amphoe Chawang
TH.60.8406	Amphoe Chaiya
TH.06.5206	Amphoe Chae Hom
TH.56.7604	Amphoe Cha-am
TH.50.7103	Amphoe Bo Phloi
TH.08.6302	Amphoe Ban Tak
TH.15.6106	Amphoe Ban Rai
TH.52.7005	Amphoe Ban Pong
TH.60.8412	Amphoe Ban Na San
TH.56.7606	Amphoe Ban Lat
TH.05.5103	Amphoe Ban Hong
TH.57.7704	Amphoe Bang Saphan
TH.52.7006	Amphoe Bang Phae
TH.54.7502	Amphoe Bang Khonthi
TH.09.6402	Amphoe Ban Dan Lan Hoi
TH.54.7503	Amphoe Amphawa
TH.04.5502	Amphoe Mae Charim
TH.31.9604	Amphoe Yi-ngo
TH.72.3501	Amphoe Mueang Yasothon
TH.69.9409	Amphoe Yaring
TH.69.9410	Amphoe Yarang
TH.23.4607	Amphoe Yang Talat
TH.70.9505	Amphoe Yaha
TH.35.1506	Amphoe Wiset Chaichan
TH.37.1904	Amphoe Wihan Daeng
TH.14.6705	Amphoe Wichian Buri
TH.80.2705	Amphoe Watthana Nakhon
TH.32.1803	Amphoe Wat Sing
TH.12.6507	Amphoe Wat Bot
TH.20.4706	Amphoe Waritchaphum
TH.75.3415	Amphoe Warin Chamrap
TH.24.4409	Amphoe Wapi Pathum
TH.20.4708	Amphoe Wanon Niwat
TH.12.6508	Amphoe Wang Thong
TH.18.4209	Amphoe Wang Saphung
TH.36.1411	Amphoe Wang Noi
TH.31.9608	Amphoe Waeng
TH.30.3310	Amphoe Uthumphon Phisai
TH.36.1414	Amphoe Uthai
TH.10.5302	Amphoe Tron
TH.75.3411	Amphoe Trakan Phuetphon
TH.04.5508	Amphoe Thung Chang
TH.40.1015	Thon buri
TH.03.5704	Amphoe Thoeng
TH.68.9005	Amphoe Thepha
TH.34.1605	Amphoe Tha Wung
TH.25.4505	Amphoe Thawatchaburi
TH.04.5506	Amphoe Tha Wang Pha
TH.73.4803	Amphoe Tha Uthen
TH.29.3203	Amphoe Tha Tum
TH.73.4805	Amphoe That Phanom
TH.16.6008	Amphoe Tha Tako
TH.36.1402	Amphoe Tha Ruea
TH.10.5303	Amphoe Tha Pla
TH.39.1303	Amphoe Thanyaburi
TH.48.2203	Amphoe Tha Mai
TH.18.4208	Amphoe Tha Li
TH.23.4611	Amphoe Tha Khantho
TH.33.1705	Amphoe Tha Chang
TH.17.4302	Amphoe Tha Bo
TH.80.2703	Amphoe Ta Phraya
TH.13.6604	Amphoe Taphan Hin
TH.40.1019	Taling Chan
TH.16.6007	Amphoe Takhli
TH.31.9602	Amphoe Tak Bai
TH.25.4511	Amphoe Suwannaphum
TH.27.3018	Amphoe Sung Noen
TH.07.5404	Amphoe Sung Men
TH.31.9611	Amphoe Su-ngai Padi
TH.31.9610	Amphoe Su-ngai Kolok
TH.51.7207	Amphoe Song Phi Nong
TH.07.5406	Amphoe Song
TH.23.4613	Amphoe Somdet
TH.73.4808	Amphoe Si Songkhram
TH.46.2007	Amphoe Si Racha
TH.51.7205	Amphoe Si Prachan
TH.74.2508	Amphoe Si Maha Phot
TH.29.3209	Amphoe Sikhoraphum
TH.27.3020	Amphoe Sikhio
TH.17.4307	Amphoe Si Chiang Mai
TH.79.3904	Amphoe Si Bun Rueang
TH.36.1412	Amphoe Sena
TH.25.4510	Amphoe Selaphum
TH.81.3804	Amphoe Seka
TH.20.4712	Amphoe Sawang Daen Din
TH.35.1505	Amphoe Sawaengha
TH.28.3111	Amphoe Satuek
TH.46.2009	Amphoe Sattahip
TH.68.9002	Amphoe Sathing Phra
TH.37.1910	Amphoe Sao Hai
TH.32.1804	Amphoe Sapphaya
TH.32.1805	Amphoe Sankhaburi
TH.17.4308	Amphoe Sangkhom
TH.29.3210	Amphoe Sangkha
TH.44.2408	Amphoe Sanam Chai Khet
TH.29.3212	Amphoe Samrong Thap
TH.53.7306	Amphoe Sam Phran
TH.40.1013	Samphanthawong
TH.13.6607	Amphoe Sam Ngam
TH.35.1507	Amphoe Samko
TH.39.1307	Amphoe Sam Khok
TH.80.2701	Amphoe Mueang Sa Kaeo
TH.38.1205	Amphoe Sai Noi
TH.69.9407	Amphoe Sai Buri
TH.23.4609	Amphoe Sahatsakhan
TH.68.9010	Amphoe Sadao
TH.68.9006	Amphoe Saba Yoi
TH.04.5507	Amphoe Wiang Sa
TH.31.9606	Amphoe Rueso
TH.07.5402	Amphoe Rong Kwang
TH.68.9009	Amphoe Rattaphum
TH.29.3207	Amphoe Rattanaburi
TH.40.1024	Rat Burana
TH.30.3309	Amphoe Rasi Salai
TH.68.9007	Amphoe Ranot
TH.31.9605	Amphoe Ra-ngae
TH.70.9506	Amphoe Raman
TH.04.5505	Amphoe Pua
TH.27.3013	Amphoe Prathai
TH.29.3205	Amphoe Prasat
TH.30.3307	Amphoe Prang Ku
TH.28.3107	Amphoe Prakhon Chai
TH.74.2507	Amphoe Prachantakham
TH.25.4503	Amphoe Pathum Rat
TH.48.2204	Amphoe Pong Nam Ron
TH.41.5606	Amphoe Pong
TH.40.1008	Pom Prap Sattru Phai
TH.73.4802	Amphoe Pla Pak
TH.22.4016	Amphoe Phu Wiang
TH.28.3109	Amphoe Phutthaisong
TH.18.4210	Amphoe Phu Kradueng
TH.26.3610	Amphoe Phu Khiao
TH.12.6506	Amphoe Phrom Phiram
TH.33.1704	Amphoe Phrom Buri
TH.42.1104	Amphoe Phra Pradaeng
TH.37.1909	Amphoe Phra Phutthabat
TH.36.1401	Amphoe Phra Nakhon Si Ayutthaya
TH.40.1001	Phra Nakhon
TH.40.1009	Phra Khanong
TH.35.1504	Amphoe Pho Thong
TH.13.6606	Amphoe Pho Thale
TH.25.4507	Amphoe Phon Thong
TH.17.4305	Amphoe Phon Phisai
TH.22.4012	Amphoe Phon
TH.27.3015	Amphoe Phimai
TH.10.5307	Amphoe Phichai
TH.75.3419	Amphoe Phibun Mangsahan
TH.76.4119	Amphoe Phen
TH.16.6010	Amphoe Phayuha Khiri
TH.40.1014	Phaya Thai
TH.24.4408	Amphoe Phayakkhaphum Phisai
TH.34.1602	Amphoe Phatthana Nikhom
TH.40.1022	Phasi Charoen
TH.46.2005	Amphoe Phan Thong
TH.44.2406	Amphoe Phanom Sarakham
TH.25.4506	Amphoe Phanom Phrai
TH.20.4704	Amphoe Phanna Nikhom
TH.46.2006	Amphoe Phanat Nikhom
TH.77.3704	Amphoe Phana
TH.36.1408	Amphoe Phak Hai
TH.16.6009	Amphoe Phai Sali
TH.36.1409	Amphoe Phachi
TH.40.1007	Parthum Wan
TH.69.9404	Amphoe Panare
TH.35.1503	Amphoe Pa Mok
TH.27.3014	Amphoe Pak Thong Chai
TH.43.2602	Amphoe Pak Phli
TH.66.9306	Amphoe Pak Phayun
TH.64.8012	Amphoe Pak Phanang
TH.38.1206	Amphoe Pak Kret
TH.27.3021	Amphoe Pak Chong
TH.43.2604	Amphoe Ongkharak
TH.27.3009	Amphoe Non Thai
TH.27.3010	Amphoe Non Sung
TH.79.3903	Amphoe Non Sang
TH.39.1304	Amphoe Nong Suea
TH.37.1905	Amphoe Nong Saeng
TH.22.4004	Amphoe Nong Ruea
TH.25.4509	Amphoe Nong Phok
TH.14.6707	Amphoe Nong Phai
TH.40.1023	Nong Khaem
TH.37.1903	Amphoe Nong Khae
TH.76.4106	Amphoe Nong Han
TH.40.1003	Nong Chok
TH.69.9403	Amphoe Nong Chik
TH.79.3901	Amphoe Mueang Nong Bua Lam Phu
TH.26.3605	Amphoe Nong Bua Daeng
TH.16.6004	Amphoe Nong Bua
TH.68.9004	Amphoe Na Thawi
TH.04.5504	Amphoe Na Noi
TH.28.3104	Amphoe Nang Rong
TH.22.4007	Amphoe Nam Phong
TH.10.5304	Amphoe Nam Pat
TH.79.3902	Amphoe Na Klang
TH.12.6502	Amphoe Nakhon Thai
TH.36.1403	Amphoe Nakhon Luang
TH.53.7303	Amphoe Nakhon Chai Si
TH.73.4807	Amphoe Na Kae
TH.24.4407	Amphoe Na Chueak
TH.78.4901	Amphoe Mueang Mukdahan
TH.70.9501	Amphoe Mueang Yala
TH.10.5301	Amphoe Mueang Uttaradit
TH.15.6101	Amphoe Mueang Uthai Thani
TH.76.4101	Amphoe Mueang Udon Thani
TH.75.3401	Amphoe Mueang Ubonratchathani
TH.49.2301	Amphoe Mueang Trat
TH.29.3201	Amphoe Mueang Surin
TH.51.7201	Amphoe Mueang Suphan Buri
TH.68.9001	Amphoe Mueang Songkhla
TH.30.3301	Amphoe Mueang Si Sa Ket
TH.33.1701	Amphoe Mueang Sing Buri
TH.37.1901	Amphoe Mueang Saraburi
TH.54.7501	Amphoe Mueang Samut Songkhram
TH.55.7401	Amphoe Mueang Samut Sakhon
TH.42.1101	Amphoe Mueang Samut Prakan
TH.75.3414	Amphoe Muang Samsip
TH.20.4701	Amphoe Mueang Sakon Nakhon
TH.25.4501	Amphoe Mueang Roi Et
TH.47.2101	Amphoe Mueang Rayong
TH.74.2501	Amphoe Mueang Prachin Buri
TH.07.5401	Amphoe Mueang Phrae
TH.12.6501	Amphoe Mueang Phitsanulok
TH.13.6601	Amphoe Mueang Phichit
TH.14.6701	Amphoe Mueang Phetchabun
TH.66.9301	Amphoe Mueang Phatthalung
TH.69.9401	Amphoe Mueang Pattani
TH.39.1301	Amphoe Mueang Pathum Thani
TH.38.1201	Amphoe Mueang Nonthaburi
TH.17.4301	Amphoe Mueang Nong Khai
TH.31.9601	Amphoe Mueang Narathiwat
TH.04.5501	Amphoe Mueang Nan
TH.64.8001	Amphoe Mueang Nakhon Si Thammarat
TH.16.6001	Amphoe Mueang Nakhon Sawan
TH.27.3001	Amphoe Mueang Nakhon Ratchasima
TH.73.4801	Amphoe Mueang Nakhon Phanom
TH.53.7301	Amphoe Mueang Nakhon Pathom
TH.43.2601	Amphoe Mueang Nakhon Nayok
TH.24.4401	Amphoe Mueang Maha Sarakham
TH.34.1601	Muang Lop Buri District
TH.18.4201	Amphoe Mueang Loei
TH.22.4001	Amphoe Mueang Khon Kaen
TH.23.4601	Amphoe Mueang Kalasin
TH.46.2001	Mueang Chonburi District
TH.48.2201	Amphoe Mueang Chanthaburi
TH.26.3601	Amphoe Mueang Chaiyaphum
TH.32.1801	Amphoe Mueang Chai Nat
TH.44.2401	Amphoe Mueang Chachoengsao
TH.28.3101	Amphoe Mueang Buri Ram
TH.35.1501	Amphoe Mueang Ang Thong
TH.40.1010	Min Buri
TH.69.9405	Amphoe Mayo
TH.32.1802	Amphoe Manorom
TH.22.4017	Amphoe Mancha Khiri
TH.48.2205	Amphoe Makham
TH.36.1415	Amphoe Maha Rat
TH.72.3506	Amphoe Maha Chana Chai
TH.14.6703	Amphoe Lom Sak
TH.14.6704	Amphoe Lom Kao
TH.72.3508	Amphoe Loeng Nok Tha
TH.39.1305	Amphoe Lat Lum Kaeo
TH.40.1011	Lat Krabang
TH.36.1410	Amphoe Lat Bua Luang
TH.10.5308	Amphoe Lap Lae
TH.28.3110	Amphoe Lam Plai Mat
TH.39.1306	Amphoe Lam Luk Ka
TH.28.3106	Amphoe Lahan Sai
TH.48.2206	Amphoe Laem Sing
TH.49.2305	Amphoe Laem Ngop
TH.72.3503	Amphoe Kut Chum
TH.20.4703	Amphoe Kut Bak
TH.20.4702	Amphoe Kusuman
TH.76.4104	Amphoe Kumphawapi
TH.23.4605	Amphoe Kuchinarai
TH.16.6002	Amphoe Krok Phra
TH.55.7402	Amphoe Krathum Baen
TH.28.3103	Amphoe Krasang
TH.22.4009	Amphoe Kranuan
TH.24.4403	Amphoe Kosum Phisai
TH.46.2008	Amphoe Ko Si Chang
TH.09.6404	Amphoe Kong Krailat
TH.47.2103	Amphoe Klaeng
TH.30.3308	Amphoe Khun Han
TH.30.3305	Amphoe Khukhan
TH.66.9305	Amphoe Khuan Khanun
TH.75.3404	Amphoe Khueang Nai
TH.26.3603	Amphoe Khon Sawan
TH.26.3613	Amphoe Khon San
TH.75.3402	Amphoe Si Mueang Mai
TH.27.3004	Amphoe Khong
TH.27.3002	Amphoe Khon Buri
TH.34.1603	Amphoe Khok Samrong
TH.69.9402	Amphoe Khok Pho
TH.48.2202	Amphoe Khlung
TH.49.2302	Amphoe Khlong Yai
TH.40.1033	Khlong Toei
TH.40.1018	Khlong San
TH.39.1302	Amphoe Khlong Luang
TH.75.3405	Amphoe Khemmarat
TH.49.2303	Amphoe Khao Saming
TH.66.9303	Amphoe Khao Chaison
TH.27.3019	Amphoe Kham Thale So
TH.72.3504	Amphoe Kham Khuan Kaeo
TH.78.4905	Amphoe Khamcha-i
TH.25.4502	Amphoe Kaset Wisai
TH.26.3604	Amphoe Kaset Sombun
TH.29.3206	Amphoe Kap Choeng
TH.24.4404	Amphoe Kantharawichai
TH.30.3303	Amphoe Kanthararom
TH.30.3304	Amphoe Kantharalak
TH.53.7302	Kamphaeng Saen District
TH.23.4603	Amphoe Kamalasai
TH.37.1902	Amphoe Kaeng Khoi
TH.26.3612	Amphoe Kaeng Khro
TH.74.2502	Amphoe Kabin Buri
TH.33.1706	Amphoe In Buri
TH.64.8016	Amphoe Hua Sai
TH.27.3016	Amphoe Huai Thalaeng
TH.68.9011	Amphoe Hat Yai
TH.10.5305	Amphoe Fak Tha
TH.40.1002	Dusit
TH.53.7304	Amphoe Don Tum
TH.78.4903	Amphoe Don Tan
TH.51.7206	Amphoe Don Chedi
TH.41.5605	Amphoe Dok Kham Tai
TH.51.7202	Amphoe Doembang Nangbuat
TH.75.3407	Amphoe Det Udom
TH.07.5405	Amphoe Den Chai
TH.18.4205	Amphoe Dan Sai
TH.27.3008	Amphoe Dan Khun Thot
TH.52.7004	Amphoe Damnoen Saduak
TH.41.5602	Amphoe Chun
TH.16.6003	Amphoe Chumsaeng
TH.27.3017	Amphoe Chum Phuang
TH.29.3202	Amphoe Chumphon Buri
TH.22.4005	Amphoe Chum Phae
TH.22.4018	Amphoe Chonnabot
TH.14.6702	Amphoe Chon Daen
TH.29.3204	Amphoe Chom Phra
TH.27.3007	Amphoe Chok Chai
TH.64.8006	Amphoe Chian Yai
TH.24.4405	Amphoe Chiang Yuen
TH.03.5708	Amphoe Chiang Saen
TH.03.5703	Amphoe Chiang Khong
TH.18.4203	Amphoe Chiang Khan
TH.41.5603	Amphoe Chiang Kham
TH.64.8007	Amphoe Cha-uat
TH.25.4504	Amphoe Chaturaphak Phiman
TH.77.3702	Amphoe Chanuman
TH.68.9003	Amphoe Chana
TH.27.3006	Amphoe Chakkarat
TH.35.1502	Amphoe Chaiyo
TH.34.1604	Amphoe Chai Badan
TH.75.3410	Amphoe Buntharik
TH.81.3801	Amphoe Mueang Bueng Kan
TH.27.3012	Amphoe Bua Yai
TH.24.4406	Amphoe Borabue
TH.26.3611	Amphoe Ban Thaen
TH.40.1040	Bang Khae
TH.74.2506	Amphoe Ban Sang
TH.76.4117	Amphoe Ban Phue
TH.36.1416	Amphoe Ban Phraek
TH.16.6005	Amphoe Banphot Phisai
TH.44.2405	Amphoe Ban Pho
TH.22.4010	Amphoe Ban Phai
TH.55.7403	Amphoe Ban Phaeo
TH.73.4804	Amphoe Ban Phaeng
TH.70.9503	Amphoe Bannang Sata
TH.43.2603	Amphoe Ban Na
TH.37.1906	Amphoe Ban Mo
TH.34.1606	Amphoe Ban Mi
TH.56.7607	Amphoe Ban Laem
TH.28.3108	Amphoe Ban Kruat
TH.26.3602	Amphoe Ban Khwao
TH.47.2105	Amphoe Ban Khai
TH.38.1203	Amphoe Bang Yai
TH.40.1029	Bang Sue
TH.36.1413	Amphoe Bang Sai
TH.12.6504	Amphoe Bang Rakam
TH.40.1004	Bang Rak
TH.33.1702	Amphoe Bang Rachan
TH.51.7204	Amphoe Bang Pla Ma
TH.42.1103	Amphoe Bang Phli
TH.44.2404	Amphoe Bang Pakong
TH.36.1406	Amphoe Bang Pa-in
TH.36.1407	Amphoe Bang Pahan
TH.44.2403	Amphoe Bang Nam Priao
TH.13.6605	Amphoe Bang Mun Nak
TH.53.7305	Amphoe Bang Len
TH.46.2004	Bang Lamung District
TH.38.1202	Amphoe Bang Kruai
TH.12.6505	Amphoe Bang Krathum
TH.40.1016	Bangkok Yai
TH.40.1020	Bangkok Noi
TH.40.1021	Bang Khun thain
TH.44.2402	Amphoe Bang Khla
TH.40.1005	Bang Khen
TH.40.1006	Bang Kapi
TH.38.1204	Amphoe Bang Bua Thong
TH.42.1102	Amphoe Bang Bo
TH.36.1405	Amphoe Bang Ban
TH.76.4111	Amphoe Ban Dung
TH.40.1036	Don Mueang
TH.75.3403	Amphoe Khong Chiam
TH.46.2002	Amphoe Ban Bueng
TH.26.3607	Amphoe Bamnet Narong
TH.31.9603	Amphoe Bacho
TH.25.4514	Amphoe At Samat
TH.80.2706	Amphoe Aranyaprathet
TH.77.3701	Amphoe Mueang Amnat Charoen
TH.20.4711	Amphoe Akat Amnuai
TH.49.2304	Amphoe Bo Rai
TH.49.2307	Amphoe Ko Chang
TH.40.1012	Yan na wa
TH.68.9015	Amphoe Singhanakhon
TH.40.1037	Ratchathewi
TH.40.1026	Din Daeng
TH.40.1044	Saphan Sung
TH.40.1017	Huai Khwang
TH.40.1027	Bueng Kum
TH.40.1045	Wang Thong Lang
TH.40.1025	Bang Phlat
TH.40.1038	Lat Phrao
TH.40.1043	Khan Na Yao
TH.40.1046	Khlong Sam Wa
TH.40.1041	Lak Si
TH.40.1030	Chatu Chak
TH.40.1042	Sai Mai
TH.40.1048	Thawi Watthana
TH.53.7307	Amphoe Phutthamonthon
TH.42.1105	Amphoe Phra Samut Chedi
TH.40.1049	Thung khru
TH.40.1047	Bang Na
TH.40.1031	Bang Kho laen
TH.40.1028	Sathon
TH.40.1032	Pra Wet
TH.40.1039	Vadhana
TH.40.1034	Suanluang
TH.63.8105	Amphoe Ao Luek
TH.40.1035	Chom Thong
TH.67.9101	Amphoe Mueang Satun
TH.70.9504	Amphoe Than To
TH.70.9507	Amphoe Kabang
TH.31.9609	Amphoe Sukhirin
TH.31.9612	Amphoe Chanae
TH.31.9613	Amphoe Cho-airong
TH.31.9607	Amphoe Si Sakhon
TH.70.9508	Amphoe Krong Pinang
TH.40.1050	Bang Bon
TH.68.9012	Amphoe Na Mom
TH.42.1106	Amphoe Bang Sao Thong
TH.03.5715	Amphoe Mae Fa Luang
TH.03.5717	Amphoe Wiang Chiang Rung
TH.03.5718	Amphoe Doi Luang
TH.03.5713	Amphoe Wiang Kaen
TH.03.5714	Amphoe Khun Tan
TH.41.5608	Amphoe Phu Sang
TH.03.5712	Amphoe Phaya Mengrai
TH.04.5515	Amphoe Chaloem Phra Kiat
TH.03.5702	Amphoe Wiang Chai
TH.02.5023	Amphoe Mae On
TH.03.5716	Amphoe Mae Lao
TH.29.3214	Amphoe Phanom Dong Rak
TH.29.3213	Amphoe Bua Chet
TH.68.9016	Amphoe Khlong Hoi Khong
TH.67.9102	Amphoe Khuan Don
TH.67.9103	Amphoe Khuan Kalong
TH.02.5021	Amphoe Chai Prakan
TH.02.5020	Amphoe Wiang Haeng
TH.59.8505	Amphoe Suk Samran
TH.60.8409	Amphoe Ban Ta Khun
TH.63.8106	Amphoe Plai Phraya
TH.60.8419	Amphoe Vibhavadi
TH.08.6307	Amphoe Phop Phra
TH.02.5017	Amphoe Doi Tao
TH.02.5024	Amphoe Doi Lo
TH.05.5108	Amphoe Wiang Nong Long
TH.64.8018	Amphoe Tham Phannara
TH.64.8017	Amphoe Bang Khan
TH.63.8107	Amphoe Lam Thap
TH.60.8418	Amphoe Chai Buri
TH.60.8413	Amphoe Ban Na Doem
TH.58.8605	Amphoe Lamae
TH.58.8608	Amphoe Thung Tako
TH.52.7010	Amphoe Ban Kha
TH.50.7111	Amphoe Dan Makham Tia
TH.52.7003	Amphoe Suan Phueng
TH.50.7112	Amphoe Nong Prue
TH.16.6014	Amphoe Mae Poen
TH.11.6203	Amphoe Khlong Lan
TH.11.6209	Amphoe Pang Sila Thong
TH.11.6211	Amphoe Kosamphi Nakhon
TH.08.6309	Amphoe Wang Chao
TH.05.5105	Amphoe Thung Hua Chang
TH.02.5022	Amphoe Mae Wang
TH.05.5107	Amphoe Ban Thi
TH.67.9104	Amphoe Tha Phae
TH.67.9107	Amphoe Manang
TH.66.9310	Amphoe Pa Phayom
TH.65.9208	Amphoe Na Yong
TH.65.9209	Amphoe Ratsada
TH.64.8020	Amphoe Phra Phrom
TH.64.8019	Amphoe Chulabhorn
TH.64.8010	Amphoe Na Bon
TH.64.8022	Amphoe Chang Klang
TH.64.8002	Amphoe Phrom Khiri
TH.64.8021	Amphoe Nopphitam
TH.64.8005	Amphoe Phipun
TH.60.8403	Amphoe Don Sak
TH.57.7708	Amphoe Sam Roi Yot
TH.56.7608	Amphoe Kaeng Krachan
TH.56.7603	Amphoe Nong Ya Plong
TH.50.7113	Amphoe Huai Krachao
TH.51.7210	Amphoe Nong Yasai
TH.32.1808	Amphoe Noen Kham
TH.50.7110	Amphoe Lao Khwan
TH.51.7203	Amphoe Dan Chang
TH.32.1807	Amphoe Nong Mamong
TH.15.6108	Amphoe Huai Khot
TH.15.6107	Amphoe Lan Sak
TH.16.6015	Amphoe Chum Ta Bong
TH.16.6013	Amphoe Mae Wong
TH.11.6208	Amphoe Sai Thong Watthana
TH.11.6210	Amphoe Bueng Samakkhi
TH.11.6207	Amphoe Lan Krabue
TH.09.6408	Amphoe Si Nakhon
TH.06.5202	Amphoe Mae Mo
TH.41.5609	Amphoe Phu Kam Yao
TH.68.9013	Amphoe Khuan Niang
TH.68.9014	Amphoe Bang Klam
TH.66.9304	Amphoe Tamot
TH.66.9309	Amphoe Bang Kaeo
TH.66.9308	Amphoe Pa Bon
TH.64.8023	Amphoe Chaloem Phra Kiat
TH.16.6012	Amphoe Tak Fa
TH.16.6006	Amphoe Kao Liao
TH.13.6610	Amphoe Bueng Na Rang
TH.13.6609	Amphoe Sak Lek
TH.13.6612	Amphoe Wachirabarami
TH.10.5309	Amphoe Thong Saen Khan
TH.07.5408	Amphoe Nong Muang Khai
TH.04.5503	Amphoe Ban Luang
TH.37.1913	Amphoe Chaloem Phra Kiat
TH.37.1908	Amphoe Nong Don
TH.37.1907	Amphoe Don Phut
TH.34.1609	Amphoe Khok Charoen
TH.34.1608	Amphoe Sa Bot
TH.34.1611	Amphoe Nong Muang
TH.14.6710	Amphoe Wang Pong
TH.13.6608	Amphoe Thap Khlo
TH.12.6509	Amphoe Noen Maprang
TH.12.6503	Amphoe Chat Trakan
TH.04.5510	Amphoe Na Muen
TH.04.5511	Amphoe Santi Suk
TH.04.5514	Amphoe Phu Phiang
TH.04.5509	Amphoe Chiang Klang
TH.04.5513	Amphoe Song Khwae
TH.47.2102	Amphoe Ban Chang
TH.47.2106	Amphoe Pluak Daeng
TH.47.2108	Amphoe Nikhom Phattana
TH.46.2010	Amphoe Bo Thong
TH.46.2011	Amphoe Ko Chan
TH.46.2003	Amphoe Nong Yai
TH.74.2509	Amphoe Si Mahosot
TH.44.2407	Amphoe Ratchasan
TH.44.2409	Amphoe Plaeng Yao
TH.44.2411	Amphoe Khlong Khuean
TH.37.1911	Amphoe Muak Lek
TH.37.1912	Amphoe Wang Muang
TH.26.3609	Amphoe Thep Sathit
TH.34.1610	Amphoe Lam Sonthi
TH.34.1607	Amphoe Tha Luang
TH.26.3614	Amphoe Phakdi Chumphon
TH.14.6708	Amphoe Bueng Sam Phan
TH.18.4206	Amphoe Na Haeo
TH.10.5306	Amphoe Ban Khok
TH.69.9411	Amphoe Kapho
TH.48.2209	Amphoe Na Yai Am
TH.47.2104	Amphoe Wang Chan
TH.47.2107	Amphoe Khao Chamao
TH.48.2208	Amphoe Kaeng Hang Maeo
TH.44.2410	Amphoe Tha Takiap
TH.27.3025	Amphoe Wang Nam Khiao
TH.74.2503	Amphoe Na Di
TH.26.3608	Amphoe Nong Bua Rawe
TH.26.3616	Amphoe Sap Yai
TH.22.4020	Amphoe Phu Pha Man
TH.14.6709	Amphoe Nam Nao
TH.18.4214	Amphoe Nong Hin
TH.18.4211	Amphoe Phu Luang
TH.48.2210	Amphoe Khao Khitchakut
TH.48.2207	Amphoe Soi Dao
TH.80.2704	Amphoe Wang Nam Yen
TH.80.2709	Amphoe Wang Sombun
TH.80.2707	Amphoe Khao Chakan
TH.27.3003	Amphoe Soeng Sang
TH.27.3022	Amphoe Nong Bunmak
TH.27.3032	Amphoe Chaloem Phra Kiat
TH.22.4014	Amphoe Waeng Noi
TH.27.3023	Amphoe Kaeng Sanam Nang
TH.27.3005	Amphoe Ban Lueam
TH.26.3615	Amphoe Noen Sa-nga
TH.22.4022	Amphoe Khok Pho Chai
TH.22.4023	Amphoe Nong Na Kham
TH.22.4006	Amphoe Si Chom Phu
TH.18.4212	Amphoe Pha Khao
TH.18.4213	Amphoe Erawan
TH.79.3906	Amphoe Na Wang
TH.17.4317	Amphoe Pho Tak
TH.79.3905	Amphoe Suwanna Khuha
TH.76.4122	Amphoe Na Yung
TH.80.2708	Amphoe Khok Sung
TH.28.3120	Amphoe Non Din Daeng
TH.28.3112	Amphoe Pa Kham
TH.28.3118	Amphoe Chamni
TH.28.3123	Amphoe Chaloem Phra Kiat
TH.28.3105	Amphoe Nong Ki
TH.28.3117	Amphoe Non Suwan
TH.28.3114	Amphoe Nong Hong
TH.27.3029	Amphoe Lam Thamen Chai
TH.27.3027	Amphoe Mueang Yang
TH.22.4011	Amphoe Pueai Noi
TH.28.3113	Amphoe Na Pho
TH.28.3119	Amphoe Ban Mai Chaiyaphot
TH.22.4013	Amphoe Waeng Yai
TH.22.4025	Amphoe Non Sila
TH.22.4024	Amphoe Ban Haet
TH.24.4412	Amphoe Kut Rang
TH.22.4003	Amphoe Phra Yuen
TH.22.4002	Amphoe Ban Fang
TH.76.4105	Amphoe Non Sa-at
TH.22.4008	Amphoe Ubolratana
TH.76.4125	Amphoe Prachak Sinlapakhom
TH.76.4121	Amphoe Nong Saeng
TH.76.4103	Amphoe Nong Wua So
TH.17.4314	Amphoe Sa Khrai
TH.28.3115	Amphoe Phlapphla Chai
TH.28.3116	Amphoe Huai Rat
TH.28.3121	Amphoe Ban Dan
TH.28.3102	Amphoe Khu Mueang
TH.25.4516	Amphoe Si Somdet
TH.24.4411	Amphoe Yang Si Surat
TH.24.4410	Amphoe Na Dun
TH.23.4618	Amphoe Khong Chai
TH.24.4402	Amphoe Kae Dam
TH.76.4110	Amphoe Wang Sam Mo
TH.23.4612	Amphoe Nong Kung Si
TH.23.4608	Amphoe Huai Mek
TH.24.4413	Amphoe Chuen Chom
TH.22.4021	Amphoe Sam Sung
TH.76.4109	Amphoe Si That
TH.76.4107	Amphoe Thung Fon
TH.76.4124	Amphoe Ku Kaeo
TH.76.4108	Amphoe Chaiwan
TH.76.4123	Amphoe Phibun Rak
TH.81.3805	Amphoe Pak Khat
TH.81.3803	Amphoe So Phisai
TH.17.4315	Amphoe Fao Rai
TH.17.4316	Amphoe Rattana Wapi
TH.29.3215	Amphoe Si Narong
TH.29.3211	Amphoe Lamduan
TH.25.4513	Amphoe Phon Sai
TH.29.3217	Amphoe Non Narai
TH.29.3216	Amphoe Khwao Sin Rin
TH.25.4520	Amphoe Thung Khao Luang
TH.25.4519	Amphoe Nong Hi
TH.25.4508	Amphoe Pho Chai
TH.25.4518	Amphoe Chiang Khwan
TH.25.4517	Amphoe Changhan
TH.23.4604	Amphoe Rong Kham
TH.23.4617	Amphoe Don Chan
TH.20.4718	Amphoe Phu Phan
TH.23.4614	Amphoe Huai Phueng
TH.20.4707	Amphoe Nikhom Nam Un
TH.20.4709	Amphoe Kham Ta Kla
TH.20.4716	Amphoe Charoen Sin
TH.81.3808	Amphoe Bung Khla
TH.81.3807	Amphoe Si Wilai
TH.30.3320	Amphoe Phayu
TH.30.3314	Amphoe Si Rattana
TH.30.3306	Amphoe Phrai Bueng
TH.30.3317	Amphoe Phu Sing
TH.30.3316	Amphoe Wang Hin
TH.30.3312	Amphoe Huai Thap Than
TH.30.3318	Amphoe Mueang Chan
TH.30.3321	Amphoe Pho Si Suwan
TH.30.3311	Amphoe Bueng Bun
TH.30.3322	Amphoe Sila Lat
TH.72.3505	Amphoe Pa Tio
TH.77.3706	Amphoe Hua Taphan
TH.78.4907	Amphoe Nong Sung
TH.72.3509	Amphoe Thai Charoen
TH.25.4515	Amphoe Moeiwadi
TH.23.4606	Amphoe Khao Wong
TH.20.4714	Amphoe Tao Ngoi
TH.23.4616	Amphoe Na Khu
TH.20.4717	Amphoe Phon Na Kaeo
TH.20.4715	Amphoe Khok Si Suphan
TH.73.4812	Amphoe Wang Yang
TH.81.3806	Amphoe Bueng Khong Long
TH.73.4811	Amphoe Na Thom
TH.75.3426	Amphoe Thung Si Udom
TH.75.3433	Amphoe Nam Khun
TH.30.3313	Amphoe Non Khun
TH.30.3319	Amphoe Benchalak
TH.30.3315	Amphoe Nam Kliang
TH.75.3431	Amphoe Lao Suea Kok
TH.75.3422	Amphoe Samrong
TH.77.3703	Amphoe Pathum Ratchawongsa
TH.75.3412	Amphoe Kut Khaopun
TH.77.3707	Amphoe Lue Amnat
TH.77.3705	Amphoe Senangkhanikhom
TH.78.4902	Amphoe Nikhom Kham Soi
TH.78.4904	Amphoe Dong Luang
TH.73.4806	Amphoe Renu Nakhon
TH.75.3432	Amphoe Sawang Wirawong
TH.75.3429	Amphoe Na Yia
TH.75.3424	Amphoe Don Mot Daeng
TH.75.3420	Amphoe Tan Sum
TH.75.3421	Amphoe Pho Sai
TH.75.3430	Amphoe Na Tan
TH.27.3026	Amphoe Thepharak
TH.14.6711	Amphoe Khao Kho
TH.63.8102	Amphoe Khao Phanom
TH.63.8108	Amphoe Nuea Khlong
TH.60.8415	Amphoe Wiang Sa
TH.66.9311	Amphoe Srinagarindra
TH.66.9302	Amphoe Kong Ra
TH.22.4029	Amphoe Wiang Kao
TH.28.3122	Amphoe Khaen Dong
TH.06.5204	Amphoe Soem Ngam
TH.23.4602	Amphoe Na Mon
TH.75.3425	Amphoe Sirindhorn
TH.23.4610	Amphoe Kham Muang
TH.27.3031	Amphoe Sida
TH.60.8414	Amphoe Khian Sa
TH.23.4615	Amphoe Sam Chai
TH.66.9307	Amphoe Si Banphot
TH.13.6611	Amphoe Dong Charoen
TH.13.6602	Amphoe Wang Sai Phun
TH.04.5512	Amphoe Bo Kluea
TH.06.5213	Amphoe Mueang Pan
TH.02.5025	Amphoe Galyani Vadhana
TH.49.2306	Amphoe Ko Kut
TH.60.8405	Amphoe Ko Pha-ngan
TH.65.9210	Amphoe Hat Samran
TH.68.9008	Amphoe Krasae Sin
TH.78.4906	Amphoe Wan Yai
TH.80.2702	Amphoe Khlong Hat
TH.41.5604	Amphoe Chiang Muan
TH.26.3606	Amphoe Chatturat
TH.81.3802	Amphoe Phon Charoen
TH.01.5807	Amphoe Pang Mapha
TH.69.9406	Amphoe Thung Yang Daeng
TH.69.9412	Amphoe Mae Lan
TH.14.6706	Amphoe Si Thep
TH.18.4207	Amphoe Phu Ruea
TH.69.9408	Amphoe Mai Kaen
TH.18.4204	Amphoe Pak Chom
TH.27.3011	Amphoe Kham Sakae Saeng
TH.76.4118	Amphoe Nam Som
TH.27.3024	Amphoe Non Daeng
TH.76.4102	Amphoe Kut Chap
TH.20.4713	Amphoe Song Dao
TH.29.3208	Amphoe Sanom
TH.20.4705	Amphoe Phang Khon
TH.72.3507	Amphoe Kho Wang
TH.30.3302	Amphoe Yang Chum Noi
TH.72.3502	Amphoe Sai Mun
TH.75.3408	Amphoe Na Chaluai
TH.70.9502	Amphoe Betong
TH.01.5805	Amphoe Mae La Noi
TH.11.6202	Amphoe Sai Ngam
TH.76.4120	Amphoe Sang Khom
TH.25.4512	Amphoe Mueang Suang
TH.20.4710	Amphoe Ban Muang
TH.73.4809	Amphoe Na Wa
TH.57.7705	Amphoe Bang Saphan Noi
TH.27.3030	Amphoe Bua Lai
TH.33.1703	Amphoe Khai Bang Rachan
TH.61.8205	Amphoe Takua Pa
TH.61.8206	Amphoe Khura Buri
TH.65.9205	Amphoe Sikao
TJ.RR.7669388	Varzob District
TJ.03.8209860	Nohiyai Bobojon Ghafurov
TJ.03.8216028	Istaravshan District
TJ.01.8220920	Nohiyai Rŭshon
TJ.02.8221255	Nohiyai Qubodiyon
TJ.02.8221292	Nohiyai Shahritus
TJ.RR.8238355	Nohiyai Hisor
TL.DI.601	Vera Cruz
TL.AL.201	Aileu Villa
TL.AN.101	Ainaro
TL.BO.401	Maliana
TL.BO.406	Bobonaro
TL.LI.803	Maubara
TL.ER.704	Atsabe
TL.MT.1105	Barique
TL.AN.104	Hato-Udo
TL.BA.301	Baucau
TL.BA.303	Quelicai
TL.BA.306	Venilale
TL.LA.902	Lautem
TL.LI.801	Bazartete
TL.ER.702	Ermera Villa
TL.MT.1101	Manatuto
TL.LA.905	Tutuala
TL.MF.1001	Same
TL.CO.505	Suai
TL.CO.506	Tilomar
TL.DI.604	Atauro Island
TL.DI.603	Metinaro
TL.LA.901	Lospalos
TL.LA.904	Luro
TL.OE.1201	Pante Makasar
TL.VI.1304	Viqueque
TL.VI.1301	Uatocarabau
TL.CO.503	Fohorem
TM.01.162157	Bäherden etraby
TM.04.1218986	Halaç District
TM.03.11820056	Akdepe District
TM.05.13526677	Baýramaly District
TM.05.13526680	Sakarçäge District
TM.03.13526879	Gubadag District
TM.01.13696820	Gökdepe District
TM.02.13696933	Esenguly District
TM.02.13696936	Magtymguly District
TM.04.13696952	Kerki District
TM.05.13696956	Oguzhan District
TM.03.13696960	Saparmyrat Türkmenbaşy
TN.37.1651	Zaghouan
TN.35.6251	Tozeur
TN.17.2157	Testour
TN.02.4259	Thala
TN.14.2355	Tajerouine
TN.17.2155	Teboursouk
TN.06.2254	Tabarka
TN.23.3151	Sousse Médina
TN.19.1561	Soliman
TN.02.4255	Sbeitla
TN.03.4154	Sbikha
TN.03.4161	Bouhajla
TN.03.4159	Nasrallah
TN.15.3354	Chorbane
TN.15.3356	Souassi
TN.14.2354	Sakiet Sidi Youssef
TN.32.3451	Sfax Ville
TN.30.6156	Mu‘tamadīyat ar Rudayyif
TN.33.4361	Regueb
TN.18.1764	Mu‘tamadīyat Ra’s al Jabal
TN.34.5357	Remada
TN.15.3361	Ksour Essaf
TN.19.1564	Grombalia
TN.19.1554	Korba
TN.19.1557	Mu‘tamadīyat Qulaybīyah
TN.31.6351	Délégation de Kébili Sud
TN.30.6159	El Guetar
TN.32.3466	Kerkennah
TN.37.1654	El Fahs
TN.23.3157	Kalaa Kebira
TN.22.2454	Gaafour
TN.35.6254	Nefta
TN.23.3160	Mu‘tamadīyat an Nafīḑah
TN.16.3258	Moknine
TN.33.4358	Meknassy
TN.30.6157	Metlaoui
TN.33.4360	Mezzouna
TN.29.5158	Matmata
TN.18.1756	Mateur
TN.23.3164	Délégation de M’saken
TN.29.5160	Mareth
TN.19.1555	Menzel Temime
TN.18.1758	Mu‘tamadīyat Manzil Bū Ruqaybah
TN.32.3461	Menzel Chaker
TN.39.1451	Mu‘tamadīyat Manūbah
TN.22.2457	Mu‘tamadīyat Makthar
TN.17.2159	Medjez El Bab
TN.06.2251	Jendouba
TN.28.5255	Zarzis
TN.16.3256	Jemmal
TN.32.3458	Djebeniana
TN.28.5256	Mu‘tamadīyat Ḩawmat as Sūq
TN.29.5157	El Hamma
TN.03.4158	Hajeb El Ayoun
TN.03.4156	Haffouz
TN.34.5355	Ghomrassen
TN.06.2257	Ghardimaou
TN.02.4262	Feriana
TN.22.2453	Bou Arada
TN.32.3463	Bir Ali Ben Khalifa
TN.06.2255	Ain Draham
TN.17.2153	Amdoun
TN.03.4155	Oueslatia
TN.16.3251	Monastir
TN.29.5155	Metouia
TN.32.3465	Mu‘tamadīyat al Maḩras
TN.15.3351	Mahdia
TN.15.3357	El Jem
TN.17.2154	Nefza
TN.19.1566	Hammamet
TN.14.2359	El Ksour
TN.06.2253	Bou Salem
TN.06.2258	Oued Meliz
TN.28.5253	Beni Khedeche
TN.28.5254	Ben Guerdane
TN.02.4257	Djedliane
TN.02.4256	Sbiba
TN.02.4260	Hidra
TN.02.4261	Foussana
TN.15.3358	Chebba
TN.36.1164	Sidi Hassine
TN.37.1655	Nadhour
TN.18.1754	Sejnane
TN.17.2152	Beja Sud
TN.17.2158	Goubellat
TN.06.2256	Fernana
TN.14.2361	Es Sers
TN.14.2353	Nebeur
TN.22.2455	Elkrib
TN.22.2456	Bourouis
TN.22.2451	Siliana Nord
TN.38.1253	Raoued
TN.28.5257	Jerba Midoun
TN.28.5258	Jerba Ajim
TN.19.1559	El Haouaria
TN.19.1558	Hammam El Guezaz
TN.19.1560	Takelsa
TN.19.1556	El Mida
TN.19.1562	Menzel Bouzelfa
TN.19.1565	Bou Argoub
TN.19.1552	Dar Chaabane El Fehri
TN.19.1563	Beni Khalled
TN.19.1553	Beni Khiar
TN.23.3161	Bouficha
TN.16.3262	Ksibet El Mediouni
TN.23.3159	Hergla
TN.23.3158	Sidi Bou Ali
TN.23.3162	Kondar
TN.23.3163	Sidi El Hani
TN.23.3156	Akouda
TN.23.3165	Kalaa Sghira
TN.23.3155	Hammam Sousse
TN.23.3152	Sousse Riadh
TN.23.3166	Zaouia-Ksiba-Thrayet
TN.16.3259	Bekalta
TN.16.3260	Délégation de Téboulba
TN.16.3263	Sayada Lamta Bouhjar
TN.32.3456	Thyna
TN.32.3455	Sfax Sud
TN.32.3453	Sakiet Ezzit
TN.32.3454	Sakiet Eddaier
TN.16.3261	Ksar Helal
TN.16.3253	Sahline
TN.16.3252	Ouerdanine
TN.16.3257	Bembla
TN.16.3254	Zeramdine
TN.16.3255	Beni Hassen
TN.15.3353	Ouled Chamekh
TN.15.3352	Délégation de Bou Merdès
TN.15.3355	Hbira
TN.15.3360	Sidi Alouane
TN.15.3359	Melloulech
TN.32.3460	El Hencha
TN.32.3457	Agareb
TN.32.3462	Ghraiba
TN.32.3464	Skhira
TN.29.5159	Nouvelle Matmata
TN.29.5154	Ghannouch
TN.34.5354	Bir Lahmar
TN.34.5356	Dhehiba
TN.31.6352	Délégation de Kébili Nord
TN.31.6353	Souk Lahad
TN.31.6355	Douz Sud
TN.35.6252	Degache
TN.35.6253	Tamaghza
TN.30.6158	Mdhila
TN.30.6155	Délégation d’ Om El Araïes
TN.30.6153	El Ksar
TN.30.6161	Sned
TN.33.4357	Menzel Bouzaiene
TN.33.4356	Sidi Ali Ben Aoun
TN.33.4355	Bir El Hafey
TN.33.4362	Ouled Haffouz
TN.33.4353	Jelma
TN.33.4354	Cebalet Ouled Asker
TN.02.4263	Délégation de Mejel Bel Abbès
TN.03.4157	El Ala
TN.03.4160	Cherarda
TN.03.4153	Chebika
TN.14.2360	Dahmani
TN.14.2358	Jerissa
TN.14.2357	Kalaa Khasba
TN.14.2356	Kalaat Senan
TN.22.2461	El Aroussa
TN.22.2460	Bargou
TN.22.2459	Kesra
TN.22.2458	Rouhia
TN.37.1653	Bir Mcherga
TN.37.1652	Zriba
TN.18.1759	Tinja
TN.18.1760	Utique
TN.18.1762	Menzel Jemil
TN.18.1763	El Alia
TN.18.1761	Ghar El Melh
TN.39.1458	El Battane
TN.39.1455	Borj El Amri
TN.39.1452	Douar Hicher
TN.27.1362	Mornag
TN.27.1355	Hammam Chott
TN.27.1353	El Mourouj
TN.27.1356	Bou Mhel El Bassatine
TN.38.1251	Ariana Ville
TN.38.1256	Délégation de Cité Ettadhamen
TN.38.1257	El Mnihla
TN.38.1254	Kalaat El Andalous
TN.36.1160	Le Bardo
TN.36.1169	La Goulette
TN.36.1170	Le Kram
TN.36.1151	Carthage
TN.36.1171	La Marsa
TN.29.5152	Délégation de Gabès Ouest
TN.29.5153	Délégation de Gabès Sud
TN.30.6154	Gafsa Sud
TN.31.6354	Douz Nord
TO.EU.42	'Eua fo'ou
TO.EU.41	'Eua Prope
TO.02.11	Kolofo'ou
TO.02.12	Kolomotu'a
TO.03.21	Neiafu
TO.02.13	Vaini
TR.83.436186	Karkamış İlçesi
TR.83.436187	Oğuzeli İlçesi
TR.63.436459	Akçakale İlçesi
TR.31.436926	Erzin İlçesi
TR.31.436927	Dörtyol İlçesi
TR.31.436928	Hassa İlçesi
TR.31.437215	Kumlu İlçesi
TR.90.437251	Musabeyli İlçesi
TR.83.437252	İslahiye İlçesi
TR.90.437627	Polateli İlçesi
TR.90.437628	Kilis Merkez
TR.90.437629	Elbeyli İlçesi
TR.83.437630	Şahinbey İlçesi
TR.31.437928	İskenderun İlçesi
TR.31.437929	Kırıkhan İlçesi
TR.31.437930	Belen İlçesi
TR.31.438417	Antakya İlçesi
TR.31.438418	Altınözü İlçesi
TR.31.438427	Yayladağı İlçesi
TR.31.438432	Reyhanlı İlçesi
TR.74.438519	Tillo İlçesi
TR.74.438624	Pervari İlçesi
TR.65.438700	Çatak İlçesi
TR.80.438773	Şırnak İlçesi
TR.80.438774	Cizre İlçesi
TR.80.438878	Uludere İlçesi
TR.80.438958	Beytüşşebap
TR.80.438989	Silopi İlçesi
TR.63.439166	Harran İlçesi
TR.63.439201	Ceylanpınar İlçesi
TR.21.439825	Bismil İlçesi
TR.76.440476	Beşiri İlçesi
TR.76.440905	Hasankeyf İlçesi
TR.74.440906	Kurtalan İlçesi
TR.74.440907	Siirt Merkez
TR.72.441186	Savur İlçesi
TR.72.441187	Yeşilli İlçesi
TR.72.441188	Ömerli İlçesi
TR.76.441468	Gercüş İlçesi
TR.72.441469	Midyat İlçesi
TR.80.441645	Güçlükonak İlçesi
TR.72.441646	Dargeçit İlçesi
TR.72.441966	Nusaybin İlçesi
TR.80.442034	İdil İlçesi
TR.23.6544214	Karakoçan
TR.81.7732059	Ceyhan
TR.81.7732063	Seyhan
TR.81.7732065	Yüreğir
TR.02.7732069	Adıyaman
TR.03.7732070	Afyonkarahisar
TR.03.7732071	İscehisar
TR.75.7732073	Aksaray
TR.05.7732078	Amasya
TR.68.7732084	Çankaya
TR.68.7732107	Gölbaşı
TR.68.7732167	Kahramankazan
TR.68.7732180	Polatlı
TR.68.7732181	Sincan İlçesi
TR.68.7732184	Yenimahalle
TR.07.7732185	Alanya
TR.07.7732189	Finike
TR.07.7732191	Kemer İlçesi
TR.07.7732193	Manavgat İlçesi
TR.07.7732195	Serik
TR.08.7732198	Hopa İlçesi
TR.10.7732201	Bandırma İlçesi
TR.76.7732202	Batman
TR.12.7732205	Bingol
TR.13.7732206	Bitlis
TR.15.7732207	Burdur
TR.16.7732330	Gemlik
TR.16.7732331	Gürsu
TR.16.7732332	İnegöl
TR.16.7732333	Kestel İlçesi
TR.16.7732334	Mudanya
TR.16.7732336	Nilüfer
TR.16.7732338	Osmangazi
TR.16.7732341	Yıldırım İlçesi
TR.17.7732343	Biga
TR.17.7732344	Canakkale
TR.19.7732348	Corum
TR.19.7732349	Osmancık
TR.19.7732351	Sungurlu
TR.20.7732353	Çardak
TR.20.7732360	Honaz
TR.23.7732370	Elazig
TR.83.7732373	Şehitkamil
TR.28.7732374	Giresun
TR.69.7732375	Gumushane
TR.34.7732455	Büyükçekmece
TR.34.7732457	Bahçelievler
TR.34.7732460	Bağcılar
TR.34.7732464	Çatalca
TR.34.7732467	Esenler
TR.34.7732469	Eyüpsultan
TR.34.7732474	Güngören
TR.34.7732569	Küçükçekmece
TR.34.7732579	Pendik
TR.34.7732582	Silivri
TR.34.7732583	Sultanbeyli
TR.34.7732587	Tuzla
TR.34.7732588	Ümraniye
TR.34.7732589	Üsküdar
TR.34.7732593	Zeytinburnu
TR.59.7732607	Çorlu
TR.41.7732636	Gebze
TR.14.7732652	Gerede
TR.20.7732660	Sarayköy
TR.92.7732689	Yalova
TR.35.7732711	Bornova
TR.35.7732712	Aliağa
TR.35.7732714	Çiğli
TR.35.7732715	Bayraklı
TR.35.7732716	Bergama
TR.35.7732718	Buca
TR.35.7732720	Gaziemir
TR.35.7732724	Kemalpaşa
TR.35.7732725	Konak
TR.35.7732726	Menderes
TR.35.7732727	Menemen
TR.35.7732732	Seferihisar
TR.35.7732733	Tire
TR.35.7732734	Torbalı
TR.37.7732736	Cide
TR.38.7732925	Develi
TR.38.7732928	Melikgazi
TR.38.7732929	Kocasinan
TR.41.7732931	Dilovası
TR.71.7732933	Selcuklu
TR.71.7732935	Karatay
TR.44.7732936	Battalgazi
TR.45.7732938	Saruhanlı
TR.32.7732939	Tarsus
TR.48.7732940	Fethiye
TR.48.7732941	Kavaklıdere
TR.48.7732942	Marmaris
TR.48.7732943	Yatağan
TR.49.7732944	Mus
TR.50.7732945	Nevsehir
TR.50.7732946	Ürgüp
TR.73.7732948	Nigde
TR.55.7732956	Bafra
TR.58.7732989	Sivas
TR.58.7732990	Zara
TR.59.7732991	Çerkezköy
TR.60.7732992	Erbaa
TR.61.7732993	Arsin
TR.61.7732995	Çarşıbaşı
TR.61.7732997	Vakfıkebir
TR.62.7732998	Tunceli
TR.64.7732999	Usak
TR.65.7733001	Edremit
TR.65.7733002	Erciş
TR.66.7733004	Sarıkaya
TR.85.7733006	Ereğli
TR.57.7733028	Sinop
TR.68.7733221	Keçiören
TR.10.7733225	Marmara İlçesi
TR.82.7733226	Şabanözü
TR.23.7733228	Ağın
TR.83.7733230	Araban
TR.70.7733232	Yüksekova
TR.34.7733234	Beşiktaş
TR.34.7733235	Beykoz
TR.34.7733237	Fatih
TR.34.7733238	Maltepe
TR.48.7733242	Bodrum
TR.55.7733243	Tekkeköy
TR.91.7910463	Toprakkale
TR.73.7910465	Ulukisla
TR.73.7910467	Bor
TR.38.7910468	Yesilhisar
TR.38.7910469	Incesu
TR.45.7910589	Kula
TR.10.7910603	Dursunbey İlçesi
TR.32.7910604	Mut
TR.68.7910611	Beypazari
TR.17.7910944	Bozcaada
TR.17.7910945	Gökçeada
TR.61.7910998	Araklı
TR.28.7911018	Çanakçı
TR.53.7911029	Kalkandere
TR.61.7911030	Maçka
TR.52.7911034	Akkuş
TR.60.7911035	Niksar
TR.60.7911036	Reşadiye
TR.28.7911037	Dereli
TR.07.7911038	Kumluca
TR.65.7911042	Muradiye / Berkri
TR.57.7911054	Ayancık
TR.81.7911055	Kozan
TR.71.7932392	Cihanbeyli District
TR.38.7932395	Yahyali
TR.34.8521527	Adalar
TR.34.8521528	Arnavutköy
TR.34.8521529	Ataşehir
TR.34.8521530	Başakşehir
TR.34.8521531	Beylikdüzü
TR.34.8521532	Çekmeköy
TR.34.8521533	Esenyurt
TR.34.8521534	Sancaktepe
TR.34.8521535	Sarıyer
TR.34.8521536	Sultangazi
TR.34.8521537	Şile
TR.34.8521538	Şişli
TR.83.8630759	Nizip İlçesi
TR.83.8630760	Yavuzeli İlçesi
TR.83.8630785	Nurdağı İlçesi
TR.63.8630788	Viranşehir İlçesi
TR.63.8630789	Suruç İlçesi
TR.63.8630791	Siverek İlçesi
TR.63.8630792	Hilvan İlçesi
TR.63.8630793	Birecik İlçesi
TR.63.8630794	Bozova İlçesi
TR.63.8630795	Halfeti İlçesi
TR.72.8630814	Kızıltepe İlçesi
TR.72.8630815	Mazıdağı İlçesi
TR.72.8630817	Derik İlçesi
TR.76.8630819	Sason İlçesi
TR.76.8630820	Kozluk İlçesi
TR.21.8630826	Çınar İlçesi
TR.21.8630827	Hazro İlçesi
TR.21.8630828	Dicle İlçesi
TR.21.8630829	Çermik İlçesi
TR.21.8630830	Ergani İlçesi
TR.21.8630831	Silvan İlçesi
TR.21.8630832	Lice İlçesi
TR.21.8630833	Kocaköy İlçesi
TR.21.8630834	Hani İlçesi
TR.21.8630835	Eğil İlçesi
TR.21.8630836	Çüngüş İlçesi
TR.21.8630837	Kulp İlçesi
TR.74.8630838	Eruh İlçesi
TR.74.8630839	Baykan İlçesi
TR.74.8630840	Şirvan İlçesi
TR.65.8630841	Başkale İlçesi
TR.65.8630842	Çaldıran İlçesi
TR.65.8630843	Bahçesaray İlçesi
TR.65.8630844	Gevaş İlçesi
TR.65.8630845	Gürpınar İlçesi
TR.65.8630846	Saray İlçesi
TR.65.8630847	Özalp İlçesi
TR.70.8630849	Şemdinni İlçesi
TR.70.8630851	Çukurca İlçesi
TR.13.8630852	Güroymak İlçesi
TR.13.8630853	Hizan İlçesi
TR.13.8630854	Tatvan İlçesi
TR.13.8630855	Ahlat İlçesi
TR.13.8630856	Adilcevaz İlçesi
TR.13.8630857	Mutki İlçesi
TR.49.8630858	Malazgirt İlçesi
TR.49.8630859	Bulanık İlçesi
TR.49.8630861	Varto İlçesi
TR.49.8630862	Korkut İlçesi
TR.49.8630863	Hasköy İlçesi
TR.04.8630864	Doğubayazıt İlçesi
TR.04.8630865	Diyadin İlçesi
TR.04.8630866	Eleşkirt İlçesi
TR.04.8630867	Taşlıçay İlçesi
TR.04.8630868	Patnos İlçesi
TR.04.8630869	Tutak İlçesi
TR.04.8630870	Hamur İlçesi
TR.88.8630872	Aralık İlçesi
TR.88.8630873	Tuzluca İlçesi
TR.88.8630874	Karakoyunlu İlçesi
TR.84.8631364	Digor İlçesi
TR.84.8631365	Kağızman İlçesi
TR.84.8631366	Akyaka İlçesi
TR.84.8631367	Arpaçay İlçesi
TR.84.8631368	Susuz İlçesi
TR.84.8631369	Selim İlçesi
TR.84.8631370	Sarıkamış İlçesi
TR.25.8631373	Şenkaya İlçesi
TR.25.8631375	Olur İlçesi
TR.25.8631376	Horasan İlçesi
TR.25.8631377	Narman İlçesi
TR.25.8631378	Uzundere İlçesi
TR.25.8631379	Köprüköy İlçesi
TR.25.8631380	Tortum İlçesi
TR.25.8631381	Oltu İlçesi
TR.25.8631382	Pasinler İlçesi
TR.25.8631384	Tekman İlçesi
TR.25.8631386	Karayazı İlçesi
TR.25.8631387	Hınıs İlçesi
TR.25.8631388	Karaçoban İlçesi
TR.25.8631389	Çat İlçesi
TR.25.8631390	Aşkale İlçesi
TR.25.8631391	Pazaryolu İlçesi
TR.25.8631392	İspir İlçesi
TR.86.8631395	Çıldır İlçesi
TR.86.8631396	Göle İlçesi
TR.86.8631397	Damal İlçesi
TR.86.8631398	Hanak İlçesi
TR.86.8631399	Posof İlçesi
TR.08.8631400	Şavşat İlçesi
TR.08.8631401	Ardanuç İlçesi
TR.08.8631402	Yusufeli İlçesi
TR.08.8631447	Murgul İlçesi
TR.08.8631448	Borçka İlçesi
TR.08.8631449	Arhavi İlçesi
TR.53.8631450	İkizdere İlçesi
TR.53.8631451	Güneysu İlçesi
TR.53.8631452	Hemşin İlçesi
TR.53.8631453	Pazar İlçesi
TR.53.8631455	Derepazarı İlçesi
TR.61.8631456	Çaykara İlçesi
TR.61.8631457	Hayrat İlçesi
TR.61.8631458	Of İlçesi
TR.61.8631459	Dernekpazarı İlçesi
TR.61.8631460	Köprübaşı İlçesi
TR.61.8631461	Sürmene İlçesi
TR.61.8631463	Şalpazarı İlçesi
TR.61.8631464	Tonya İlçesi
TR.61.8631465	Düzköy İlçesi
TR.61.8631466	Yomra İlçesi
TR.91.8631467	Düziçi İlçesi
TR.91.8631469	Hasanbeyli İlçesi
TR.91.8631470	Kadirli İlçesi
TR.91.8631471	Sumbas İlçesi
TR.46.8631472	Pazarcık İlçesi
TR.46.8631473	Nurhak İlçesi
TR.46.8631474	Çağlayancerit İlçesi
TR.46.8631475	Türkoğlu İlçesi
TR.46.8631476	Elbistan İlçesi
TR.46.8631477	Ekinözü İlçesi
TR.46.8631478	Andırın İlçesi
TR.46.8631479	Göksun İlçesi
TR.46.8631480	Afşin İlçesi
TR.12.8631554	Yayladere İlçesi
TR.12.8631555	Yedisu İlçesi
TR.12.8631556	Adaklı İlçesi
TR.12.8631557	Solhan İlçesi
TR.12.8631558	Karlıova İlçesi
TR.12.8631559	Genç İlçesi
TR.12.8631560	Kiğı İlçesi
TR.23.8631561	Baskil İlçesi
TR.23.8631562	Kovancılar İlçesi
TR.23.8631563	Sivrice İlçesi
TR.23.8631564	Maden İlçesi
TR.23.8631565	Arıcak İlçesi
TR.23.8631566	Alacakaya İlçesi
TR.23.8631570	Palu İlçesi
TR.23.8631574	Keban İlçesi
TR.62.8631575	Ovacık İlçesi
TR.62.8631576	Hozat İlçesi
TR.62.8631578	Pertek İlçesi
TR.62.8631579	Pülümür İlçesi
TR.62.8631580	Nazımiye İlçesi
TR.62.8631581	Mazgirt İlçesi
TR.62.8631582	Çemişgezek İlçesi
TR.24.8631583	Çayırlı İlçesi
TR.24.8631584	Otlukbeli İlçesi
TR.24.8631605	Tercan İlçesi
TR.24.8631606	Üzümlü İlçesi
TR.24.8631607	Kemaliye İlçesi
TR.24.8631608	İliç İlçesi
TR.24.8631609	Refahiye İlçesi
TR.24.8631610	Kemah İlçesi
TR.77.8631613	Demirözü İlçesi
TR.77.8631614	Aydıntepe İlçesi
TR.69.8631615	Köse İlçesi
TR.69.8631616	Torul İlçesi
TR.69.8631617	Kürtün İlçesi
TR.69.8631618	Şiran İlçesi
TR.69.8631619	Kelkit İlçesi
TR.28.8631620	Güce İlçesi
TR.28.8631621	Doğankent İlçesi
TR.28.8631622	Görele İlçesi
TR.28.8631623	Eynesil İlçesi
TR.28.8631624	Espiye İlçesi
TR.28.8631625	Yağlıdere İlçesi
TR.28.8631626	Şebin Karahisar İlçesi
TR.28.8631628	Bulancak İlçesi
TR.28.8631629	Piraziz İlçesi
TR.28.8631630	Alucra İlçesi
TR.28.8631631	Çamoluk İlçesi
TR.52.8631632	Kabadüz İlçesi
TR.52.8631633	Gülyalı İlçesi
TR.52.8631634	Gölköy İlçesi
TR.52.8631635	Ulubey İlçesi
TR.52.8631636	Gürgentepe İlçesi
TR.52.8631637	Perşembe İlçesi
TR.52.8631638	Çamaş İlçesi
TR.52.8631639	Fatsa İlçesi
TR.52.8631640	Çatalpınar İlçesi
TR.52.8631641	Kumru İlçesi
TR.52.8631642	Mesudiye İlçesi
TR.52.8631643	Korgan İlçesi
TR.52.8631644	Aybastı İlçesi
TR.52.8631645	Kabataş İlçesi
TR.52.8631646	Ünye İlçesi
TR.52.8631647	İkizce İlçesi
TR.52.8631648	Çaybaşı İlçesi
TR.58.8631649	Gürün İlçesi
TR.58.8631651	Suşehri İlçesi
TR.58.8631652	Koyulhisar İlçesi
TR.58.8631653	Doğanşar İlçesi
TR.58.8631654	Altınyayla İlçesi
TR.58.8631656	Şarkışla İlçesi
TR.58.8631657	Gemerek İlçesi
TR.58.8631658	Yıldızeli İlçesi
TR.58.8631659	Gölova İlçesi
TR.58.8631660	Akıncılar İlçesi
TR.58.8631661	İmranlı İlçesi
TR.58.8631662	Kangal İlçesi
TR.58.8631663	Divriği İlçesi
TR.58.8631664	Ulaş İlçesi
TR.58.8631665	Hafik İlçesi
TR.44.8631666	Yeşilyurt İlçesi
TR.44.8631667	Kale İlçesi
TR.44.8631668	Arapgir İlçesi
TR.44.8631669	Yazıhan İlçesi
TR.44.8631670	Hekimhan İlçesi
TR.44.8631672	Akçadağ İlçesi
TR.44.8631673	Doğanşehir İlçesi
TR.44.8631674	Darende İlçesi
TR.44.8631676	Kuluncak İlçesi
TR.02.8631677	Gerger İlçesi
TR.02.8631678	Samsat İlçesi
TR.02.8631679	Kâhta İlçesi
TR.02.8631680	Çelikhan İlçesi
TR.02.8631681	Besni İlçesi
TR.02.8631682	Tut İlçesi
TR.02.8631683	Sincik İlçesi
TR.02.8631684	Gölbaşı İlçesi
TR.55.8631685	Vezirköprü İlçesi
TR.55.8631686	Havza İlçesi
TR.55.8631687	Ladik İlçesi
TR.55.8631689	Kavak İlçesi
TR.55.8631690	Asarcık İlçesi
TR.55.8631691	Alaçam İlçesi
TR.55.8631692	Yakakent İlçesi
TR.55.8631693	Terme İlçesi
TR.55.8631695	Salıpazarı İlçesi
TR.55.8631696	Ayvacık İlçesi
TR.55.8631698	Çarşamba İlçesi
TR.55.8631699	Ondokuzmayıs İlçesi
TR.05.8631703	Taşova İlçesi
TR.05.8631704	Göynücek İlçesi
TR.05.8631705	Gümüşhacıköy İlçesi
TR.05.8631706	Suluova İlçesi
TR.05.8631707	Merzifon İlçesi
TR.05.8631708	Hamamözü İlçesi
TR.60.8631714	Başçiftlik İlçesi
TR.66.8631716	Kadışehri İlçesi
TR.60.8631717	Sulusaray İlçesi
TR.60.8631738	Yeşilyurt İlçesi
TR.60.8631740	Artova İlçesi
TR.60.8631741	Pazar İlçesi
TR.60.8631742	Turhal İlçesi
TR.60.8631743	Almus İlçesi
TR.60.8631744	Zile İlçesi
TR.66.8631745	Çekerek İlçesi
TR.66.8631748	Saraykent İlçesi
TR.66.8631749	Akdağmadeni İlçesi
TR.66.8631750	Aydıncık İlçesi
TR.66.8631751	Sorgun İlçesi
TR.66.8631752	Şefaatli İlçesi
TR.66.8631753	Çandır İlçesi
TR.66.8631754	Çayıralan İlçesi
TR.66.8631755	Yenifakılı İlçesi
TR.66.8631769	Boğazlıyan İlçesi
TR.66.8631771	Yerköy İlçesi
TR.38.8631773	Akkışla İlçesi
TR.38.8631774	Sarız İlçesi
TR.38.8631775	Tomarza İlçesi
TR.38.8631781	Pınarbaşı İlçesi
TR.38.8631782	Bünyan İlçesi
TR.38.8631783	Sarıoğlan İlçesi
TR.38.8631784	Talas İlçesi
TR.38.8631787	Hacılar İlçesi
TR.38.8631788	Felahiye İlçesi
TR.38.8631789	Özvatan İlçesi
TR.81.8631795	Yumurtalık
TR.81.8631903	Saimbeyli
TR.81.8631904	Tufanbeyli
TR.81.8631905	Feke
TR.81.8631906	Aladağ
TR.81.8631907	Pozantı
TR.81.8631908	İmamoğlu
TR.81.8631909	Karaisalı
TR.81.8631910	Karataş
TR.73.8631911	Altunhisar İlçesi
TR.73.8631912	Çamardı İlçesi
TR.73.8631913	Çiftlik İlçesi
TR.75.8631917	Eskil İlçesi
TR.75.8631919	Sarıyahşi İlçesi
TR.75.8631920	Ağaçören İlçesi
TR.75.8631922	Ortaköy İlçesi
TR.75.8631923	Gülağaç İlçesi
TR.75.8631925	Güzelyurt İlçesi
TR.50.8631927	Acıgöl İlçesi
TR.50.8631929	Gülşehir İlçesi
TR.50.8631930	Avanos İlçesi
TR.50.8631932	Derinkuyu İlçesi
TR.50.8631933	Kozaklı İlçesi
TR.50.8631934	Hacıbektaş İlçesi
TR.40.8631935	Akçakent İlçesi
TR.40.8631936	Çiçekdağı İlçesi
TR.40.8631937	Akpınar İlçesi
TR.40.8631938	Kaman İlçesi
TR.40.8631939	Boztepe İlçesi
TR.40.8631940	Mucur İlçesi
TR.79.8631941	Yahşihan İlçesi
TR.79.8631942	Bahşılı İlçesi
TR.79.8631943	Balışeyh İlçesi
TR.79.8631944	Delice İlçesi
TR.79.8631945	Sulakyurt İlçesi
TR.79.8631946	Keskin İlçesi
TR.15.8631949	Bucak İlçesi
TR.15.8631950	Çeltikçi İlçesi
TR.15.8631951	Ağlasun İlçesi
TR.15.8631952	Kemer İlçesi
TR.15.8631953	Çavdır İlçesi
TR.15.8631954	Tefenni İlçesi
TR.15.8631955	Karamanlı İlçesi
TR.15.8631956	Gölhisar İlçesi
TR.15.8631957	Altınyayla İlçesi
TR.15.8631958	Yeşilova İlçesi
TR.48.8631959	Dalaman
TR.48.8631960	Ortaca İlçesi
TR.48.8631962	Ula İlçesi
TR.48.8631963	Datça İlçesi
TR.79.8631964	Karakeçili İlçesi
TR.79.8631965	Çelebi İlçesi
TR.82.8631966	Eldivan İlçesi
TR.82.8631967	Kızılırmak İlçesi
TR.82.8631969	Çerkeş İlçesi
TR.82.8631971	Atkaracalar İlçesi
TR.82.8631972	Orta İlçesi
TR.82.8631973	Korgun İlçesi
TR.82.8631974	Bayramören İlçesi
TR.82.8631975	Ilgaz İlçesi
TR.82.8631976	Kurşunlu İlçesi
TR.82.8631977	Yapraklı İlçesi
TR.37.8631978	Taşköprü İlçesi
TR.37.8631979	Hanönü İlçesi
TR.37.8631980	Tosya İlçesi
TR.37.8631981	Araç İlçesi
TR.37.8631983	İhsangazi İlçesi
TR.37.8631984	Pınarbaşı İlçesi
TR.37.8631986	Daday İlçesi
TR.37.8631987	Azdavay İlçesi
TR.37.8631988	Şenpazar İlçesi
TR.37.8631989	Doğanyurt İlçesi
TR.37.8631990	Devrekani İlçesi
TR.37.8631991	Seydiler İlçesi
TR.37.8631992	Ağlı İlçesi
TR.37.8631993	İnebolu İlçesi
TR.37.8631994	Küre İlçesi
TR.37.8631995	Abana İlçesi
TR.37.8631996	Bozkurt İlçesi
TR.37.8631997	Çatalzeytin İlçesi
TR.19.8631998	Dodurga İlçesi
TR.19.8631999	Ortaköy İlçesi
TR.19.8632000	Mecitözü İlçesi
TR.19.8632021	Laçin İlçesi
TR.19.8632022	Oğuzlar İlçesi
TR.19.8632023	Kargı İlçesi
TR.19.8632024	Boğazkale İlçesi
TR.19.8632025	Alaca İlçesi
TR.19.8632026	Uğurludağ İlçesi
TR.19.8632027	Bayat İlçesi
TR.19.8632028	İskilip İlçesi
TR.57.8632029	Gerze İlçesi
TR.57.8632030	Dikmen İlçesi
TR.57.8632031	Durağan İlçesi
TR.57.8632032	Saraydüzü İlçesi
TR.57.8632033	Erfelek İlçesi
TR.57.8632034	Boyabat İlçesi
TR.57.8632035	Türkeli İlçesi
TR.68.8632037	Evren İlçesi
TR.68.8632039	Elmadağ İlçesi
TR.68.8632041	Kalecik İlçesi
TR.68.8632043	Akyurt İlçesi
TR.68.8632045	Çubuk İlçesi
TR.68.8632046	Mamak İlçesi
TR.68.8632047	Bala İlçesi
TR.68.8632050	Şereflikoçhisar İlçesi
TR.68.8632052	Nallıhan İlçesi
TR.68.8632056	Güdül İlçesi
TR.68.8632057	Haymana İlçesi
TR.68.8632058	Etimesgut İlçesi
TR.68.8632061	Ayaş İlçesi
TR.68.8632062	Çamlıdere İlçesi
TR.68.8632063	Kızılcahamam İlçesi
TR.71.8632065	Hadim İlçesi
TR.71.8632066	Ereğli İlçesi
TR.71.8632068	Halkapınar İlçesi
TR.71.8632069	Emirgazi İlçesi
TR.71.8632070	Karapınar İlçesi
TR.71.8632092	Kulu İlçesi
TR.71.8632094	Sarayönü İlçesi
TR.71.8632095	Altınekin İlçesi
TR.71.8632096	Kadınhanı İlçesi
TR.71.8632098	Derbent İlçesi
TR.71.8632099	Beyşehir İlçesi
TR.71.8632100	Seydişehir İlçesi
TR.71.8632102	Yalıhüyük İlçesi
TR.71.8632103	Ahırlı İlçesi
TR.71.8632104	Akören İlçesi
TR.71.8632105	Bozkır İlçesi
TR.71.8632106	Taşkent İlçesi
TR.71.8632107	Ilgın İlçesi
TR.71.8632108	Derebucak İlçesi
TR.71.8632109	Tuzlukçu İlçesi
TR.71.8632110	Yunak İlçesi
TR.71.8632111	Çeltik İlçesi
TR.71.8632112	Doğanhisar İlçesi
TR.71.8632113	Güneysınır İlçesi
TR.71.8632115	Meram İlçesi
TR.71.8632116	Çumra İlçesi
TR.71.8632117	Hüyük İlçesi
TR.71.8632118	Akşehir İlçesi
TR.78.8632131	Sarıveliler İlçesi
TR.78.8632132	Başyayla İlçesi
TR.78.8632133	Kazımkarabekir İlçesi
TR.78.8632134	Ayrancı İlçesi
TR.78.8632136	Ermenek İlçesi
TR.32.8632138	Bozyazı İlçesi
TR.32.8632141	Çamlıyayla İlçesi
TR.32.8632142	Mezitli İlçesi
TR.32.8632144	Gülnar İlçesi
TR.32.8632145	Aydıncık İlçesi
TR.32.8632146	Anamur İlçesi
TR.32.8632148	Silifke İlçesi
TR.32.8632149	Erdemli İlçesi
TR.07.8632151	Gazipaşa İlçesi
TR.07.8632153	Gündoğmuş İlçesi
TR.07.8632154	Akseki İlçesi
TR.07.8632156	İbradı İlçesi
TR.07.8632162	Demre İlçesi
TR.07.8632164	Korkuteli İlçesi
TR.07.8632165	Elmalı İlçesi
TR.07.8632166	Kaş İlçesi
TR.33.8632170	Yenişarbademli İlçesi
TR.33.8632171	Şarkîkaraağaç İlçesi
TR.33.8632172	Sütçüler İlçesi
TR.33.8632173	Aksu İlçesi
TR.33.8632175	Keçiborlu İlçesi
TR.33.8632176	Uluborlu İlçesi
TR.33.8632178	Senirkent İlçesi
TR.33.8632179	Gönen İlçesi
TR.33.8632180	Eğirdir İlçesi
TR.33.8632181	Atabey İlçesi
TR.33.8632182	Gelendost İlçesi
TR.33.8632184	Yalvaç İlçesi
TR.20.8632190	Çivril İlçesi
TR.20.8632192	Beyağaç İlçesi
TR.20.8632193	Acıpayam İlçesi
TR.20.8632194	Çameli İlçesi
TR.20.8632195	Güney İlçesi
TR.20.8632197	Bekilli
TR.20.8632198	Çal İlçesi
TR.20.8632200	Baklan İlçesi
TR.20.8632201	Bozkurt
TR.20.8632205	Babadağ İlçesi
TR.20.8632207	Kale İlçesi
TR.20.8632208	Tavas İlçesi
TR.20.8632210	Serinhisar İlçesi
TR.20.8632211	Buldan İlçesi
TR.20.8632212	Pamukkale İlçesi
TR.48.8632389	Milas İlçesi
TR.09.8632390	Söke İlçesi
TR.09.8632391	Koçarlı İlçesi
TR.09.8632392	Karpuzlu İlçesi
TR.09.8632393	Çine İlçesi
TR.09.8632394	Yenipazar İlçesi
TR.09.8632395	Bozdoğan İlçesi
TR.09.8632396	Karacasu
TR.09.8632397	Buharkent İlçesi
TR.09.8632398	Sultanhisar İlçesi
TR.09.8632399	Nazilli
TR.09.8632400	Kuyucak İlçesi
TR.09.8632401	Kuşadası İlçesi
TR.09.8632402	Germencik İlçesi
TR.09.8632403	İncirliova İlçesi
TR.09.8632404	Köşk İlçesi
TR.09.8632405	Didim
TR.45.8632406	Demirci İlçesi
TR.45.8632407	Selendi İlçesi
TR.45.8632408	Köprübaşı İlçesi
TR.45.8632409	Soma İlçesi
TR.45.8632410	Kırkağaç İlçesi
TR.45.8632411	Gördes İlçesi
TR.45.8632412	Akhisar İlçesi
TR.45.8632413	Gölmarmara İlçesi
TR.45.8632414	Ahmetli İlçesi
TR.45.8632415	Salihli İlçesi
TR.45.8632416	Alaşehir İlçesi
TR.45.8632417	Sarıgöl İlçesi
TR.45.8632418	Turgutlu İlçesi
TR.35.8632419	Kınık İlçesi
TR.35.8632420	Bayındır İlçesi
TR.35.8632421	Ödemiş İlçesi
TR.35.8632422	Kiraz İlçesi
TR.35.8632423	Urla İlçesi
TR.35.8632424	Karşıyaka İlçesi
TR.35.8632426	Selçuk İlçesi
TR.35.8632427	Çeşme İlçesi
TR.35.8632428	Karaburun İlçesi
TR.35.8632429	Foça İlçesi
TR.35.8632430	Dikili İlçesi
TR.10.8632431	Kepsut İlçesi
TR.10.8632432	Sındırgı İlçesi
TR.10.8632433	Bigadiç İlçesi
TR.10.8632434	Savaştepe İlçesi
TR.10.8632435	Ayvalık İlçesi
TR.10.8632436	Gömeç İlçesi
TR.10.8632437	İvrindi İlçesi
TR.10.8632438	Manyas İlçesi
TR.10.8632439	Susurluk İlçesi
TR.10.8632440	Balya İlçesi
TR.10.8632441	Erdek İlçesi
TR.10.8632442	Gönen İlçesi
TR.10.8632443	Burhaniye İlçesi
TR.10.8632444	Edremit İlçesi
TR.10.8632445	Havran İlçesi
TR.43.8632446	Gediz İlçesi
TR.43.8632447	Çavdarhisar İlçesi
TR.43.8632448	Aslanapa İlçesi
TR.43.8632449	Dumlupınar İlçesi
TR.43.8632450	Altıntaş İlçesi
TR.43.8632451	Domaniç İlçesi
TR.43.8632452	Tavşanlı İlçesi
TR.43.8632453	Pazarlar İlçesi
TR.43.8632454	Şaphane İlçesi
TR.43.8632455	Simav İlçesi
TR.43.8632456	Hisarcık İlçesi
TR.43.8632457	Emet İlçesi
TR.64.8632458	Karahallı İlçesi
TR.64.8632459	Ulubey
TR.64.8632460	Sivaslı İlçesi
TR.64.8632461	Banaz İlçesi
TR.64.8632462	Eşme İlçesi
TR.03.8632463	Evciler İlçesi
TR.03.8632464	Başmakçı İlçesi
TR.03.8632465	Dinar İlçesi
TR.03.8632466	Hocalar İlçesi
TR.03.8632467	Kızılören İlçesi
TR.03.8632468	Sandıklı İlçesi
TR.03.8632469	Şuhut İlçesi
TR.03.8632470	Çobanlar İlçesi
TR.03.8632471	Sinanpaşa İlçesi
TR.03.8632472	İhsaniye İlçesi
TR.03.8632473	Bolvadin İlçesi
TR.03.8632474	Çay İlçesi
TR.03.8632475	Sultandağı İlçesi
TR.03.8632476	Bayat İlçesi
TR.03.8632477	Emirdağ İlçesi
TR.03.8632478	Dazkırı İlçesi
TR.26.8632480	Günyüzü İlçesi
TR.26.8632481	Sivrihisar İlçesi
TR.26.8632482	Mihalıçcık İlçesi
TR.26.8632483	Beylikova İlçesi
TR.26.8632484	Alpu İlçesi
TR.26.8632485	Sarıcakaya İlçesi
TR.26.8632486	Mihalgazi İlçesi
TR.26.8632487	İnönü İlçesi
TR.26.8632488	Han İlçesi
TR.26.8632489	Seyitgazi İlçesi
TR.26.8632490	Mahmudiye İlçesi
TR.26.8632491	Çifteler İlçesi
TR.14.8632492	Mengen İlçesi
TR.14.8632493	Yeniçağa İlçesi
TR.14.8632495	Dörtdivan İlçesi
TR.14.8632496	Göynük İlçesi
TR.14.8632497	Kıbrıscık İlçesi
TR.14.8632498	Seben İlçesi
TR.14.8632499	Mudurnu İlçesi
TR.89.8632500	Eflani İlçesi
TR.89.8632501	Ovacık İlçesi
TR.89.8632502	Safranbolu İlçesi
TR.89.8632503	Yenice İlçesi
TR.89.8632504	Eskipazar İlçesi
TR.87.8632505	Amasra İlçesi
TR.87.8632506	Ulus İlçesi
TR.87.8632507	Kurucaşile İlçesi
TR.85.8632508	Çaycuma İlçesi
TR.85.8632509	Gökçebey İlçesi
TR.85.8632510	Devrek İlçesi
TR.85.8632511	Alaplı İlçesi
TR.93.8632513	Yığılca İlçesi
TR.93.8632514	Kaynaşlı İlçesi
TR.93.8632515	Çilimli İlçesi
TR.93.8632516	Gölyaka İlçesi
TR.93.8632517	Akçakoca İlçesi
TR.93.8632518	Cumayeri İlçesi
TR.93.8632519	Gümüşova İlçesi
TR.54.8632520	Akyazı İlçesi
TR.54.8632521	Taraklı İlçesi
TR.54.8632522	Karapürçek İlçesi
TR.54.8632523	Geyve İlçesi
TR.54.8632524	Pamukova İlçesi
TR.54.8632525	Sapanca İlçesi
TR.54.8632526	Hendek İlçesi
TR.54.8632527	Karasu İlçesi
TR.54.8632528	Kocaali İlçesi
TR.54.8632529	Ferizli İlçesi
TR.54.8632530	Söğütlü İlçesi
TR.54.8632531	Kaynarca İlçesi
TR.16.8632532	Orhangazi İlçesi
TR.16.8632533	İznik İlçesi
TR.16.8632534	Yenişehir İlçesi
TR.16.8632536	Mustafakemalpaşa İlçesi
TR.16.8632537	Karacabey İlçesi
TR.16.8632538	Keles İlçesi
TR.16.8632539	Orhaneli İlçesi
TR.16.8632540	Büyükorhan İlçesi
TR.16.8632541	Harmancık İlçesi
TR.92.8632542	Altınova İlçesi
TR.92.8632543	Termal İlçesi
TR.92.8632544	Çiftlikköy İlçesi
TR.92.8632545	Armutlu İlçesi
TR.92.8632546	Çınarcık İlçesi
TR.41.8632547	Kandıra İlçesi
TR.41.8632548	Gölcük İlçesi
TR.41.8632549	Derince İlçesi
TR.41.8632550	Körfez İlçesi
TR.41.8632551	Karamürsel İlçesi
TR.59.8632555	Marmara Ereğlisi İlçesi
TR.59.8632556	Hayrabolu İlçesi
TR.59.8632557	Muratlı İlçesi
TR.59.8632558	Saray İlçesi
TR.59.8632559	Malkara İlçesi
TR.59.8632560	Şarköy İlçesi
TR.39.8632561	Pehlivanköy İlçesi
TR.39.8632562	Babaeski İlçesi
TR.39.8632563	Lüleburgaz İlçesi
TR.39.8632564	Kofçaz İlçesi
TR.39.8632565	Pınarhisar İlçesi
TR.39.8632566	Demirköy İlçesi
TR.39.8632567	Vize İlçesi
TR.22.8632568	Uzunköprü İlçesi
TR.22.8632569	Lâlapaşa İlçesi
TR.22.8632570	Süloğlu İlçesi
TR.22.8632571	Havsa İlçesi
TR.22.8632572	Meriç İlçesi
TR.22.8632573	İpsala İlçesi
TR.22.8632574	Keşan İlçesi
TR.22.8632575	Enez İlçesi
TR.17.8632576	Yenice İlçesi
TR.17.8632577	Ayvacık İlçesi
TR.17.8632578	Ezine İlçesi
TR.17.8632579	Bayramiç İlçesi
TR.17.8632580	Çan İlçesi
TR.17.8632581	Lâpseki İlçesi
TR.17.8632582	Gelibolu İlçesi
TR.11.8632583	Yenipazar İlçesi
TR.11.8632584	Söğüt İlçesi
TR.11.8632586	Gölpazarı İlçesi
TR.11.8632587	Osmaneli İlçesi
TR.11.8632588	Bozüyük İlçesi
TR.11.8632589	Pazaryeri İlçesi
TR.07.9535332	Döşemealtı İlçesi
TR.07.9535333	Aksu
TR.07.9535334	Konyaaltı
TR.07.9535335	Muratpaşa İlçesi
TR.07.9535336	Kepez İlçesi
TR.10.9538520	Altıeylül İlçesi
TR.11.9538526	İnhisar İlçesi
TR.17.9538547	Eceabat
TR.20.9538816	Merkezefendi İlçesi
TR.25.9538817	Aziziye
TR.25.9538819	Yakutiye
TR.26.9538820	Tepebaşı
TR.26.9540749	Odunpazarı
TR.28.9540843	Tirebolu
TR.28.9541080	Keşap
TR.31.9541203	Samandağ
TR.31.9541389	Defne
TR.31.9541486	Payas
TR.31.9541531	Arsuz
TR.32.9542263	Toroslar
TR.32.9542422	Akdeniz
TR.35.9543231	Karabağlar
TR.35.9543771	Narlıdere
TR.41.9544571	İzmit
TR.41.9547999	Kartepe
TR.41.9548074	Başiskele
TR.41.9548124	Darıca
TR.41.9548231	Çayırova
TR.44.9548267	Pütürge
TR.44.9548308	Doğanyol
TR.44.9548365	Arguvan
TR.45.9548477	Yunusemre
TR.45.9548503	Şehzadeler
TR.46.9548545	Dulkadiroğlu
TR.46.9548652	Onikişubat
TR.48.9548757	Seydikemer
TR.48.9548851	Menteşe
TR.52.9548904	Altınordu
TR.53.9549009	İyidere
TR.53.9549101	Ardeşen
TR.53.9549145	Çayeli
TR.53.9549311	Fındıklı
TR.54.9549335	Adapazarı
TR.54.9549384	Serdivan
TR.54.9549457	Arifiye
TR.55.9549574	Canik
TR.55.9549630	İlkadım
TR.55.9549747	Atakum
TR.59.9549876	Kapaklı
TR.59.9549878	Süleymanpaşa
TR.61.9549891	Ortahisar
TR.61.9549892	Beşikdüzü
TR.61.9550057	Akçaabat
TR.63.9550246	Eyyübiye
TR.63.9550457	Karaköprü
TR.63.9550541	Haliliye
TR.65.9550890	Tuşba
TR.65.9550938	İpekyolu
TR.68.9551354	Pursaklar
TR.72.9552222	Artuklu
TR.81.9552711	Sarıçam
TR.81.9552840	Çukurova
TR.85.9553115	Kozlu
TR.85.9553975	Kilimli
TR.09.9564466	Efeler
TR.59.9564781	Ergene
TR.25.9565016	Palandöken
TR.21.9565090	Kayapınar
TR.21.9565135	Bağlar
TR.21.9565316	Yenişehir
TR.21.9565377	Sur
TR.10.10910316	Karesi İlçesi
TR.04.11778423	Ağrı
TR.08.11789075	Kemalpaşa
TR.75.11789076	Sultanhanı
TR.86.13308766	Ardahan
TR.87.13308767	Bartin
TR.77.13308768	Bayburt
TR.93.13308769	Duzce
TR.33.13308770	Isparta
TR.11.13308771	Bilecik
TR.79.13308772	Kirikkale
TR.84.13308773	Kars
TR.88.13308774	Iğdır İlçesi
TR.40.13308775	Kirsehir
TR.89.13308776	Karabuk
TR.53.13308777	Rize
TR.14.13308778	Bolu
TR.08.13308779	Artvin
TR.85.13308780	Zonguldak
TR.82.13308782	Cankiri
TR.22.13308783	Edirne
TR.24.13308784	Erzincan
TR.70.13308785	Hakkari
TR.78.13308786	Karaman
TR.37.13308787	Kastamonu
TR.39.13308788	Kirklareli
TR.43.13308789	Kutahya
TR.91.13308790	Osmaniye
TR.60.13308791	Tokat
TR.66.13308792	Yozgat
TW.03.TPQ	New Taipei City
TW.04.YUN	Yunlin
TW.04.TAO	Taoyuan
TW.04.TTT	Taitung
TW.04.TPE	Taipei City
TW.04.TNN	Tainan
TW.04.PIF	Pingtung
TW.04.PEN	Penghu County
TW.04.NAN	Nantou
TW.04.MIA	Miaoli
TW.04.ILA	Yilan
TW.04.HUA	Hualien
TW.04.HSQ	Hsinchu
TW.04.HSZ	Hsinchu County
TW.01.KIN	Kinmen County
TW.04.CYI	Chiayi
TW.04.CYQ	Chiayi County
TW.04.CHA	Changhua
TW.04.KEE	Keelung
TW.01.LIE	Lienchiang
TW.02.KHH	Kaohsiung
TW.04.TXG	Taichung City
TZ.13.5401	Wete District
TZ.17.1404	Urambo
TZ.10.0504	Ulanga
TZ.08.2001	Tarime
TZ.18.0404	Tanga
TZ.17.1406	Tabora Urban
TZ.24.1502	Sumbawanga
TZ.16.1302	Singida Rural District
TZ.15.1701	Shinyanga Urban
TZ.08.2002	Serengeti
TZ.12.1905	Sengerema
TZ.06.0303	Same
TZ.09.1204	Rungwe
TZ.02.0605	Rufiji
TZ.06.0301	Rombo District
TZ.18.0405	Pangani
TZ.17.1401	Nzega
TZ.24.1503	Nkasi
TZ.30.2204	Njombe District Council
TZ.26.0205	Ngorongoro
TZ.19.1805	Ngara
TZ.06.0302	Mwanga
TZ.08.2003	Musoma
TZ.19.1803	Muleba
TZ.18.0403	Muheza District
TZ.04.1102	Mufindi
TZ.03.0102	Mpwapwa
TZ.29.2302	Mpanda
TZ.10.0505	Morogoro Urban
TZ.26.0201	Monduli District
TZ.20.5502	Mkoani District
TZ.27.2103	Mbulu
TZ.32.1206	Mbozi
TZ.09.1202	Mbeya
TZ.31.2404	Maswa District
TZ.16.1303	Manyoni
TZ.30.2203	Makete
TZ.12.1902	Magu
TZ.02.0606	Mafia
TZ.18.0401	Lushoto
TZ.07.0804	Liwale
TZ.09.1203	Kyela
TZ.12.1904	Kwimba District
TZ.18.0402	Korogwe District
TZ.03.0101	Kondoa
TZ.13.5402	Micheweni
TZ.27.2105	Kiteto
TZ.02.0603	Kisarawe
TZ.23.0701	Kinondoni
TZ.07.0801	Kilwa
TZ.10.0501	Kilosa
TZ.10.0503	Kilombero
TZ.05.1601	Kibondo
TZ.19.1801	Karagwe
TZ.15.1704	Kahama Rural District
TZ.04.1101	Iringa Rural District
TZ.16.1301	Iramba
TZ.32.1205	Ileje
TZ.23.0702	Ilala
TZ.17.1402	Igunga
TZ.18.0406	Handeni
TZ.27.2102	Hanang District
TZ.06.0305	Hai
TZ.28.2501	Geita
TZ.09.1201	Chunya
TZ.20.5501	Chake Chake District
TZ.08.2004	Bunda
TZ.19.1802	Bukoba
TZ.19.1804	Biharamulo District
TZ.31.2401	Bariadi
TZ.02.0601	Bagamoyo
TZ.26.0202	Meru
TZ.14.1001	Tunduru
TZ.14.1002	Songea
TZ.11.0902	Newala
TZ.07.0803	Nachingwea
TZ.11.0901	Mtwara
TZ.14.1003	Mbinga
TZ.11.0903	Masasi
TZ.30.2205	Ludewa
TZ.07.0806	Lindi Urban
TZ.03.0104	Chamwino
TZ.15.1702	Kishapu District
TZ.05.1603	Kigoma Rural
TZ.31.2403	Meatu
TZ.12.1907	Misungwi district
TZ.04.1104	Kilolo District
TZ.17.1403	Uyui District
TZ.09.1207	Mbarali district
TZ.02.0602	Kibaha District
TZ.03.0103	Kongwa
TZ.27.2101	Babati District
TZ.27.2104	Simanjiro
TZ.07.0802	Lindi Rural
TZ.07.0805	Ruangwa
TZ.10.0502	Morogoro Rural
TZ.15.1703	Shinyanga Rural
TZ.04.1103	Iringa Urban District
TZ.03.0105	Dodoma Urban District
TZ.16.1304	Singida Urban District
TZ.02.0604	Mkuranga
TZ.06.0306	Moshi Urban District
TZ.28.2504	Bukombe District
TZ.10.0506	Mvomero District
TZ.26.0207	Longido District
TZ.11.0906	Nanyumbu District
TZ.17.1405	Sikonge District
TZ.26.0204	Karatu District
TZ.11.0904	Tandahimba
TZ.12.1903	Nyamagana District
TZ.28.2505	Chato District
TZ.24.1504	Sumbawanga Urban
TZ.05.1605	Uvinza District
TZ.05.1607	Kakonko District
TZ.26.0203	Arusha City
TZ.28.2503	Mbogwe
TZ.04.1105	Mafinga Town Council
TZ.19.1806	Bukoba Municipal
TZ.19.1807	Missenyi
TZ.29.2303	Mlele
TZ.29.2301	Mpanda Town
TZ.05.1608	Kasulu Town
TZ.05.1604	Kigoma Ujiji Municipal
TZ.27.2106	Babati Town
TZ.08.2007	Butiama
TZ.08.2005	Musoma Municipal
TZ.09.1208	Mbeya City
TZ.32.1210	Tunduma
TZ.10.0507	Gairo
TZ.11.0907	Masasi Town
TZ.30.2206	Makambako Town
TZ.30.2201	Njombe Town
TZ.30.2202	Wanging’ombe
TZ.02.0607	Kibaha Town
TZ.24.1501	Kalambo
TZ.14.1006	Nyasa
TZ.14.1004	Songea Municipal
TZ.15.1705	Kahama Town
TZ.16.1305	Ikungi
TZ.16.1306	Mkalama
TZ.17.1407	Kaliua
TZ.18.0410	Handeni Town
TZ.18.0409	Korogwe Town
TZ.18.0408	Mkinga
TZ.21.5201	Kati
TZ.25.5301	Magharibi
TZ.22.5101	Kaskazini A
TZ.22.5102	Kaskazini B
TZ.21.5202	Kusini
TZ.25.5302	Mjini
TZ.11.0905	Mtwara Urban
UA.01.7102	Zvenihorodka Raion
UA.01.7104	Zolotonosha Raion
UA.15.4604	Zolochivskyi Raion
UA.23.0506	Zhmerynka Raion
UA.27.1804	Zhytomyr Raion
UA.26.2306	Zaporizhzhya Raion
UA.15.4614	Yavorivskyi Raion
UA.13.3210	Vyshhorod Raion
UA.16.4804	Voznesensk Raion
UA.05.1404	Volnovakha Raion
UA.23.0502	Vinnytsya Raion
UA.06.2602	Verkhovyna Raion
UA.26.2304	Vasylivka Raion
UA.25.2110	Uzhhorod Raion
UA.01.7106	Uman Raion
UA.25.2108	Tyachiv Raion
UA.23.0510	Tulchyn Raion
UA.22.6104	Ternopil Raion
UA.14.4404	Dovzhanskyy Rayon
UA.14.4410	Svativskyi Raion
UA.21.5908	Sumskyi Raion
UA.14.4414	Starobilskyi Raion
UA.08.6508	Skadovsk Raion
UA.04.1214	Synelnykove Raion
UA.11.0116	Simferopol Raion
UA.09.6806	Shepetivka Raion
UA.19.5608	Sarnenskyi Raion
UA.21.5906	Romenskyi Raion
UA.17.5114	Rozdilna Raion
UA.25.2106	Rakhiv Raion
UA.02.7408	Prylutskyi Raion
UA.18.5308	Poltava Raion
UA.26.2310	Polohy Raion
UA.16.4808	Pervomaysk Raion
UA.04.1212	Pavlohrad Raion
UA.13.3212	Obukhiv Raion
UA.10.3506	Novoukrayinka Raion
UA.04.1210	Samar Raion
UA.04.1208	Nikopol Raion
UA.06.2612	Nadvirna Raion
UA.25.2104	Mukachevo Raion
UA.23.0508	Mohyliv-Podilskyy Raion
UA.18.5306	Myrhorod Raion
UA.26.2308	Melitopol Raion
UA.18.5304	Lubny Raion
UA.04.1206	Kryvyy Rih Raion
UA.22.6102	Kremenets Raion
UA.18.5302	Kremenchuk Raion
UA.11.0114	Perekop Raion
UA.11.0112	Kurman Raion
UA.07.6306	Berestynskyi Raion
UA.05.1416	Pokrovsk Raion
UA.17.5112	Podilsk Raion
UA.06.2610	Kosiv Raion
UA.02.7402	Koriukivskyi Raion
UA.27.1806	Korosten' Raion
UA.06.2608	Kolomyya Raion
UA.10.3504	Kropyvnytskyy Raion
UA.25.2112	Khust Raion
UA.23.0512	Khmilnyk Raion
UA.09.6804	Khmelnytskyy Raion
UA.24.0704	Kamin-Kashyrskyi Raion
UA.09.6802	Kamyanets-Podilskyy Raion
UA.06.2606	Kalush Raion
UA.08.6506	Kakhovka Raion
UA.17.5108	Izmail Raion
UA.10.3502	Holovanivsk Raion
UA.08.6504	Henichesk Raion
UA.23.0504	Haysyn Raion
UA.10.3508	Oleksandriya Raion
UA.13.3214	Fastiv Raion
UA.11.0106	Dzhankoyskiy rayon
UA.04.1202	Dnipro raion
UA.22.6106	Chortkiv Raion
UA.02.7410	Chernihiv Raion
UA.01.7108	Cherkasy Raion
UA.13.3206	Brovary Raion
UA.13.3204	Borispol’skiy Rayon
UA.17.5106	Bolhrad Raion
UA.07.6302	Bohodukhivskyi Raion
UA.08.6502	Beryslav Raion
UA.17.5102	Berezivka Raion
UA.25.2102	Berehove Raion
UA.26.2302	Berdyansk Raion
UA.27.1802	Berdychivskyy Rayon
UA.11.0104	Bilohirsk Raion
UA.17.5104	Bilhorod-Dnistrovskyy Raion
UA.16.4802	Bashtanka Raion
UA.11.0102	Bakhchysarai Raion
UA.05.1402	Bakhmut Raion
UA.21.5904	Okhtyrskiy Rayon
UA.11.0120	Yalta Raion
UA.11.0110	Kerch Raion
UA.12.8693025	Dnipro Raion
UA.07.6310	Lozova City Council
UA.07.6312	Kharkiv Raion
UA.07.6314	Chuhuiv Raion
UA.07.6308	Kupiansk Raion
UA.07.6304	Izyum Raion
UA.24.0702	Volodymyr-Volynska Miskrada
UA.24.0706	Kovel’s’ka Mis’krada
UA.24.0708	Lutsk Raion
UA.19.5604	Dubno Raion
UA.19.5606	Rivne Raion
UA.15.4610	Stryys’ka Mis’krada
UA.15.4608	Sambirs’ka Mis’krada
UA.27.1808	Zviahel Raion
UA.13.3202	Bilotserkivska Miskrada
UA.02.7404	Nizhyns’ka Mis’krada
UA.02.7406	Novhorod-Sivers’ka Mis’krada
UA.21.5910	Shostkyns’ka Mis’krada
UA.21.5902	Konotop Raion
UA.16.4806	Mykolayiv urban raion
UA.03.7302	Vyzhnytsya Raion
UA.11.0118	Feodosiya Raion
UA.11.0108	Yevpatoriya Raion
UA.19.5602	Varaskyi Raion
UA.17.5110	Odeskyi Raion
UA.15.4606	Lvivskyi Raion
UA.15.4612	Sheptytskyi Raion
UA.15.4602	Drohobytskyi Raion
UA.13.3208	Buchanskyi Raion
UA.08.6510	Khersonskyi Raion
UA.14.4402	Alchevskyi Raion
UA.14.4406	Luhansk Raion
UA.14.4408	Rovenkivskyi Raion
UA.14.4412	Siverskodonetskyi Raion
UA.14.4416	Shchastynskyi Raion
UA.06.2604	Ivano-Frankivskyi Raion
UA.05.1414	Mariupolskyi Raion
UA.05.1412	Kramatorskyi Raion
UA.05.1410	Kalmiuskyi Raion
UA.05.1406	Horlivskyi Raion
UA.05.1408	Donetsk Raion
UA.04.1204	Kamianskyi Raion
UA.03.7304	Dnistrovskyi Raion
UA.03.7306	Chernivetskyi Raion
UG.C.89	Mpigi District
UG.E.E1	Namutumba District
UG.E.C3	Bukedea District
UG.N.26	Apac District
UG.N.77	Arua District
UG.W.28	Bundibugyo District
UG.W.29	Bushenyi District
UG.N.30	Gulu District
UG.W.31	Hoima District
UG.E.78	Iganga District
UG.E.33	Jinja District
UG.W.34	Kabale District
UG.W.79	Kabarole District
UG.C.36	Kalangala District
UG.C.37	Kampala District
UG.E.38	Kamuli District
UG.E.39	Kapchorwa District
UG.W.40	Kasese District
UG.W.41	Kibale District
UG.C.42	Kiboga District
UG.W.43	Kisoro District
UG.N.84	Kitgum District
UG.N.45	Kotido District
UG.E.46	Kumi District
UG.N.47	Lira District
UG.C.70	Luwero District
UG.W.50	Masindi District
UG.E.87	Mbale District
UG.W.52	Mbarara District
UG.N.88	Moroto District
UG.N.72	Moyo District
UG.C.56	Mubende District
UG.C.90	Mukono District
UG.N.58	Nebbi District
UG.W.59	Ntungamo District
UG.E.60	Pallisa District
UG.C.61	Rakai District
UG.W.93	Rukungiri District
UG.E.95	Soroti District
UG.E.76	Tororo District
UG.N.65	Adjumani District
UG.E.67	Busia District
UG.E.69	Katakwi District
UG.C.73	Nakasongola District
UG.C.74	Sembabule District
UG.E.80	Kaberamaido District
UG.W.81	Kamwenge District
UG.W.82	Kanungu District
UG.C.83	Kayunga District
UG.W.85	Kyenjojo District
UG.E.86	Mayuge District
UG.N.91	Nakapiripirit District
UG.N.92	Pader District
UG.E.94	Sironko District
UG.C.96	Wakiso District
UG.N.97	Yumbe District
UG.N.B6	Abim District
UG.N.B7	Amolatar District
UG.E.B8	Amuria District
UG.N.B9	Amuru District
UG.E.C1	Budaka District
UG.E.C2	Bududa District
UG.W.C5	Buliisa District
UG.E.C6	Butaleja District
UG.N.C7	Dokolo District
UG.W.C8	Ibanda District
UG.W.C9	Isingiro District
UG.N.D1	Kaabong District
UG.E.D2	Kaliro District
UG.W.D3	Kiruhura District
UG.N.D4	Koboko District
UG.C.D5	Lyantonde District
UG.E.D6	Manafwa District
UG.N.D7	Maracha District
UG.C.D8	Mityana District
UG.C.D9	Nakaseke District
UG.N.E2	Oyam District
UG.E.C4	Bukwo District
UG.N.H2	Nwoya District
UG.C.F5	Kalungu District
UG.N.E5	Amudat District
UG.N.G8	Napak District
UG.N.G3	Lamwo District
UG.N.H7	Zombo District
UG.W.F7	Kiryandongo District
UG.N.F8	Kole District
UG.N.E3	Agago District
UG.N.H3	Otuke District
UG.N.E4	Alebtong District
UG.E.H5	Serere District
UG.E.G9	Ngora District
UG.E.F3	Buyende District
UG.E.F6	Kibuku District
UG.E.F9	Kween District
UG.E.G7	Namayingo District
UG.C.F2	Buvuma District
UG.C.E7	Buikwe District
UG.C.F4	Gomba District
UG.C.E8	Bukomansimbi District
UG.C.G5	Lwengo District
UG.W.G2	Kyegegwa District
UG.W.H1	Ntoroko District
UG.W.H4	Rubirizi District
UG.W.E6	Buhweju District
UG.W.G6	Mitoma District
UG.W.H6	Sheema District
UG.E.G4	Luuka District
UG.C.71	Masaka District
UG.E.H9	Butebo District
UG.C.I3	Kyotera District
UG.N.I5	Omoro District
UG.N.I6	Pakwach District
UG.W.I2	Kakumiro District
UG.W.I1	Kagadi District
UG.W.I7	Rubanda District
UG.W.H8	Bunyangabu District
US.AL.113	Russell County
US.GA.183	Long County
US.KY.015	Boone County
US.KY.205	Rowan County
US.AL.007	Bibb County
US.TN.013	Campbell County
US.AL.009	Blount County
US.AL.011	Bullock County
US.AL.013	Butler County
US.AL.015	Calhoun County
US.AL.017	Chambers County
US.AL.019	Cherokee County
US.AL.021	Chilton County
US.AL.023	Choctaw County
US.AL.025	Clarke County
US.AL.027	Clay County
US.AL.029	Cleburne County
US.AL.031	Coffee County
US.AL.033	Colbert County
US.AL.035	Conecuh County
US.AL.037	Coosa County
US.AL.039	Covington County
US.AL.041	Crenshaw County
US.AL.043	Cullman County
US.AL.045	Dale County
US.AL.047	Dallas County
US.AL.049	DeKalb County
US.AL.051	Elmore County
US.AL.053	Escambia County
US.AL.055	Etowah County
US.AL.057	Fayette County
US.AL.059	Franklin County
US.AL.061	Geneva County
US.AL.063	Greene County
US.AL.065	Hale County
US.AL.067	Henry County
US.AL.069	Houston County
US.AL.071	Jackson County
US.AL.073	Jefferson County
US.AL.075	Lamar County
US.AL.077	Lauderdale County
US.AL.079	Lawrence County
US.AL.081	Lee County
US.AL.083	Limestone County
US.AL.085	Lowndes County
US.AL.087	Macon County
US.AL.089	Madison County
US.AL.091	Marengo County
US.AL.093	Marion County
US.AL.095	Marshall County
US.AL.097	Mobile County
US.AL.099	Monroe County
US.AL.101	Montgomery County
US.AL.103	Morgan County
US.AL.105	Perry County
US.AL.107	Pickens County
US.AL.109	Pike County
US.AL.111	Randolph County
US.AL.115	St. Clair County
US.AL.117	Shelby County
US.AL.119	Sumter County
US.AL.121	Talladega County
US.AL.123	Tallapoosa County
US.AL.125	Tuscaloosa County
US.AL.127	Walker County
US.AL.129	Washington County
US.AL.131	Wilcox County
US.AL.133	Winston County
US.AR.001	Arkansas County
US.AR.003	Ashley County
US.AR.005	Baxter County
US.AR.007	Benton County
US.AR.009	Boone County
US.AR.011	Bradley County
US.AR.013	Calhoun County
US.AR.015	Carroll County
US.AR.017	Chicot County
US.AR.019	Clark County
US.AR.021	Clay County
US.AR.023	Cleburne County
US.AR.025	Cleveland County
US.AR.027	Columbia County
US.AR.029	Conway County
US.AR.031	Craighead County
US.AR.033	Crawford County
US.AR.035	Crittenden County
US.AR.037	Cross County
US.AR.039	Dallas County
US.AR.041	Desha County
US.AR.043	Drew County
US.AR.045	Faulkner County
US.AR.047	Franklin County
US.AR.049	Fulton County
US.AR.051	Garland County
US.AR.053	Grant County
US.AR.055	Greene County
US.AR.057	Hempstead County
US.AR.059	Hot Spring County
US.AR.061	Howard County
US.AR.063	Independence County
US.AR.065	Izard County
US.AR.067	Jackson County
US.AR.069	Jefferson County
US.AR.071	Johnson County
US.AR.073	Lafayette County
US.AR.075	Lawrence County
US.AR.077	Lee County
US.AR.079	Lincoln County
US.AR.081	Little River County
US.AR.083	Logan County
US.AR.085	Lonoke County
US.AR.087	Madison County
US.AR.089	Marion County
US.AR.091	Miller County
US.AR.093	Mississippi County
US.AR.095	Monroe County
US.AR.097	Montgomery County
US.AR.099	Nevada County
US.AR.101	Newton County
US.AR.103	Ouachita County
US.AR.105	Perry County
US.AR.107	Phillips County
US.AR.109	Pike County
US.AR.111	Poinsett County
US.AR.113	Polk County
US.AR.115	Pope County
US.AR.117	Prairie County
US.AR.119	Pulaski County
US.AR.121	Randolph County
US.AR.123	St. Francis County
US.AR.125	Saline County
US.AR.127	Scott County
US.AR.129	Searcy County
US.AR.131	Sebastian County
US.AR.133	Sevier County
US.AR.135	Sharp County
US.AR.137	Stone County
US.AR.139	Union County
US.AR.141	Van Buren County
US.AR.143	Washington County
US.AR.145	White County
US.AR.147	Woodruff County
US.AR.149	Yell County
US.DE.001	Kent County
US.DE.003	New Castle County
US.DE.005	Sussex County
US.FL.001	Alachua County
US.FL.003	Baker County
US.FL.005	Bay County
US.FL.007	Bradford County
US.FL.009	Brevard County
US.FL.011	Broward County
US.FL.013	Calhoun County
US.FL.015	Charlotte County
US.FL.017	Citrus County
US.FL.019	Clay County
US.FL.021	Collier County
US.FL.023	Columbia County
US.FL.027	DeSoto County
US.FL.029	Dixie County
US.FL.031	Duval County
US.FL.033	Escambia County
US.FL.035	Flagler County
US.FL.037	Franklin County
US.FL.039	Gadsden County
US.FL.041	Gilchrist County
US.FL.043	Glades County
US.FL.045	Gulf County
US.FL.047	Hamilton County
US.FL.049	Hardee County
US.FL.051	Hendry County
US.FL.053	Hernando County
US.FL.055	Highlands County
US.FL.057	Hillsborough County
US.FL.059	Holmes County
US.FL.061	Indian River County
US.FL.063	Jackson County
US.FL.065	Jefferson County
US.FL.067	Lafayette County
US.FL.069	Lake County
US.FL.071	Lee County
US.FL.073	Leon County
US.FL.075	Levy County
US.FL.077	Liberty County
US.FL.079	Madison County
US.FL.081	Manatee County
US.FL.083	Marion County
US.FL.085	Martin County
US.FL.086	Miami-Dade County
US.FL.087	Monroe County
US.FL.089	Nassau County
US.FL.091	Okaloosa County
US.FL.093	Okeechobee County
US.FL.095	Orange County
US.FL.097	Osceola County
US.FL.099	Palm Beach County
US.FL.101	Pasco County
US.FL.103	Pinellas County
US.FL.105	Polk County
US.FL.107	Putnam County
US.FL.109	Saint Johns County
US.FL.111	Saint Lucie County
US.FL.113	Santa Rosa County
US.FL.115	Sarasota County
US.FL.117	Seminole County
US.FL.119	Sumter County
US.FL.121	Suwannee County
US.FL.123	Taylor County
US.FL.125	Union County
US.FL.127	Volusia County
US.FL.129	Wakulla County
US.FL.131	Walton County
US.FL.133	Washington County
US.GA.001	Appling County
US.GA.003	Atkinson County
US.GA.005	Bacon County
US.GA.007	Baker County
US.GA.009	Baldwin County
US.GA.011	Banks County
US.GA.013	Barrow County
US.GA.015	Bartow County
US.GA.017	Ben Hill County
US.GA.019	Berrien County
US.GA.021	Bibb County
US.GA.023	Bleckley County
US.GA.025	Brantley County
US.GA.027	Brooks County
US.GA.029	Bryan County
US.GA.031	Bulloch County
US.GA.033	Burke County
US.GA.035	Butts County
US.GA.037	Calhoun County
US.GA.039	Camden County
US.GA.043	Candler County
US.GA.045	Carroll County
US.GA.047	Catoosa County
US.GA.049	Charlton County
US.GA.051	Chatham County
US.GA.053	Chattahoochee County
US.GA.055	Chattooga County
US.GA.057	Cherokee County
US.GA.059	Clarke County
US.GA.061	Clay County
US.GA.063	Clayton County
US.GA.065	Clinch County
US.GA.067	Cobb County
US.GA.069	Coffee County
US.GA.071	Colquitt County
US.GA.073	Columbia County
US.GA.075	Cook County
US.GA.077	Coweta County
US.GA.079	Crawford County
US.GA.081	Crisp County
US.GA.083	Dade County
US.GA.085	Dawson County
US.GA.089	DeKalb County
US.GA.087	Decatur County
US.GA.091	Dodge County
US.GA.093	Dooly County
US.GA.095	Dougherty County
US.GA.097	Douglas County
US.GA.099	Early County
US.GA.101	Echols County
US.GA.103	Effingham County
US.GA.105	Elbert County
US.GA.107	Emanuel County
US.GA.109	Evans County
US.GA.111	Fannin County
US.GA.113	Fayette County
US.GA.115	Floyd County
US.GA.117	Forsyth County
US.GA.119	Franklin County
US.GA.121	Fulton County
US.GA.123	Gilmer County
US.GA.125	Glascock County
US.GA.127	Glynn County
US.GA.129	Gordon County
US.GA.131	Grady County
US.GA.133	Greene County
US.GA.135	Gwinnett County
US.GA.137	Habersham County
US.GA.139	Hall County
US.GA.141	Hancock County
US.GA.143	Haralson County
US.GA.145	Harris County
US.GA.147	Hart County
US.GA.149	Heard County
US.GA.151	Henry County
US.GA.153	Houston County
US.GA.155	Irwin County
US.GA.157	Jackson County
US.GA.159	Jasper County
US.GA.161	Jeff Davis County
US.GA.163	Jefferson County
US.GA.165	Jenkins County
US.GA.167	Johnson County
US.GA.169	Jones County
US.GA.171	Lamar County
US.GA.173	Lanier County
US.GA.175	Laurens County
US.GA.177	Lee County
US.GA.179	Liberty County
US.GA.181	Lincoln County
US.GA.185	Lowndes County
US.GA.187	Lumpkin County
US.GA.193	Macon County
US.GA.195	Madison County
US.GA.197	Marion County
US.GA.189	McDuffie County
US.GA.191	McIntosh County
US.GA.199	Meriwether County
US.GA.201	Miller County
US.GA.205	Mitchell County
US.GA.207	Monroe County
US.GA.209	Montgomery County
US.GA.211	Morgan County
US.GA.213	Murray County
US.GA.215	Muscogee County
US.GA.217	Newton County
US.GA.219	Oconee County
US.GA.221	Oglethorpe County
US.GA.223	Paulding County
US.GA.225	Peach County
US.GA.227	Pickens County
US.GA.229	Pierce County
US.GA.231	Pike County
US.GA.233	Polk County
US.GA.235	Pulaski County
US.GA.237	Putnam County
US.GA.239	Quitman County
US.GA.241	Rabun County
US.GA.243	Randolph County
US.GA.245	Richmond County
US.GA.247	Rockdale County
US.GA.249	Schley County
US.GA.251	Screven County
US.GA.253	Seminole County
US.GA.255	Spalding County
US.GA.257	Stephens County
US.GA.259	Stewart County
US.GA.261	Sumter County
US.GA.263	Talbot County
US.GA.265	Taliaferro County
US.GA.267	Tattnall County
US.GA.269	Taylor County
US.GA.271	Telfair County
US.GA.273	Terrell County
US.GA.275	Thomas County
US.GA.277	Tift County
US.GA.279	Toombs County
US.GA.281	Towns County
US.GA.283	Treutlen County
US.GA.285	Troup County
US.GA.287	Turner County
US.GA.289	Twiggs County
US.GA.291	Union County
US.GA.293	Upson County
US.GA.295	Walker County
US.GA.297	Walton County
US.GA.299	Ware County
US.GA.301	Warren County
US.GA.303	Washington County
US.GA.305	Wayne County
US.GA.307	Webster County
US.GA.309	Wheeler County
US.GA.311	White County
US.GA.313	Whitfield County
US.GA.315	Wilcox County
US.GA.317	Wilkes County
US.GA.319	Wilkinson County
US.GA.321	Worth County
US.IL.001	Adams County
US.IL.003	Alexander County
US.IL.005	Bond County
US.IL.009	Brown County
US.IL.013	Calhoun County
US.IL.017	Cass County
US.IL.021	Christian County
US.IL.023	Clark County
US.IL.025	Clay County
US.IL.027	Clinton County
US.IL.029	Coles County
US.IL.033	Crawford County
US.IL.035	Cumberland County
US.IL.041	Douglas County
US.IL.045	Edgar County
US.IL.047	Edwards County
US.IL.049	Effingham County
US.IL.051	Fayette County
US.IL.055	Franklin County
US.IL.059	Gallatin County
US.IL.061	Greene County
US.IL.065	Hamilton County
US.IL.069	Hardin County
US.IL.077	Jackson County
US.IL.079	Jasper County
US.IL.081	Jefferson County
US.IL.083	Jersey County
US.IL.087	Johnson County
US.IL.101	Lawrence County
US.IL.115	Macon County
US.IL.117	Macoupin County
US.IL.119	Madison County
US.IL.121	Marion County
US.IL.127	Massac County
US.IL.133	Monroe County
US.IL.135	Montgomery County
US.IL.137	Morgan County
US.IL.139	Moultrie County
US.IL.145	Perry County
US.IL.149	Pike County
US.IL.151	Pope County
US.IL.153	Pulaski County
US.IL.157	Randolph County
US.IL.159	Richland County
US.IL.163	Saint Clair County
US.IL.165	Saline County
US.IL.167	Sangamon County
US.IL.171	Scott County
US.IL.173	Shelby County
US.IL.181	Union County
US.IL.185	Wabash County
US.IL.189	Washington County
US.IL.191	Wayne County
US.IL.193	White County
US.IL.199	Williamson County
US.IN.005	Bartholomew County
US.IN.013	Brown County
US.IN.019	Clark County
US.IN.021	Clay County
US.IN.025	Crawford County
US.IN.027	Daviess County
US.IN.031	Decatur County
US.IN.029	Dearborn County
US.IN.037	Dubois County
US.IN.041	Fayette County
US.IN.043	Floyd County
US.IN.047	Franklin County
US.IN.051	Gibson County
US.IN.055	Greene County
US.IN.059	Hancock County
US.IN.061	Harrison County
US.IN.063	Hendricks County
US.IN.065	Henry County
US.IN.071	Jackson County
US.IN.077	Jefferson County
US.IN.079	Jennings County
US.IN.081	Johnson County
US.IN.083	Knox County
US.IN.093	Lawrence County
US.IN.097	Marion County
US.IN.101	Martin County
US.IN.105	Monroe County
US.IN.109	Morgan County
US.IN.115	Ohio County
US.IN.117	Orange County
US.IN.119	Owen County
US.IN.121	Parke County
US.IN.123	Perry County
US.IN.125	Pike County
US.IN.129	Posey County
US.IN.133	Putnam County
US.IN.137	Ripley County
US.IN.139	Rush County
US.IN.143	Scott County
US.IN.145	Shelby County
US.IN.147	Spencer County
US.IN.153	Sullivan County
US.IN.155	Switzerland County
US.IN.161	Union County
US.IN.163	Vanderburgh County
US.IN.165	Vermillion County
US.IN.167	Vigo County
US.IN.173	Warrick County
US.IN.175	Washington County
US.IN.177	Wayne County
US.KS.001	Allen County
US.KS.003	Anderson County
US.KS.005	Atchison County
US.KS.007	Barber County
US.KS.009	Barton County
US.KS.011	Bourbon County
US.KS.013	Brown County
US.KS.015	Butler County
US.KS.017	Chase County
US.KS.019	Chautauqua County
US.KS.021	Cherokee County
US.KS.025	Clark County
US.KS.027	Clay County
US.KS.029	Cloud County
US.KS.031	Coffey County
US.KS.033	Comanche County
US.KS.035	Cowley County
US.KS.037	Crawford County
US.KS.041	Dickinson County
US.KS.043	Doniphan County
US.KS.045	Douglas County
US.KS.047	Edwards County
US.KS.049	Elk County
US.KS.051	Ellis County
US.KS.053	Ellsworth County
US.KS.057	Ford County
US.KS.059	Franklin County
US.KS.061	Geary County
US.KS.065	Graham County
US.KS.073	Greenwood County
US.KS.077	Harper County
US.KS.079	Harvey County
US.KS.083	Hodgeman County
US.KS.085	Jackson County
US.KS.087	Jefferson County
US.KS.089	Jewell County
US.KS.091	Johnson County
US.KS.095	Kingman County
US.KS.097	Kiowa County
US.KS.099	Labette County
US.KS.103	Leavenworth County
US.KS.105	Lincoln County
US.KS.107	Linn County
US.KS.111	Lyon County
US.KS.115	Marion County
US.KS.117	Marshall County
US.KS.113	McPherson County
US.KS.121	Miami County
US.KS.123	Mitchell County
US.KS.125	Montgomery County
US.KS.127	Morris County
US.KS.131	Nemaha County
US.KS.133	Neosho County
US.KS.135	Ness County
US.KS.137	Norton County
US.KS.139	Osage County
US.KS.141	Osborne County
US.KS.143	Ottawa County
US.KS.145	Pawnee County
US.KS.147	Phillips County
US.KS.149	Pottawatomie County
US.KS.151	Pratt County
US.KS.155	Reno County
US.KS.157	Republic County
US.KS.159	Rice County
US.KS.161	Riley County
US.KS.163	Rooks County
US.KS.165	Rush County
US.KS.167	Russell County
US.KS.169	Saline County
US.KS.173	Sedgwick County
US.KS.177	Shawnee County
US.KS.183	Smith County
US.KS.185	Stafford County
US.KS.191	Sumner County
US.KS.195	Trego County
US.KS.197	Wabaunsee County
US.KS.201	Washington County
US.KS.205	Wilson County
US.KS.207	Woodson County
US.KS.209	Wyandotte County
US.KY.001	Adair County
US.KY.003	Allen County
US.KY.005	Anderson County
US.KY.007	Ballard County
US.KY.009	Barren County
US.KY.011	Bath County
US.KY.013	Bell County
US.KY.017	Bourbon County
US.KY.019	Boyd County
US.KY.021	Boyle County
US.KY.023	Bracken County
US.KY.025	Breathitt County
US.KY.027	Breckinridge County
US.KY.029	Bullitt County
US.KY.031	Butler County
US.KY.033	Caldwell County
US.KY.035	Calloway County
US.KY.037	Campbell County
US.KY.039	Carlisle County
US.KY.041	Carroll County
US.KY.043	Carter County
US.KY.045	Casey County
US.KY.047	Christian County
US.KY.049	Clark County
US.KY.051	Clay County
US.KY.053	Clinton County
US.KY.055	Crittenden County
US.KY.057	Cumberland County
US.KY.059	Daviess County
US.KY.061	Edmonson County
US.KY.063	Elliott County
US.KY.065	Estill County
US.KY.067	Fayette County
US.KY.069	Fleming County
US.KY.071	Floyd County
US.KY.073	Franklin County
US.KY.075	Fulton County
US.KY.077	Gallatin County
US.KY.079	Garrard County
US.KY.081	Grant County
US.KY.083	Graves County
US.KY.085	Grayson County
US.KY.087	Green County
US.KY.089	Greenup County
US.KY.091	Hancock County
US.KY.093	Hardin County
US.KY.095	Harlan County
US.KY.097	Harrison County
US.KY.099	Hart County
US.KY.101	Henderson County
US.KY.103	Henry County
US.KY.105	Hickman County
US.KY.107	Hopkins County
US.KY.109	Jackson County
US.KY.111	Jefferson County
US.KY.113	Jessamine County
US.KY.115	Johnson County
US.KY.117	Kenton County
US.KY.119	Knott County
US.KY.121	Knox County
US.KY.123	Larue County
US.KY.125	Laurel County
US.KY.127	Lawrence County
US.KY.129	Lee County
US.KY.131	Leslie County
US.KY.133	Letcher County
US.KY.135	Lewis County
US.KY.137	Lincoln County
US.KY.139	Livingston County
US.KY.141	Logan County
US.KY.143	Lyon County
US.KY.151	Madison County
US.KY.153	Magoffin County
US.KY.155	Marion County
US.KY.157	Marshall County
US.KY.159	Martin County
US.KY.161	Mason County
US.KY.145	McCracken County
US.KY.147	McCreary County
US.KY.149	McLean County
US.KY.163	Meade County
US.KY.165	Menifee County
US.KY.167	Mercer County
US.KY.169	Metcalfe County
US.KY.171	Monroe County
US.KY.173	Montgomery County
US.KY.175	Morgan County
US.KY.177	Muhlenberg County
US.KY.179	Nelson County
US.KY.181	Nicholas County
US.KY.183	Ohio County
US.KY.185	Oldham County
US.KY.187	Owen County
US.KY.189	Owsley County
US.KY.191	Pendleton County
US.KY.193	Perry County
US.KY.195	Pike County
US.KY.197	Powell County
US.KY.199	Pulaski County
US.KY.201	Robertson County
US.KY.203	Rockcastle County
US.KY.207	Russell County
US.KY.209	Scott County
US.KY.211	Shelby County
US.KY.213	Simpson County
US.KY.215	Spencer County
US.KY.217	Taylor County
US.KY.219	Todd County
US.KY.221	Trigg County
US.KY.223	Trimble County
US.KY.225	Union County
US.KY.227	Warren County
US.KY.229	Washington County
US.KY.231	Wayne County
US.KY.233	Webster County
US.KY.235	Whitley County
US.KY.237	Wolfe County
US.KY.239	Woodford County
US.LA.001	Acadia Parish
US.LA.003	Allen Parish
US.LA.005	Ascension Parish
US.LA.007	Assumption Parish
US.LA.009	Avoyelles Parish
US.LA.011	Beauregard Parish
US.LA.013	Bienville Parish
US.LA.015	Bossier Parish
US.LA.017	Caddo Parish
US.LA.019	Calcasieu Parish
US.LA.021	Caldwell Parish
US.LA.023	Cameron Parish
US.LA.025	Catahoula Parish
US.LA.027	Claiborne Parish
US.LA.029	Concordia Parish
US.LA.031	De Soto Parish
US.LA.033	East Baton Rouge Parish
US.LA.035	East Carroll Parish
US.LA.037	East Feliciana Parish
US.LA.039	Evangeline Parish
US.LA.041	Franklin Parish
US.LA.043	Grant Parish
US.LA.045	Iberia Parish
US.LA.047	Iberville Parish
US.LA.049	Jackson Parish
US.LA.053	Jefferson Davis Parish
US.LA.051	Jefferson Parish
US.LA.059	LaSalle Parish
US.LA.055	Lafayette Parish
US.LA.057	Lafourche Parish
US.LA.061	Lincoln Parish
US.LA.063	Livingston Parish
US.LA.065	Madison Parish
US.LA.067	Morehouse Parish
US.LA.069	Natchitoches Parish
US.LA.071	Orleans Parish
US.LA.073	Ouachita Parish
US.LA.075	Plaquemines Parish
US.LA.077	Pointe Coupee Parish
US.LA.079	Rapides Parish
US.LA.081	Red River Parish
US.LA.083	Richland Parish
US.LA.085	Sabine Parish
US.LA.087	Saint Bernard Parish
US.LA.089	Saint Charles Parish
US.LA.091	Saint Helena Parish
US.LA.093	Saint James Parish
US.LA.095	Saint John the Baptist Parish
US.LA.097	Saint Landry Parish
US.LA.099	Saint Martin Parish
US.LA.101	St. Mary Parish
US.LA.103	Saint Tammany Parish
US.LA.105	Tangipahoa Parish
US.LA.107	Tensas Parish
US.LA.109	Terrebonne Parish
US.LA.111	Union Parish
US.LA.113	Vermilion Parish
US.LA.115	Vernon Parish
US.LA.117	Washington Parish
US.LA.119	Webster Parish
US.LA.121	West Baton Rouge Parish
US.LA.123	West Carroll Parish
US.LA.125	West Feliciana Parish
US.LA.127	Winn Parish
US.MD.001	Allegany County
US.MD.003	Anne Arundel County
US.MD.005	Baltimore County
US.MD.510	City of Baltimore
US.MD.009	Calvert County
US.MD.011	Caroline County
US.MD.013	Carroll County
US.MD.015	Cecil County
US.MD.017	Charles County
US.MD.019	Dorchester County
US.MD.021	Frederick County
US.MD.023	Garrett County
US.MD.025	Harford County
US.MD.027	Howard County
US.MD.029	Kent County
US.MD.031	Montgomery County
US.MD.033	Prince George's County
US.MD.035	Queen Anne's County
US.MD.037	Saint Mary's County
US.MD.039	Somerset County
US.MD.041	Talbot County
US.MD.043	Washington County
US.MD.045	Wicomico County
US.MD.047	Worcester County
US.MO.003	Andrew County
US.MO.007	Audrain County
US.MO.009	Barry County
US.MO.011	Barton County
US.MO.013	Bates County
US.MO.015	Benton County
US.MO.017	Bollinger County
US.MO.019	Boone County
US.MO.021	Buchanan County
US.MO.023	Butler County
US.MO.025	Caldwell County
US.MO.027	Callaway County
US.MO.029	Camden County
US.MO.031	Cape Girardeau County
US.MO.033	Carroll County
US.MO.035	Carter County
US.MO.037	Cass County
US.MO.039	Cedar County
US.MO.041	Chariton County
US.MO.043	Christian County
US.MO.047	Clay County
US.MO.049	Clinton County
US.MO.051	Cole County
US.MO.053	Cooper County
US.MO.055	Crawford County
US.MO.057	Dade County
US.MO.059	Dallas County
US.MO.061	Daviess County
US.MO.063	DeKalb County
US.MO.065	Dent County
US.MO.067	Douglas County
US.MO.069	Dunklin County
US.MO.071	Franklin County
US.MO.073	Gasconade County
US.MO.077	Greene County
US.MO.083	Henry County
US.MO.085	Hickory County
US.MO.089	Howard County
US.MO.091	Howell County
US.MO.093	Iron County
US.MO.095	Jackson County
US.MO.097	Jasper County
US.MO.099	Jefferson County
US.MO.101	Johnson County
US.MO.105	Laclede County
US.MO.107	Lafayette County
US.MO.109	Lawrence County
US.MO.113	Lincoln County
US.MO.115	Linn County
US.MO.117	Livingston County
US.MO.121	Macon County
US.MO.123	Madison County
US.MO.125	Maries County
US.MO.127	Marion County
US.MO.119	McDonald County
US.MO.131	Miller County
US.MO.133	Mississippi County
US.MO.135	Moniteau County
US.MO.137	Monroe County
US.MO.139	Montgomery County
US.MO.141	Morgan County
US.MO.143	New Madrid County
US.MO.145	Newton County
US.MO.149	Oregon County
US.MO.151	Osage County
US.MO.153	Ozark County
US.MO.155	Pemiscot County
US.MO.157	Perry County
US.MO.159	Pettis County
US.MO.161	Phelps County
US.MO.163	Pike County
US.MO.165	Platte County
US.MO.167	Polk County
US.MO.169	Pulaski County
US.MO.173	Ralls County
US.MO.175	Randolph County
US.MO.177	Ray County
US.MO.179	Reynolds County
US.MO.181	Ripley County
US.MO.183	Saint Charles County
US.MO.185	St. Clair County
US.MO.187	Saint Francois County
US.MO.189	Saint Louis County
US.MO.510	City of Saint Louis
US.MO.186	Sainte Genevieve County
US.MO.195	Saline County
US.MO.201	Scott County
US.MO.203	Shannon County
US.MO.205	Shelby County
US.MO.207	Stoddard County
US.MO.209	Stone County
US.MO.213	Taney County
US.MO.215	Texas County
US.MO.217	Vernon County
US.MO.219	Warren County
US.MO.221	Washington County
US.MO.223	Wayne County
US.MO.225	Webster County
US.MO.229	Wright County
US.MS.001	Adams County
US.MS.003	Alcorn County
US.MS.005	Amite County
US.MS.007	Attala County
US.MS.009	Benton County
US.MS.011	Bolivar County
US.MS.013	Calhoun County
US.MS.015	Carroll County
US.MS.017	Chickasaw County
US.MS.019	Choctaw County
US.MS.021	Claiborne County
US.MS.023	Clarke County
US.MS.025	Clay County
US.MS.027	Coahoma County
US.MS.029	Copiah County
US.MS.031	Covington County
US.MS.033	DeSoto County
US.MS.035	Forrest County
US.MS.037	Franklin County
US.MS.039	George County
US.MS.041	Greene County
US.MS.043	Grenada County
US.MS.045	Hancock County
US.MS.047	Harrison County
US.MS.049	Hinds County
US.MS.051	Holmes County
US.MS.053	Humphreys County
US.MS.055	Issaquena County
US.MS.057	Itawamba County
US.MS.059	Jackson County
US.MS.061	Jasper County
US.MS.063	Jefferson County
US.MS.065	Jefferson Davis County
US.MS.067	Jones County
US.MS.069	Kemper County
US.MS.071	Lafayette County
US.MS.073	Lamar County
US.MS.075	Lauderdale County
US.MS.077	Lawrence County
US.MS.079	Leake County
US.MS.081	Lee County
US.MS.083	Leflore County
US.MS.085	Lincoln County
US.MS.087	Lowndes County
US.MS.089	Madison County
US.MS.091	Marion County
US.MS.093	Marshall County
US.MS.097	Montgomery County
US.MS.095	Monroe County
US.MS.099	Neshoba County
US.MS.101	Newton County
US.MS.103	Noxubee County
US.MS.105	Oktibbeha County
US.MS.107	Panola County
US.MS.109	Pearl River County
US.MS.111	Perry County
US.MS.113	Pike County
US.MS.115	Pontotoc County
US.MS.117	Prentiss County
US.MS.119	Quitman County
US.MS.121	Rankin County
US.MS.123	Scott County
US.MS.125	Sharkey County
US.MS.127	Simpson County
US.MS.129	Smith County
US.MS.131	Stone County
US.MS.133	Sunflower County
US.MS.135	Tallahatchie County
US.MS.137	Tate County
US.MS.139	Tippah County
US.MS.141	Tishomingo County
US.MS.143	Tunica County
US.MS.145	Union County
US.MS.147	Walthall County
US.MS.149	Warren County
US.MS.151	Washington County
US.MS.153	Wayne County
US.MS.155	Webster County
US.MS.157	Wilkinson County
US.MS.159	Winston County
US.MS.161	Yalobusha County
US.MS.163	Yazoo County
US.NC.001	Alamance County
US.NC.003	Alexander County
US.NC.005	Alleghany County
US.NC.007	Anson County
US.NC.009	Ashe County
US.NC.011	Avery County
US.NC.013	Beaufort County
US.NC.015	Bertie County
US.NC.017	Bladen County
US.NC.019	Brunswick County
US.NC.021	Buncombe County
US.NC.023	Burke County
US.NC.025	Cabarrus County
US.NC.027	Caldwell County
US.NC.029	Camden County
US.NC.031	Carteret County
US.NC.033	Caswell County
US.NC.035	Catawba County
US.NC.037	Chatham County
US.NC.039	Cherokee County
US.NC.041	Chowan County
US.NC.043	Clay County
US.NC.045	Cleveland County
US.NC.047	Columbus County
US.NC.049	Craven County
US.NC.051	Cumberland County
US.NC.053	Currituck County
US.NC.055	Dare County
US.NC.057	Davidson County
US.NC.059	Davie County
US.NC.061	Duplin County
US.NC.063	Durham County
US.NC.065	Edgecombe County
US.NC.067	Forsyth County
US.NC.069	Franklin County
US.NC.071	Gaston County
US.NC.073	Gates County
US.NC.075	Graham County
US.NC.077	Granville County
US.NC.079	Greene County
US.NC.081	Guilford County
US.NC.083	Halifax County
US.NC.085	Harnett County
US.NC.087	Haywood County
US.NC.089	Henderson County
US.NC.091	Hertford County
US.NC.093	Hoke County
US.NC.095	Hyde County
US.NC.097	Iredell County
US.NC.099	Jackson County
US.NC.101	Johnston County
US.NC.103	Jones County
US.NC.105	Lee County
US.NC.107	Lenoir County
US.NC.109	Lincoln County
US.NC.113	Macon County
US.NC.115	Madison County
US.NC.117	Martin County
US.NC.111	McDowell County
US.NC.119	Mecklenburg County
US.NC.121	Mitchell County
US.NC.123	Montgomery County
US.NC.125	Moore County
US.NC.127	Nash County
US.NC.129	New Hanover County
US.NC.131	Northampton County
US.NC.133	Onslow County
US.NC.135	Orange County
US.NC.137	Pamlico County
US.NC.139	Pasquotank County
US.NC.141	Pender County
US.NC.143	Perquimans County
US.NC.145	Person County
US.NC.147	Pitt County
US.NC.149	Polk County
US.NC.151	Randolph County
US.NC.153	Richmond County
US.NC.155	Robeson County
US.NC.157	Rockingham County
US.NC.159	Rowan County
US.NC.161	Rutherford County
US.NC.163	Sampson County
US.NC.165	Scotland County
US.NC.167	Stanly County
US.NC.169	Stokes County
US.NC.171	Surry County
US.NC.173	Swain County
US.NC.175	Transylvania County
US.NC.177	Tyrrell County
US.NC.179	Union County
US.NC.181	Vance County
US.NC.183	Wake County
US.NC.185	Warren County
US.NC.187	Washington County
US.NC.189	Watauga County
US.NC.191	Wayne County
US.NC.193	Wilkes County
US.NC.195	Wilson County
US.NC.197	Yadkin County
US.NC.199	Yancey County
US.NJ.001	Atlantic County
US.NJ.005	Burlington County
US.NJ.007	Camden County
US.NJ.009	Cape May County
US.NJ.011	Cumberland County
US.NJ.015	Gloucester County
US.NJ.029	Ocean County
US.NJ.033	Salem County
US.OH.001	Adams County
US.OH.009	Athens County
US.OH.015	Brown County
US.OH.017	Butler County
US.OH.023	Clark County
US.OH.025	Clermont County
US.OH.027	Clinton County
US.OH.045	Fairfield County
US.OH.047	Fayette County
US.OH.049	Franklin County
US.OH.053	Gallia County
US.OH.057	Greene County
US.OH.061	Hamilton County
US.OH.071	Highland County
US.OH.073	Hocking County
US.OH.079	Jackson County
US.OH.087	Lawrence County
US.OH.097	Madison County
US.OH.105	Meigs County
US.OH.111	Monroe County
US.OH.113	Montgomery County
US.OH.115	Morgan County
US.OH.119	Muskingum County
US.OH.121	Noble County
US.OH.127	Perry County
US.OH.129	Pickaway County
US.OH.131	Pike County
US.OH.135	Preble County
US.OH.141	Ross County
US.OH.145	Scioto County
US.OH.163	Vinton County
US.OH.165	Warren County
US.OH.167	Washington County
US.OK.001	Adair County
US.OK.003	Alfalfa County
US.OK.005	Atoka County
US.OK.009	Beckham County
US.OK.011	Blaine County
US.OK.013	Bryan County
US.OK.015	Caddo County
US.OK.017	Canadian County
US.OK.019	Carter County
US.OK.021	Cherokee County
US.OK.023	Choctaw County
US.OK.027	Cleveland County
US.OK.029	Coal County
US.OK.031	Comanche County
US.OK.033	Cotton County
US.OK.035	Craig County
US.OK.037	Creek County
US.OK.039	Custer County
US.OK.041	Delaware County
US.OK.043	Dewey County
US.OK.045	Ellis County
US.OK.047	Garfield County
US.OK.049	Garvin County
US.OK.051	Grady County
US.OK.053	Grant County
US.OK.055	Greer County
US.OK.057	Harmon County
US.OK.059	Harper County
US.OK.061	Haskell County
US.OK.063	Hughes County
US.OK.065	Jackson County
US.OK.067	Jefferson County
US.OK.069	Johnston County
US.OK.071	Kay County
US.OK.073	Kingfisher County
US.OK.075	Kiowa County
US.OK.077	Latimer County
US.OK.079	LeFlore County
US.OK.081	Lincoln County
US.OK.083	Logan County
US.OK.085	Love County
US.OK.093	Major County
US.OK.095	Marshall County
US.OK.097	Mayes County
US.OK.087	McClain County
US.OK.089	McCurtain County
US.OK.091	McIntosh County
US.OK.099	Murray County
US.OK.101	Muskogee County
US.OK.103	Noble County
US.OK.105	Nowata County
US.OK.107	Okfuskee County
US.OK.109	Oklahoma County
US.OK.111	Okmulgee County
US.OK.113	Osage County
US.OK.115	Ottawa County
US.OK.117	Pawnee County
US.OK.119	Payne County
US.OK.121	Pittsburg County
US.OK.123	Pontotoc County
US.OK.125	Pottawatomie County
US.OK.127	Pushmataha County
US.OK.129	Roger Mills County
US.OK.131	Rogers County
US.OK.133	Seminole County
US.OK.135	Sequoyah County
US.OK.137	Stephens County
US.OK.141	Tillman County
US.OK.143	Tulsa County
US.OK.145	Wagoner County
US.OK.147	Washington County
US.OK.149	Washita County
US.OK.151	Woods County
US.OK.153	Woodward County
US.PA.001	Adams County
US.SC.001	Abbeville County
US.SC.003	Aiken County
US.SC.005	Allendale County
US.SC.007	Anderson County
US.SC.009	Bamberg County
US.SC.011	Barnwell County
US.SC.013	Beaufort County
US.SC.015	Berkeley County
US.SC.017	Calhoun County
US.SC.019	Charleston County
US.SC.021	Cherokee County
US.SC.023	Chester County
US.SC.025	Chesterfield County
US.SC.027	Clarendon County
US.SC.029	Colleton County
US.SC.031	Darlington County
US.SC.033	Dillon County
US.SC.035	Dorchester County
US.SC.037	Edgefield County
US.SC.039	Fairfield County
US.SC.041	Florence County
US.SC.043	Georgetown County
US.SC.045	Greenville County
US.SC.047	Greenwood County
US.SC.049	Hampton County
US.SC.051	Horry County
US.SC.053	Jasper County
US.SC.055	Kershaw County
US.SC.057	Lancaster County
US.SC.059	Laurens County
US.SC.061	Lee County
US.SC.063	Lexington County
US.SC.067	Marion County
US.SC.069	Marlboro County
US.SC.065	McCormick County
US.SC.071	Newberry County
US.SC.073	Oconee County
US.SC.075	Orangeburg County
US.SC.077	Pickens County
US.SC.079	Richland County
US.SC.081	Saluda County
US.SC.083	Spartanburg County
US.SC.085	Sumter County
US.SC.087	Union County
US.SC.089	Williamsburg County
US.SC.091	York County
US.TN.001	Anderson County
US.TN.005	Benton County
US.TN.007	Bledsoe County
US.TN.009	Blount County
US.TN.011	Bradley County
US.TN.015	Cannon County
US.TN.017	Carroll County
US.TN.019	Carter County
US.TN.021	Cheatham County
US.TN.023	Chester County
US.TN.025	Claiborne County
US.TN.027	Clay County
US.TN.029	Cocke County
US.TN.031	Coffee County
US.TN.033	Crockett County
US.TN.035	Cumberland County
US.TN.037	Davidson County
US.TN.041	DeKalb County
US.TN.039	Decatur County
US.TN.043	Dickson County
US.TN.045	Dyer County
US.TN.047	Fayette County
US.TN.049	Fentress County
US.TN.051	Franklin County
US.TN.053	Gibson County
US.TN.055	Giles County
US.TN.057	Grainger County
US.TN.059	Greene County
US.TN.061	Grundy County
US.TN.063	Hamblen County
US.TN.065	Hamilton County
US.TN.067	Hancock County
US.TN.069	Hardeman County
US.TN.071	Hardin County
US.TN.073	Hawkins County
US.TN.075	Haywood County
US.TN.077	Henderson County
US.TN.079	Henry County
US.TN.081	Hickman County
US.TN.083	Houston County
US.TN.085	Humphreys County
US.TN.087	Jackson County
US.TN.089	Jefferson County
US.TN.091	Johnson County
US.TN.093	Knox County
US.TN.095	Lake County
US.TN.097	Lauderdale County
US.TN.099	Lawrence County
US.TN.101	Lewis County
US.TN.103	Lincoln County
US.TN.105	Loudon County
US.TN.111	Macon County
US.TN.113	Madison County
US.TN.115	Marion County
US.TN.117	Marshall County
US.TN.119	Maury County
US.TN.107	McMinn County
US.TN.109	McNairy County
US.TN.121	Meigs County
US.TN.123	Monroe County
US.TN.125	Montgomery County
US.TN.127	Moore County
US.TN.129	Morgan County
US.TN.131	Obion County
US.TN.133	Overton County
US.TN.135	Perry County
US.TN.137	Pickett County
US.TN.139	Polk County
US.TN.141	Putnam County
US.TN.143	Rhea County
US.TN.145	Roane County
US.TN.147	Robertson County
US.TN.149	Rutherford County
US.TN.151	Scott County
US.TN.153	Sequatchie County
US.TN.155	Sevier County
US.TN.157	Shelby County
US.TN.159	Smith County
US.TN.161	Stewart County
US.TN.163	Sullivan County
US.TN.165	Sumner County
US.TN.167	Tipton County
US.TN.169	Trousdale County
US.TN.171	Unicoi County
US.TN.173	Union County
US.TN.175	Van Buren County
US.TN.177	Warren County
US.TN.179	Washington County
US.TN.181	Wayne County
US.TN.183	Weakley County
US.TN.185	White County
US.TN.187	Williamson County
US.TN.189	Wilson County
US.TX.001	Anderson County
US.TX.005	Angelina County
US.TX.007	Aransas County
US.TX.009	Archer County
US.TX.013	Atascosa County
US.TX.015	Austin County
US.TX.019	Bandera County
US.TX.021	Bastrop County
US.TX.023	Baylor County
US.TX.025	Bee County
US.TX.027	Bell County
US.TX.029	Bexar County
US.TX.031	Blanco County
US.TX.035	Bosque County
US.TX.037	Bowie County
US.TX.039	Brazoria County
US.TX.041	Brazos County
US.TX.047	Brooks County
US.TX.049	Brown County
US.TX.051	Burleson County
US.TX.053	Burnet County
US.TX.055	Caldwell County
US.TX.057	Calhoun County
US.TX.059	Callahan County
US.TX.061	Cameron County
US.TX.063	Camp County
US.TX.067	Cass County
US.TX.071	Chambers County
US.TX.073	Cherokee County
US.TX.077	Clay County
US.TX.083	Coleman County
US.TX.085	Collin County
US.TX.089	Colorado County
US.TX.091	Comal County
US.TX.093	Comanche County
US.TX.095	Concho County
US.TX.097	Cooke County
US.TX.099	Coryell County
US.TX.113	Dallas County
US.TX.123	DeWitt County
US.TX.119	Delta County
US.TX.121	Denton County
US.TX.127	Dimmit County
US.TX.131	Duval County
US.TX.133	Eastland County
US.TX.139	Ellis County
US.TX.143	Erath County
US.TX.145	Falls County
US.TX.147	Fannin County
US.TX.149	Fayette County
US.TX.155	Foard County
US.TX.157	Fort Bend County
US.TX.159	Franklin County
US.TX.161	Freestone County
US.TX.163	Frio County
US.TX.167	Galveston County
US.TX.171	Gillespie County
US.TX.175	Goliad County
US.TX.177	Gonzales County
US.TX.181	Grayson County
US.TX.183	Gregg County
US.TX.185	Grimes County
US.TX.187	Guadalupe County
US.TX.193	Hamilton County
US.TX.197	Hardeman County
US.TX.199	Hardin County
US.TX.201	Harris County
US.TX.203	Harrison County
US.TX.207	Haskell County
US.TX.209	Hays County
US.TX.213	Henderson County
US.TX.215	Hidalgo County
US.TX.217	Hill County
US.TX.221	Hood County
US.TX.223	Hopkins County
US.TX.225	Houston County
US.TX.231	Hunt County
US.TX.237	Jack County
US.TX.239	Jackson County
US.TX.241	Jasper County
US.TX.245	Jefferson County
US.TX.247	Jim Hogg County
US.TX.249	Jim Wells County
US.TX.251	Johnson County
US.TX.253	Jones County
US.TX.255	Karnes County
US.TX.257	Kaufman County
US.TX.259	Kendall County
US.TX.261	Kenedy County
US.TX.265	Kerr County
US.TX.267	Kimble County
US.TX.273	Kleberg County
US.TX.275	Knox County
US.TX.283	La Salle County
US.TX.277	Lamar County
US.TX.281	Lampasas County
US.TX.285	Lavaca County
US.TX.287	Lee County
US.TX.289	Leon County
US.TX.291	Liberty County
US.TX.293	Limestone County
US.TX.297	Live Oak County
US.TX.299	Llano County
US.TX.313	Madison County
US.TX.315	Marion County
US.TX.319	Mason County
US.TX.321	Matagorda County
US.TX.307	McCulloch County
US.TX.309	McLennan County
US.TX.311	McMullen County
US.TX.325	Medina County
US.TX.327	Menard County
US.TX.331	Milam County
US.TX.333	Mills County
US.TX.337	Montague County
US.TX.339	Montgomery County
US.TX.343	Morris County
US.TX.347	Nacogdoches County
US.TX.349	Navarro County
US.TX.351	Newton County
US.TX.355	Nueces County
US.TX.361	Orange County
US.TX.363	Palo Pinto County
US.TX.365	Panola County
US.TX.367	Parker County
US.TX.373	Polk County
US.TX.379	Rains County
US.TX.385	Real County
US.TX.387	Red River County
US.TX.391	Refugio County
US.TX.395	Robertson County
US.TX.397	Rockwall County
US.TX.399	Runnels County
US.TX.401	Rusk County
US.TX.403	Sabine County
US.TX.405	San Augustine County
US.TX.407	San Jacinto County
US.TX.409	San Patricio County
US.TX.411	San Saba County
US.TX.417	Shackelford County
US.TX.419	Shelby County
US.TX.423	Smith County
US.TX.425	Somervell County
US.TX.427	Starr County
US.TX.429	Stephens County
US.TX.439	Tarrant County
US.TX.441	Taylor County
US.TX.447	Throckmorton County
US.TX.449	Titus County
US.TX.453	Travis County
US.TX.455	Trinity County
US.TX.457	Tyler County
US.TX.459	Upshur County
US.TX.463	Uvalde County
US.TX.467	Van Zandt County
US.TX.469	Victoria County
US.TX.471	Walker County
US.TX.473	Waller County
US.TX.477	Washington County
US.TX.479	Webb County
US.TX.481	Wharton County
US.TX.485	Wichita County
US.TX.487	Wilbarger County
US.TX.489	Willacy County
US.TX.491	Williamson County
US.TX.493	Wilson County
US.TX.497	Wise County
US.TX.499	Wood County
US.TX.503	Young County
US.TX.505	Zapata County
US.TX.507	Zavala County
US.VA.001	Accomack County
US.VA.003	Albemarle County
US.VA.510	City of Alexandria
US.VA.005	Alleghany County
US.VA.007	Amelia County
US.VA.009	Amherst County
US.VA.011	Appomattox County
US.VA.013	Arlington County
US.VA.015	Augusta County
US.VA.017	Bath County
US.VA.019	Bedford County
US.VA.021	Bland County
US.VA.023	Botetourt County
US.VA.520	City of Bristol
US.VA.025	Brunswick County
US.VA.027	Buchanan County
US.VA.029	Buckingham County
US.VA.530	City of Buena Vista
US.VA.031	Campbell County
US.VA.033	Caroline County
US.VA.035	Carroll County
US.VA.036	Charles City County
US.VA.037	Charlotte County
US.VA.540	City of Charlottesville
US.VA.550	City of Chesapeake
US.VA.041	Chesterfield County
US.VA.043	Clarke County
US.VA.570	City of Colonial Heights
US.VA.580	City of Covington
US.VA.045	Craig County
US.VA.047	Culpeper County
US.VA.049	Cumberland County
US.VA.590	City of Danville
US.VA.051	Dickenson County
US.VA.053	Dinwiddie County
US.VA.595	City of Emporia
US.VA.057	Essex County
US.VA.059	Fairfax County
US.VA.600	City of Fairfax
US.VA.610	City of Falls Church
US.VA.061	Fauquier County
US.VA.063	Floyd County
US.VA.065	Fluvanna County
US.VA.067	Franklin County
US.VA.620	City of Franklin
US.VA.069	Frederick County
US.VA.630	City of Fredericksburg
US.VA.640	City of Galax
US.VA.071	Giles County
US.VA.073	Gloucester County
US.VA.075	Goochland County
US.VA.077	Grayson County
US.VA.079	Greene County
US.VA.083	Halifax County
US.VA.650	City of Hampton
US.VA.085	Hanover County
US.VA.660	City of Harrisonburg
US.VA.087	Henrico County
US.VA.089	Henry County
US.VA.091	Highland County
US.VA.670	City of Hopewell
US.VA.093	Isle of Wight County
US.VA.099	King George County
US.VA.101	King William County
US.VA.097	King and Queen County
US.VA.103	Lancaster County
US.VA.105	Lee County
US.VA.678	City of Lexington
US.VA.107	Loudoun County
US.VA.109	Louisa County
US.VA.111	Lunenburg County
US.VA.680	City of Lynchburg
US.VA.113	Madison County
US.VA.685	City of Manassas Park
US.VA.683	City of Manassas
US.VA.690	City of Martinsville
US.VA.115	Mathews County
US.VA.117	Mecklenburg County
US.VA.119	Middlesex County
US.VA.121	Montgomery County
US.VA.125	Nelson County
US.VA.127	New Kent County
US.VA.700	City of Newport News
US.VA.710	City of Norfolk
US.VA.131	Northampton County
US.VA.133	Northumberland County
US.VA.720	City of Norton
US.VA.135	Nottoway County
US.VA.137	Orange County
US.VA.139	Page County
US.VA.141	Patrick County
US.VA.730	City of Petersburg
US.VA.143	Pittsylvania County
US.VA.735	City of Poquoson
US.VA.740	City of Portsmouth
US.VA.145	Powhatan County
US.VA.147	Prince Edward County
US.VA.149	Prince George County
US.VA.153	Prince William County
US.VA.155	Pulaski County
US.VA.750	City of Radford
US.VA.157	Rappahannock County
US.VA.159	Richmond County
US.VA.760	City of Richmond
US.VA.161	Roanoke County
US.VA.770	City of Roanoke
US.VA.163	Rockbridge County
US.VA.165	Rockingham County
US.VA.167	Russell County
US.VA.775	City of Salem
US.VA.169	Scott County
US.VA.171	Shenandoah County
US.VA.173	Smyth County
US.VA.175	Southampton County
US.VA.177	Spotsylvania County
US.VA.179	Stafford County
US.VA.790	City of Staunton
US.VA.800	City of Suffolk
US.VA.181	Surry County
US.VA.183	Sussex County
US.VA.185	Tazewell County
US.VA.810	City of Virginia Beach
US.VA.187	Warren County
US.VA.191	Washington County
US.VA.820	City of Waynesboro
US.VA.193	Westmoreland County
US.VA.830	City of Williamsburg
US.VA.840	City of Winchester
US.VA.195	Wise County
US.VA.197	Wythe County
US.VA.199	York County
US.WV.001	Barbour County
US.WV.003	Berkeley County
US.WV.005	Boone County
US.WV.007	Braxton County
US.WV.011	Cabell County
US.WV.013	Calhoun County
US.WV.015	Clay County
US.WV.017	Doddridge County
US.WV.019	Fayette County
US.WV.021	Gilmer County
US.WV.023	Grant County
US.WV.025	Greenbrier County
US.WV.027	Hampshire County
US.WV.031	Hardy County
US.WV.033	Harrison County
US.WV.035	Jackson County
US.WV.037	Jefferson County
US.WV.039	Kanawha County
US.WV.041	Lewis County
US.WV.043	Lincoln County
US.WV.045	Logan County
US.WV.049	Marion County
US.WV.051	Marshall County
US.WV.053	Mason County
US.WV.047	McDowell County
US.WV.055	Mercer County
US.WV.057	Mineral County
US.WV.059	Mingo County
US.WV.061	Monongalia County
US.WV.063	Monroe County
US.WV.065	Morgan County
US.WV.067	Nicholas County
US.WV.071	Pendleton County
US.WV.073	Pleasants County
US.WV.075	Pocahontas County
US.WV.077	Preston County
US.WV.079	Putnam County
US.WV.081	Raleigh County
US.WV.083	Randolph County
US.WV.085	Ritchie County
US.WV.087	Roane County
US.WV.089	Summers County
US.WV.091	Taylor County
US.WV.093	Tucker County
US.WV.095	Tyler County
US.WV.097	Upshur County
US.WV.099	Wayne County
US.WV.101	Webster County
US.WV.103	Wetzel County
US.WV.105	Wirt County
US.WV.107	Wood County
US.WV.109	Wyoming County
US.TN.003	Bedford County
US.AL.001	Autauga County
US.AL.003	Baldwin County
US.AL.005	Barbour County
US.IA.095	Iowa County
US.IA.001	Adair County
US.IA.003	Adams County
US.IA.005	Allamakee County
US.IA.007	Appanoose County
US.IA.009	Audubon County
US.IA.011	Benton County
US.IA.013	Black Hawk County
US.IA.015	Boone County
US.IA.017	Bremer County
US.IA.019	Buchanan County
US.IA.021	Buena Vista County
US.IA.023	Butler County
US.IA.025	Calhoun County
US.IA.027	Carroll County
US.IA.029	Cass County
US.IA.031	Cedar County
US.IA.033	Cerro Gordo County
US.IA.035	Cherokee County
US.IA.037	Chickasaw County
US.IA.039	Clarke County
US.IA.041	Clay County
US.IA.043	Clayton County
US.IA.045	Clinton County
US.IA.047	Crawford County
US.IA.049	Dallas County
US.IA.051	Davis County
US.IA.053	Decatur County
US.IA.055	Delaware County
US.IA.057	Des Moines County
US.IA.059	Dickinson County
US.IA.061	Dubuque County
US.IA.063	Emmet County
US.IA.065	Fayette County
US.IA.067	Floyd County
US.IA.069	Franklin County
US.IA.071	Fremont County
US.IA.073	Greene County
US.IA.075	Grundy County
US.IA.077	Guthrie County
US.IA.079	Hamilton County
US.IA.081	Hancock County
US.IA.083	Hardin County
US.IA.085	Harrison County
US.IA.087	Henry County
US.IA.089	Howard County
US.IA.091	Humboldt County
US.IA.093	Ida County
US.IA.097	Jackson County
US.IA.099	Jasper County
US.IA.101	Jefferson County
US.IA.103	Johnson County
US.IA.105	Jones County
US.IA.107	Keokuk County
US.IA.109	Kossuth County
US.IA.111	Lee County
US.IA.113	Linn County
US.IA.115	Louisa County
US.IA.117	Lucas County
US.IA.119	Lyon County
US.IA.121	Madison County
US.IA.123	Mahaska County
US.IA.125	Marion County
US.IA.127	Marshall County
US.IA.129	Mills County
US.IA.131	Mitchell County
US.IA.133	Monona County
US.IA.135	Monroe County
US.IA.137	Montgomery County
US.IA.139	Muscatine County
US.IA.141	O'Brien County
US.IA.143	Osceola County
US.IA.145	Page County
US.IA.147	Palo Alto County
US.IA.149	Plymouth County
US.IA.151	Pocahontas County
US.IA.153	Polk County
US.IA.155	Pottawattamie County
US.IA.157	Poweshiek County
US.IA.159	Ringgold County
US.IA.161	Sac County
US.IA.163	Scott County
US.IA.165	Shelby County
US.IA.167	Sioux County
US.IA.169	Story County
US.IA.171	Tama County
US.IA.173	Taylor County
US.IA.175	Union County
US.IA.177	Van Buren County
US.IA.179	Wapello County
US.IA.181	Warren County
US.IA.183	Washington County
US.IA.185	Wayne County
US.IA.187	Webster County
US.IA.189	Winnebago County
US.IA.191	Winneshiek County
US.IA.193	Woodbury County
US.IA.197	Wright County
US.IA.195	Worth County
US.IL.007	Boone County
US.IL.011	Bureau County
US.IL.015	Carroll County
US.IL.019	Champaign County
US.IL.031	Cook County
US.IL.039	DeWitt County
US.IL.037	DeKalb County
US.IL.043	DuPage County
US.IL.053	Ford County
US.IL.057	Fulton County
US.IL.063	Grundy County
US.IL.067	Hancock County
US.IL.071	Henderson County
US.IL.073	Henry County
US.IL.075	Iroquois County
US.IL.085	Jo Daviess County
US.IL.089	Kane County
US.IL.091	Kankakee County
US.IL.093	Kendall County
US.IL.095	Knox County
US.IL.099	LaSalle County
US.IL.097	Lake County
US.IL.103	Lee County
US.IL.105	Livingston County
US.IL.107	Logan County
US.IL.123	Marshall County
US.IL.125	Mason County
US.IL.109	McDonough County
US.IL.111	McHenry County
US.IL.113	McLean County
US.IL.129	Menard County
US.IL.131	Mercer County
US.IL.141	Ogle County
US.IL.143	Peoria County
US.IL.147	Piatt County
US.IL.155	Putnam County
US.IL.161	Rock Island County
US.IL.169	Schuyler County
US.IL.175	Stark County
US.IL.177	Stephenson County
US.IL.179	Tazewell County
US.IL.183	Vermilion County
US.IL.187	Warren County
US.IL.195	Whiteside County
US.IL.197	Will County
US.IL.201	Winnebago County
US.IL.203	Woodford County
US.IN.001	Adams County
US.IN.003	Allen County
US.IN.007	Benton County
US.IN.009	Blackford County
US.IN.011	Boone County
US.IN.015	Carroll County
US.IN.017	Cass County
US.IN.023	Clinton County
US.IN.033	DeKalb County
US.IN.035	Delaware County
US.IN.039	Elkhart County
US.IN.045	Fountain County
US.IN.049	Fulton County
US.IN.053	Grant County
US.IN.057	Hamilton County
US.IN.067	Howard County
US.IN.069	Huntington County
US.IN.073	Jasper County
US.IN.075	Jay County
US.IN.085	Kosciusko County
US.IN.087	LaGrange County
US.IN.091	LaPorte County
US.IN.089	Lake County
US.IN.095	Madison County
US.IN.099	Marshall County
US.IN.103	Miami County
US.IN.107	Montgomery County
US.IN.111	Newton County
US.IN.113	Noble County
US.IN.127	Porter County
US.IN.131	Pulaski County
US.IN.135	Randolph County
US.IN.141	Saint Joseph County
US.IN.149	Starke County
US.IN.151	Steuben County
US.IN.157	Tippecanoe County
US.IN.159	Tipton County
US.IN.169	Wabash County
US.IN.171	Warren County
US.IN.179	Wells County
US.IN.181	White County
US.IN.183	Whitley County
US.MA.001	Barnstable County
US.MA.003	Berkshire County
US.MA.005	Bristol County
US.MA.007	Dukes County
US.MA.009	Essex County
US.MA.011	Franklin County
US.MA.013	Hampden County
US.MA.015	Hampshire County
US.MA.017	Middlesex County
US.MA.019	Nantucket County
US.MA.021	Norfolk County
US.MA.023	Plymouth County
US.MA.025	Suffolk County
US.MA.027	Worcester County
US.ME.001	Androscoggin County
US.ME.003	Aroostook County
US.ME.005	Cumberland County
US.ME.007	Franklin County
US.ME.009	Hancock County
US.ME.011	Kennebec County
US.ME.013	Knox County
US.ME.015	Lincoln County
US.ME.017	Oxford County
US.ME.019	Penobscot County
US.ME.021	Piscataquis County
US.ME.023	Sagadahoc County
US.ME.025	Somerset County
US.ME.027	Waldo County
US.ME.029	Washington County
US.ME.031	York County
US.MI.001	Alcona County
US.MI.003	Alger County
US.MI.005	Allegan County
US.MI.007	Alpena County
US.MI.009	Antrim County
US.MI.011	Arenac County
US.MI.013	Baraga County
US.MI.015	Barry County
US.MI.017	Bay County
US.MI.019	Benzie County
US.MI.021	Berrien County
US.MI.023	Branch County
US.MI.025	Calhoun County
US.MI.027	Cass County
US.MI.029	Charlevoix County
US.MI.031	Cheboygan County
US.MI.033	Chippewa County
US.MI.035	Clare County
US.MI.037	Clinton County
US.MI.039	Crawford County
US.MI.041	Delta County
US.MI.043	Dickinson County
US.MI.045	Eaton County
US.MI.047	Emmet County
US.MI.049	Genesee County
US.MI.051	Gladwin County
US.MI.053	Gogebic County
US.MI.055	Grand Traverse County
US.MI.057	Gratiot County
US.MI.059	Hillsdale County
US.MI.061	Houghton County
US.MI.063	Huron County
US.MI.065	Ingham County
US.MI.067	Ionia County
US.MI.069	Iosco County
US.MI.071	Iron County
US.MI.073	Isabella County
US.MI.075	Jackson County
US.MI.077	Kalamazoo County
US.MI.079	Kalkaska County
US.MI.081	Kent County
US.MI.083	Keweenaw County
US.MI.085	Lake County
US.MI.087	Lapeer County
US.MI.089	Leelanau County
US.MI.091	Lenawee County
US.MI.093	Livingston County
US.MI.095	Luce County
US.MI.097	Mackinac County
US.MI.099	Macomb County
US.MI.101	Manistee County
US.MI.103	Marquette County
US.MI.105	Mason County
US.MI.107	Mecosta County
US.MI.109	Menominee County
US.MI.111	Midland County
US.MI.113	Missaukee County
US.MI.115	Monroe County
US.MI.117	Montcalm County
US.MI.119	Montmorency County
US.MI.121	Muskegon County
US.MI.123	Newaygo County
US.MI.125	Oakland County
US.MI.127	Oceana County
US.MI.129	Ogemaw County
US.MI.131	Ontonagon County
US.MI.133	Osceola County
US.MI.135	Oscoda County
US.MI.137	Otsego County
US.MI.139	Ottawa County
US.MI.141	Presque Isle County
US.MI.143	Roscommon County
US.MI.145	Saginaw County
US.MI.147	Saint Clair County
US.MI.149	Saint Joseph County
US.MI.151	Sanilac County
US.MI.153	Schoolcraft County
US.MI.155	Shiawassee County
US.MI.157	Tuscola County
US.MI.159	Van Buren County
US.MI.161	Washtenaw County
US.MI.163	Wayne County
US.MI.165	Wexford County
US.MN.001	Aitkin County
US.MN.003	Anoka County
US.MN.005	Becker County
US.MN.007	Beltrami County
US.MN.009	Benton County
US.MN.011	Big Stone County
US.MN.013	Blue Earth County
US.MN.015	Brown County
US.MN.017	Carlton County
US.MN.019	Carver County
US.MN.021	Cass County
US.MN.023	Chippewa County
US.MN.025	Chisago County
US.MN.027	Clay County
US.MN.029	Clearwater County
US.MN.031	Cook County
US.MN.033	Cottonwood County
US.MN.035	Crow Wing County
US.MN.037	Dakota County
US.MN.039	Dodge County
US.MN.041	Douglas County
US.MN.043	Faribault County
US.MN.045	Fillmore County
US.MN.047	Freeborn County
US.MN.049	Goodhue County
US.MN.051	Grant County
US.MN.053	Hennepin County
US.MN.055	Houston County
US.MN.057	Hubbard County
US.MN.059	Isanti County
US.MN.061	Itasca County
US.MN.063	Jackson County
US.MN.065	Kanabec County
US.MN.067	Kandiyohi County
US.MN.069	Kittson County
US.MN.071	Koochiching County
US.MN.073	Lac qui Parle County
US.MN.075	Lake County
US.MN.077	Lake of the Woods County
US.MN.079	Le Sueur County
US.MN.081	Lincoln County
US.MN.083	Lyon County
US.MN.087	Mahnomen County
US.MN.089	Marshall County
US.MN.091	Martin County
US.MN.085	McLeod County
US.MN.093	Meeker County
US.MN.095	Mille Lacs County
US.MN.097	Morrison County
US.MN.099	Mower County
US.MN.101	Murray County
US.MN.103	Nicollet County
US.MN.105	Nobles County
US.MN.107	Norman County
US.MN.109	Olmsted County
US.MN.111	Otter Tail County
US.MN.113	Pennington County
US.MN.115	Pine County
US.MN.117	Pipestone County
US.MN.119	Polk County
US.MN.121	Pope County
US.MN.123	Ramsey County
US.MN.125	Red Lake County
US.MN.127	Redwood County
US.MN.129	Renville County
US.MN.131	Rice County
US.MN.133	Rock County
US.MN.135	Roseau County
US.MN.137	Saint Louis County
US.MN.139	Scott County
US.MN.141	Sherburne County
US.MN.143	Sibley County
US.MN.145	Stearns County
US.MN.147	Steele County
US.MN.149	Stevens County
US.MN.151	Swift County
US.MN.153	Todd County
US.MN.155	Traverse County
US.MN.157	Wabasha County
US.MN.159	Wadena County
US.MN.161	Waseca County
US.MN.163	Washington County
US.MN.165	Watonwan County
US.MN.167	Wilkin County
US.MN.169	Winona County
US.MN.171	Wright County
US.MN.173	Yellow Medicine County
US.MO.001	Adair County
US.MO.005	Atchison County
US.MO.045	Clark County
US.MO.075	Gentry County
US.MO.079	Grundy County
US.MO.081	Harrison County
US.MO.087	Holt County
US.MO.103	Knox County
US.MO.111	Lewis County
US.MO.129	Mercer County
US.MO.147	Nodaway County
US.MO.171	Putnam County
US.MO.197	Schuyler County
US.MO.199	Scotland County
US.MO.211	Sullivan County
US.MO.227	Worth County
US.ND.003	Barnes County
US.ND.005	Benson County
US.ND.017	Cass County
US.ND.019	Cavalier County
US.ND.021	Dickey County
US.ND.027	Eddy County
US.ND.031	Foster County
US.ND.035	Grand Forks County
US.ND.039	Griggs County
US.ND.043	Kidder County
US.ND.047	Logan County
US.ND.051	McIntosh County
US.ND.063	Nelson County
US.ND.067	Pembina County
US.ND.071	Ramsey County
US.ND.073	Ransom County
US.ND.077	Richland County
US.ND.079	Rolette County
US.ND.081	Sargent County
US.ND.091	Steele County
US.ND.093	Stutsman County
US.ND.095	Towner County
US.ND.097	Traill County
US.ND.099	Walsh County
US.ND.103	Wells County
US.NE.001	Adams County
US.NE.003	Antelope County
US.NE.009	Blaine County
US.NE.011	Boone County
US.NE.015	Boyd County
US.NE.017	Brown County
US.NE.019	Buffalo County
US.NE.021	Burt County
US.NE.023	Butler County
US.NE.025	Cass County
US.NE.027	Cedar County
US.NE.035	Clay County
US.NE.037	Colfax County
US.NE.039	Cuming County
US.NE.041	Custer County
US.NE.043	Dakota County
US.NE.047	Dawson County
US.NE.051	Dixon County
US.NE.053	Dodge County
US.NE.055	Douglas County
US.NE.059	Fillmore County
US.NE.061	Franklin County
US.NE.065	Furnas County
US.NE.067	Gage County
US.NE.071	Garfield County
US.NE.073	Gosper County
US.NE.077	Greeley County
US.NE.079	Hall County
US.NE.081	Hamilton County
US.NE.083	Harlan County
US.NE.089	Holt County
US.NE.093	Howard County
US.NE.095	Jefferson County
US.NE.097	Johnson County
US.NE.099	Kearney County
US.NE.107	Knox County
US.NE.109	Lancaster County
US.NE.115	Loup County
US.NE.119	Madison County
US.NE.121	Merrick County
US.NE.125	Nance County
US.NE.127	Nemaha County
US.NE.129	Nuckolls County
US.NE.131	Otoe County
US.NE.133	Pawnee County
US.NE.137	Phelps County
US.NE.139	Pierce County
US.NE.141	Platte County
US.NE.143	Polk County
US.NE.147	Richardson County
US.NE.149	Rock County
US.NE.151	Saline County
US.NE.153	Sarpy County
US.NE.155	Saunders County
US.NE.159	Seward County
US.NE.163	Sherman County
US.NE.167	Stanton County
US.NE.169	Thayer County
US.NE.173	Thurston County
US.NE.175	Valley County
US.NE.177	Washington County
US.NE.179	Wayne County
US.NE.181	Webster County
US.NE.183	Wheeler County
US.NE.185	York County
US.NH.001	Belknap County
US.NH.003	Carroll County
US.NH.005	Cheshire County
US.NH.007	Coos County
US.NH.009	Grafton County
US.NH.011	Hillsborough County
US.NH.013	Merrimack County
US.NH.015	Rockingham County
US.NH.017	Strafford County
US.NH.019	Sullivan County
US.NJ.003	Bergen County
US.NJ.013	Essex County
US.NJ.017	Hudson County
US.NJ.019	Hunterdon County
US.NJ.021	Mercer County
US.NJ.023	Middlesex County
US.NJ.025	Monmouth County
US.NJ.027	Morris County
US.NJ.031	Passaic County
US.NJ.035	Somerset County
US.NJ.037	Sussex County
US.NJ.039	Union County
US.NJ.041	Warren County
US.NY.001	Albany County
US.NY.003	Allegany County
US.NY.005	Bronx County
US.NY.007	Broome County
US.NY.009	Cattaraugus County
US.NY.011	Cayuga County
US.NY.013	Chautauqua County
US.NY.015	Chemung County
US.NY.017	Chenango County
US.NY.019	Clinton County
US.NY.021	Columbia County
US.NY.023	Cortland County
US.NY.025	Delaware County
US.NY.027	Dutchess County
US.NY.029	Erie County
US.NY.031	Essex County
US.NY.033	Franklin County
US.NY.035	Fulton County
US.NY.037	Genesee County
US.NY.039	Greene County
US.NY.041	Hamilton County
US.NY.043	Herkimer County
US.NY.045	Jefferson County
US.NY.049	Lewis County
US.NY.051	Livingston County
US.NY.053	Madison County
US.NY.055	Monroe County
US.NY.057	Montgomery County
US.NY.059	Nassau County
US.NY.061	New York County
US.NY.063	Niagara County
US.NY.065	Oneida County
US.NY.067	Onondaga County
US.NY.069	Ontario County
US.NY.071	Orange County
US.NY.073	Orleans County
US.NY.075	Oswego County
US.NY.077	Otsego County
US.NY.079	Putnam County
US.NY.081	Queens County
US.NY.083	Rensselaer County
US.NY.087	Rockland County
US.NY.089	St. Lawrence County
US.NY.091	Saratoga County
US.NY.093	Schenectady County
US.NY.095	Schoharie County
US.NY.097	Schuyler County
US.NY.099	Seneca County
US.NY.085	Richmond County
US.NY.101	Steuben County
US.NY.103	Suffolk County
US.NY.105	Sullivan County
US.NY.107	Tioga County
US.NY.109	Tompkins County
US.NY.111	Ulster County
US.NY.113	Warren County
US.NY.115	Washington County
US.NY.117	Wayne County
US.NY.119	Westchester County
US.NY.121	Wyoming County
US.NY.123	Yates County
US.OH.003	Allen County
US.OH.005	Ashland County
US.OH.007	Ashtabula County
US.OH.011	Auglaize County
US.OH.013	Belmont County
US.OH.019	Carroll County
US.OH.021	Champaign County
US.OH.029	Columbiana County
US.OH.031	Coshocton County
US.OH.033	Crawford County
US.OH.035	Cuyahoga County
US.OH.037	Darke County
US.OH.039	Defiance County
US.OH.041	Delaware County
US.OH.043	Erie County
US.OH.051	Fulton County
US.OH.055	Geauga County
US.OH.059	Guernsey County
US.OH.063	Hancock County
US.OH.065	Hardin County
US.OH.067	Harrison County
US.OH.069	Henry County
US.OH.075	Holmes County
US.OH.077	Huron County
US.OH.081	Jefferson County
US.OH.083	Knox County
US.OH.085	Lake County
US.OH.089	Licking County
US.OH.091	Logan County
US.OH.093	Lorain County
US.OH.095	Lucas County
US.OH.099	Mahoning County
US.OH.101	Marion County
US.OH.103	Medina County
US.OH.107	Mercer County
US.OH.109	Miami County
US.OH.117	Morrow County
US.OH.123	Ottawa County
US.OH.125	Paulding County
US.OH.133	Portage County
US.OH.137	Putnam County
US.OH.139	Richland County
US.OH.143	Sandusky County
US.OH.147	Seneca County
US.OH.149	Shelby County
US.OH.151	Stark County
US.OH.153	Summit County
US.OH.155	Trumbull County
US.OH.157	Tuscarawas County
US.OH.159	Union County
US.OH.161	Van Wert County
US.OH.169	Wayne County
US.OH.171	Williams County
US.OH.173	Wood County
US.OH.175	Wyandot County
US.PA.003	Allegheny County
US.PA.005	Armstrong County
US.PA.007	Beaver County
US.PA.009	Bedford County
US.PA.011	Berks County
US.PA.013	Blair County
US.PA.015	Bradford County
US.PA.017	Bucks County
US.PA.019	Butler County
US.PA.021	Cambria County
US.PA.023	Cameron County
US.PA.025	Carbon County
US.PA.027	Centre County
US.PA.029	Chester County
US.PA.031	Clarion County
US.PA.033	Clearfield County
US.PA.035	Clinton County
US.PA.037	Columbia County
US.PA.039	Crawford County
US.PA.041	Cumberland County
US.PA.043	Dauphin County
US.PA.045	Delaware County
US.PA.047	Elk County
US.PA.049	Erie County
US.PA.051	Fayette County
US.PA.053	Forest County
US.PA.055	Franklin County
US.PA.057	Fulton County
US.PA.059	Greene County
US.PA.061	Huntingdon County
US.PA.063	Indiana County
US.PA.065	Jefferson County
US.PA.067	Juniata County
US.PA.069	Lackawanna County
US.PA.071	Lancaster County
US.PA.073	Lawrence County
US.PA.075	Lebanon County
US.PA.077	Lehigh County
US.PA.079	Luzerne County
US.PA.081	Lycoming County
US.PA.083	McKean County
US.PA.085	Mercer County
US.PA.087	Mifflin County
US.PA.089	Monroe County
US.PA.091	Montgomery County
US.PA.093	Montour County
US.PA.095	Northampton County
US.PA.097	Northumberland County
US.PA.099	Perry County
US.PA.101	Philadelphia County
US.PA.103	Pike County
US.PA.105	Potter County
US.PA.107	Schuylkill County
US.PA.109	Snyder County
US.PA.111	Somerset County
US.PA.113	Sullivan County
US.PA.115	Susquehanna County
US.PA.117	Tioga County
US.PA.119	Union County
US.PA.121	Venango County
US.PA.123	Warren County
US.PA.125	Washington County
US.PA.127	Wayne County
US.PA.129	Westmoreland County
US.PA.131	Wyoming County
US.PA.133	York County
US.RI.001	Bristol County
US.RI.003	Kent County
US.RI.005	Newport County
US.RI.007	Providence County
US.RI.009	Washington County
US.SD.003	Aurora County
US.SD.005	Beadle County
US.SD.009	Bon Homme County
US.SD.011	Brookings County
US.SD.013	Brown County
US.SD.015	Brule County
US.SD.017	Buffalo County
US.SD.023	Charles Mix County
US.SD.025	Clark County
US.SD.029	Codington County
US.SD.027	Clay County
US.SD.035	Davison County
US.SD.037	Day County
US.SD.039	Deuel County
US.SD.043	Douglas County
US.SD.045	Edmunds County
US.SD.049	Faulk County
US.SD.051	Grant County
US.SD.053	Gregory County
US.SD.057	Hamlin County
US.SD.059	Hand County
US.SD.061	Hanson County
US.SD.065	Hughes County
US.SD.067	Hutchinson County
US.SD.069	Hyde County
US.SD.073	Jerauld County
US.SD.077	Kingsbury County
US.SD.079	Lake County
US.SD.083	Lincoln County
US.SD.085	Lyman County
US.SD.091	Marshall County
US.SD.087	McCook County
US.SD.089	McPherson County
US.SD.097	Miner County
US.SD.099	Minnehaha County
US.SD.101	Moody County
US.SD.107	Potter County
US.SD.109	Roberts County
US.SD.111	Sanborn County
US.SD.115	Spink County
US.SD.123	Tripp County
US.SD.125	Turner County
US.SD.127	Union County
US.SD.129	Walworth County
US.SD.135	Yankton County
US.VT.001	Addison County
US.VT.003	Bennington County
US.VT.005	Caledonia County
US.VT.007	Chittenden County
US.VT.009	Essex County
US.VT.011	Franklin County
US.VT.013	Grand Isle County
US.VT.015	Lamoille County
US.VT.017	Orange County
US.VT.019	Orleans County
US.VT.021	Rutland County
US.VT.023	Washington County
US.VT.025	Windham County
US.VT.027	Windsor County
US.WI.001	Adams County
US.WI.003	Ashland County
US.WI.005	Barron County
US.WI.007	Bayfield County
US.WI.009	Brown County
US.WI.011	Buffalo County
US.WI.013	Burnett County
US.WI.015	Calumet County
US.WI.017	Chippewa County
US.WI.019	Clark County
US.WI.021	Columbia County
US.WI.023	Crawford County
US.WI.025	Dane County
US.WI.027	Dodge County
US.WI.029	Door County
US.WI.031	Douglas County
US.WI.033	Dunn County
US.WI.035	Eau Claire County
US.WI.037	Florence County
US.WI.039	Fond du Lac County
US.WI.041	Forest County
US.WI.043	Grant County
US.WI.045	Green County
US.WI.047	Green Lake County
US.WI.049	Iowa County
US.WI.051	Iron County
US.WI.053	Jackson County
US.WI.055	Jefferson County
US.WI.057	Juneau County
US.WI.059	Kenosha County
US.WI.061	Kewaunee County
US.WI.063	La Crosse County
US.WI.065	Lafayette County
US.WI.067	Langlade County
US.WI.069	Lincoln County
US.WI.071	Manitowoc County
US.WI.073	Marathon County
US.WI.075	Marinette County
US.WI.077	Marquette County
US.WI.078	Menominee County
US.WI.079	Milwaukee County
US.WI.081	Monroe County
US.WI.083	Oconto County
US.WI.085	Oneida County
US.WI.087	Outagamie County
US.WI.089	Ozaukee County
US.WI.091	Pepin County
US.WI.093	Pierce County
US.WI.095	Polk County
US.WI.097	Portage County
US.WI.099	Price County
US.WI.101	Racine County
US.WI.103	Richland County
US.WI.105	Rock County
US.WI.107	Rusk County
US.WI.109	Saint Croix County
US.WI.111	Sauk County
US.WI.113	Sawyer County
US.WI.115	Shawano County
US.WI.117	Sheboygan County
US.WI.119	Taylor County
US.WI.121	Trempealeau County
US.WI.123	Vernon County
US.WI.125	Vilas County
US.WI.127	Walworth County
US.WI.129	Washburn County
US.WI.131	Washington County
US.WI.133	Waukesha County
US.WI.135	Waupaca County
US.WI.137	Waushara County
US.WI.139	Winnebago County
US.WI.141	Wood County
US.WV.009	Brooke County
US.WV.029	Hancock County
US.WV.069	Ohio County
US.AZ.003	Cochise County
US.AZ.005	Coconino County
US.AZ.007	Gila County
US.AZ.009	Graham County
US.AZ.011	Greenlee County
US.AZ.012	La Paz County
US.AZ.013	Maricopa County
US.AZ.015	Mohave County
US.AZ.017	Navajo County
US.AZ.019	Pima County
US.AZ.021	Pinal County
US.AZ.023	Santa Cruz County
US.AZ.025	Yavapai County
US.AZ.027	Yuma County
US.CA.001	Alameda County
US.CA.005	Amador County
US.CA.007	Butte County
US.CA.009	Calaveras County
US.CA.011	Colusa County
US.CA.013	Contra Costa County
US.CA.017	El Dorado County
US.CA.019	Fresno County
US.CA.021	Glenn County
US.CA.025	Imperial County
US.CA.027	Inyo County
US.CA.029	Kern County
US.CA.031	Kings County
US.CA.033	Lake County
US.CA.037	Los Angeles County
US.CA.039	Madera County
US.CA.041	Marin County
US.CA.043	Mariposa County
US.CA.045	Mendocino County
US.CA.047	Merced County
US.CA.051	Mono County
US.CA.053	Monterey County
US.CA.055	Napa County
US.CA.057	Nevada County
US.CA.059	Orange County
US.CA.061	Placer County
US.CA.063	Plumas County
US.CA.065	Riverside County
US.CA.067	Sacramento County
US.CA.069	San Benito County
US.CA.071	San Bernardino County
US.CA.073	San Diego County
US.CA.075	City and County of San Francisco
US.CA.077	San Joaquin County
US.CA.079	San Luis Obispo County
US.CA.081	San Mateo County
US.CA.083	Santa Barbara County
US.CA.085	Santa Clara County
US.CA.087	Santa Cruz County
US.CA.091	Sierra County
US.CA.095	Solano County
US.CA.097	Sonoma County
US.CA.099	Stanislaus County
US.CA.101	Sutter County
US.CA.107	Tulare County
US.CA.109	Tuolumne County
US.CA.111	Ventura County
US.CA.113	Yolo County
US.CA.115	Yuba County
US.CO.001	Adams County
US.CO.005	Arapahoe County
US.CO.007	Archuleta County
US.CO.009	Baca County
US.CO.011	Bent County
US.CO.014	Broomfield County
US.CO.015	Chaffee County
US.CO.017	Cheyenne County
US.CO.019	Clear Creek County
US.CO.021	Conejos County
US.CO.023	Costilla County
US.CO.025	Crowley County
US.CO.027	Custer County
US.CO.029	Delta County
US.CO.031	Denver County
US.CO.033	Dolores County
US.CO.035	Douglas County
US.CO.037	Eagle County
US.CO.041	El Paso County
US.CO.039	Elbert County
US.CO.043	Fremont County
US.CO.045	Garfield County
US.CO.047	Gilpin County
US.CO.051	Gunnison County
US.CO.053	Hinsdale County
US.CO.055	Huerfano County
US.CO.059	Jefferson County
US.CO.061	Kiowa County
US.CO.063	Kit Carson County
US.CO.067	La Plata County
US.CO.065	Lake County
US.CO.071	Las Animas County
US.CO.073	Lincoln County
US.CO.077	Mesa County
US.CO.079	Mineral County
US.CO.083	Montezuma County
US.CO.085	Montrose County
US.CO.089	Otero County
US.CO.091	Ouray County
US.CO.093	Park County
US.CO.097	Pitkin County
US.CO.099	Prowers County
US.CO.101	Pueblo County
US.CO.103	Rio Blanco County
US.CO.105	Rio Grande County
US.CO.109	Saguache County
US.CO.111	San Juan County
US.CO.113	San Miguel County
US.CO.117	Summit County
US.CO.119	Teller County
US.CO.121	Washington County
US.CO.125	Yuma County
US.KS.023	Cheyenne County
US.KS.039	Decatur County
US.KS.055	Finney County
US.KS.063	Gove County
US.KS.067	Grant County
US.KS.069	Gray County
US.KS.071	Greeley County
US.KS.075	Hamilton County
US.KS.081	Haskell County
US.KS.093	Kearny County
US.KS.101	Lane County
US.KS.119	Meade County
US.KS.129	Morton County
US.KS.153	Rawlins County
US.KS.171	Scott County
US.KS.175	Seward County
US.KS.179	Sheridan County
US.KS.181	Sherman County
US.KS.187	Stanton County
US.KS.189	Stevens County
US.KS.193	Thomas County
US.KS.199	Wallace County
US.KS.203	Wichita County
US.NM.001	Bernalillo County
US.NM.003	Catron County
US.NM.005	Chaves County
US.NM.006	Cibola County
US.NM.007	Colfax County
US.NM.009	Curry County
US.NM.011	De Baca County
US.NM.013	Doña Ana County
US.NM.015	Eddy County
US.NM.017	Grant County
US.NM.019	Guadalupe County
US.NM.021	Harding County
US.NM.023	Hidalgo County
US.NM.025	Lea County
US.NM.027	Lincoln County
US.NM.028	Los Alamos County
US.NM.029	Luna County
US.NM.031	McKinley County
US.NM.033	Mora County
US.NM.035	Otero County
US.NM.037	Quay County
US.NM.039	Rio Arriba County
US.NM.041	Roosevelt County
US.NM.045	San Juan County
US.NM.047	San Miguel County
US.NM.043	Sandoval County
US.NM.049	Santa Fe County
US.NM.051	Sierra County
US.NM.053	Socorro County
US.NM.055	Taos County
US.NM.057	Torrance County
US.NM.059	Union County
US.NM.061	Valencia County
US.NV.510	Carson City
US.NV.001	Churchill County
US.NV.003	Clark County
US.NV.005	Douglas County
US.NV.009	Esmeralda County
US.NV.015	Lander County
US.NV.017	Lincoln County
US.NV.019	Lyon County
US.NV.021	Mineral County
US.NV.023	Nye County
US.NV.029	Storey County
US.NV.033	White Pine County
US.OK.007	Beaver County
US.OK.025	Cimarron County
US.OK.139	Texas County
US.TX.003	Andrews County
US.TX.011	Armstrong County
US.TX.017	Bailey County
US.TX.033	Borden County
US.TX.043	Brewster County
US.TX.045	Briscoe County
US.TX.065	Carson County
US.TX.069	Castro County
US.TX.075	Childress County
US.TX.079	Cochran County
US.TX.081	Coke County
US.TX.087	Collingsworth County
US.TX.101	Cottle County
US.TX.103	Crane County
US.TX.105	Crockett County
US.TX.107	Crosby County
US.TX.109	Culberson County
US.TX.111	Dallam County
US.TX.115	Dawson County
US.TX.117	Deaf Smith County
US.TX.125	Dickens County
US.TX.129	Donley County
US.TX.135	Ector County
US.TX.137	Edwards County
US.TX.141	El Paso County
US.TX.151	Fisher County
US.TX.153	Floyd County
US.TX.165	Gaines County
US.TX.169	Garza County
US.TX.173	Glasscock County
US.TX.179	Gray County
US.TX.189	Hale County
US.TX.191	Hall County
US.TX.195	Hansford County
US.TX.205	Hartley County
US.TX.211	Hemphill County
US.TX.219	Hockley County
US.TX.227	Howard County
US.TX.229	Hudspeth County
US.TX.233	Hutchinson County
US.TX.235	Irion County
US.TX.243	Jeff Davis County
US.TX.263	Kent County
US.TX.269	King County
US.TX.271	Kinney County
US.TX.279	Lamb County
US.TX.295	Lipscomb County
US.TX.301	Loving County
US.TX.303	Lubbock County
US.TX.305	Lynn County
US.TX.317	Martin County
US.TX.323	Maverick County
US.TX.329	Midland County
US.TX.335	Mitchell County
US.TX.341	Moore County
US.TX.345	Motley County
US.TX.353	Nolan County
US.TX.357	Ochiltree County
US.TX.359	Oldham County
US.TX.369	Parmer County
US.TX.371	Pecos County
US.TX.375	Potter County
US.TX.377	Presidio County
US.TX.381	Randall County
US.TX.383	Reagan County
US.TX.389	Reeves County
US.TX.393	Roberts County
US.TX.413	Schleicher County
US.TX.415	Scurry County
US.TX.421	Sherman County
US.TX.431	Sterling County
US.TX.433	Stonewall County
US.TX.435	Sutton County
US.TX.437	Swisher County
US.TX.443	Terrell County
US.TX.445	Terry County
US.TX.451	Tom Green County
US.TX.461	Upton County
US.TX.465	Val Verde County
US.TX.475	Ward County
US.TX.483	Wheeler County
US.TX.495	Winkler County
US.TX.501	Yoakum County
US.UT.001	Beaver County
US.UT.007	Carbon County
US.UT.015	Emery County
US.UT.017	Garfield County
US.UT.019	Grand County
US.UT.021	Iron County
US.UT.023	Juab County
US.UT.025	Kane County
US.UT.027	Millard County
US.UT.031	Piute County
US.UT.037	San Juan County
US.UT.039	Sanpete County
US.UT.041	Sevier County
US.UT.053	Washington County
US.UT.055	Wayne County
US.CO.003	Alamosa County
US.AZ.001	Apache County
US.CA.105	Trinity County
US.AK.110	Juneau City and Borough
US.AK.130	Ketchikan Gateway Borough
US.AK.220	Sitka City and Borough
US.CA.015	Del Norte County
US.CA.023	Humboldt County
US.CA.035	Lassen County
US.CA.049	Modoc County
US.CA.089	Shasta County
US.CA.093	Siskiyou County
US.CA.103	Tehama County
US.CO.013	Boulder County
US.CO.049	Grand County
US.CO.057	Jackson County
US.CO.069	Larimer County
US.CO.075	Logan County
US.CO.081	Moffat County
US.CO.087	Morgan County
US.CO.095	Phillips County
US.CO.107	Routt County
US.CO.115	Sedgwick County
US.CO.123	Weld County
US.ID.001	Ada County
US.ID.003	Adams County
US.ID.005	Bannock County
US.ID.007	Bear Lake County
US.ID.009	Benewah County
US.ID.011	Bingham County
US.ID.013	Blaine County
US.ID.015	Boise County
US.ID.017	Bonner County
US.ID.019	Bonneville County
US.ID.021	Boundary County
US.ID.023	Butte County
US.ID.025	Camas County
US.ID.027	Canyon County
US.ID.029	Caribou County
US.ID.031	Cassia County
US.ID.033	Clark County
US.ID.035	Clearwater County
US.ID.037	Custer County
US.ID.039	Elmore County
US.ID.041	Franklin County
US.ID.043	Fremont County
US.ID.045	Gem County
US.ID.047	Gooding County
US.ID.049	Idaho County
US.ID.051	Jefferson County
US.ID.053	Jerome County
US.ID.055	Kootenai County
US.ID.057	Latah County
US.ID.059	Lemhi County
US.ID.061	Lewis County
US.ID.063	Lincoln County
US.ID.065	Madison County
US.ID.067	Minidoka County
US.ID.069	Nez Perce County
US.ID.071	Oneida County
US.ID.073	Owyhee County
US.ID.075	Payette County
US.ID.077	Power County
US.ID.079	Shoshone County
US.ID.081	Teton County
US.ID.083	Twin Falls County
US.ID.085	Valley County
US.ID.087	Washington County
US.MT.001	Beaverhead County
US.MT.003	Big Horn County
US.MT.005	Blaine County
US.MT.007	Broadwater County
US.MT.009	Carbon County
US.MT.011	Carter County
US.MT.013	Cascade County
US.MT.015	Chouteau County
US.MT.017	Custer County
US.MT.019	Daniels County
US.MT.021	Dawson County
US.MT.023	Deer Lodge County
US.MT.025	Fallon County
US.MT.027	Fergus County
US.MT.029	Flathead County
US.MT.031	Gallatin County
US.MT.033	Garfield County
US.MT.035	Glacier County
US.MT.037	Golden Valley County
US.MT.039	Granite County
US.MT.041	Hill County
US.MT.043	Jefferson County
US.MT.045	Judith Basin County
US.MT.047	Lake County
US.MT.049	Lewis and Clark County
US.MT.051	Liberty County
US.MT.053	Lincoln County
US.MT.057	Madison County
US.MT.055	McCone County
US.MT.059	Meagher County
US.MT.061	Mineral County
US.MT.063	Missoula County
US.MT.065	Musselshell County
US.MT.067	Park County
US.MT.069	Petroleum County
US.MT.071	Phillips County
US.MT.073	Pondera County
US.MT.075	Powder River County
US.MT.077	Powell County
US.MT.079	Prairie County
US.MT.081	Ravalli County
US.MT.083	Richland County
US.MT.085	Roosevelt County
US.MT.087	Rosebud County
US.MT.089	Sanders County
US.MT.091	Sheridan County
US.MT.093	Silver Bow County
US.MT.095	Stillwater County
US.MT.097	Sweet Grass County
US.MT.099	Teton County
US.MT.101	Toole County
US.MT.103	Treasure County
US.MT.105	Valley County
US.MT.107	Wheatland County
US.MT.109	Wibaux County
US.MT.111	Yellowstone County
US.ND.001	Adams County
US.ND.007	Billings County
US.ND.009	Bottineau County
US.ND.011	Bowman County
US.ND.013	Burke County
US.ND.015	Burleigh County
US.ND.023	Divide County
US.ND.025	Dunn County
US.ND.029	Emmons County
US.ND.033	Golden Valley County
US.ND.037	Grant County
US.ND.041	Hettinger County
US.ND.049	McHenry County
US.ND.053	McKenzie County
US.ND.055	McLean County
US.ND.057	Mercer County
US.ND.059	Morton County
US.ND.061	Mountrail County
US.ND.065	Oliver County
US.ND.069	Pierce County
US.ND.075	Renville County
US.ND.083	Sheridan County
US.ND.085	Sioux County
US.ND.087	Slope County
US.ND.089	Stark County
US.ND.101	Ward County
US.ND.105	Williams County
US.NE.005	Arthur County
US.NE.007	Banner County
US.NE.013	Box Butte County
US.NE.029	Chase County
US.NE.031	Cherry County
US.NE.033	Cheyenne County
US.NE.045	Dawes County
US.NE.049	Deuel County
US.NE.057	Dundy County
US.NE.063	Frontier County
US.NE.069	Garden County
US.NE.075	Grant County
US.NE.085	Hayes County
US.NE.087	Hitchcock County
US.NE.091	Hooker County
US.NE.101	Keith County
US.NE.103	Keya Paha County
US.NE.105	Kimball County
US.NE.111	Lincoln County
US.NE.113	Logan County
US.NE.117	McPherson County
US.NE.123	Morrill County
US.NE.135	Perkins County
US.NE.145	Red Willow County
US.NE.157	Scotts Bluff County
US.NE.161	Sheridan County
US.NE.165	Sioux County
US.NE.171	Thomas County
US.NV.007	Elko County
US.NV.011	Eureka County
US.NV.013	Humboldt County
US.NV.027	Pershing County
US.NV.031	Washoe County
US.OR.001	Baker County
US.OR.003	Benton County
US.OR.005	Clackamas County
US.OR.007	Clatsop County
US.OR.009	Columbia County
US.OR.011	Coos County
US.OR.013	Crook County
US.OR.015	Curry County
US.OR.017	Deschutes County
US.OR.019	Douglas County
US.OR.021	Gilliam County
US.OR.023	Grant County
US.OR.025	Harney County
US.OR.027	Hood River County
US.OR.029	Jackson County
US.OR.031	Jefferson County
US.OR.033	Josephine County
US.OR.035	Klamath County
US.OR.037	Lake County
US.OR.039	Lane County
US.OR.041	Lincoln County
US.OR.043	Linn County
US.OR.045	Malheur County
US.OR.047	Marion County
US.OR.049	Morrow County
US.OR.051	Multnomah County
US.OR.053	Polk County
US.OR.055	Sherman County
US.OR.057	Tillamook County
US.OR.059	Umatilla County
US.OR.061	Union County
US.OR.063	Wallowa County
US.OR.065	Wasco County
US.OR.067	Washington County
US.OR.069	Wheeler County
US.OR.071	Yamhill County
US.SD.007	Bennett County
US.SD.019	Butte County
US.SD.021	Campbell County
US.SD.031	Corson County
US.SD.033	Custer County
US.SD.041	Dewey County
US.SD.047	Fall River County
US.SD.055	Haakon County
US.SD.063	Harding County
US.SD.071	Jackson County
US.SD.075	Jones County
US.SD.081	Lawrence County
US.SD.093	Meade County
US.SD.095	Mellette County
US.SD.103	Pennington County
US.SD.105	Perkins County
US.SD.102	Oglala Lakota County
US.SD.117	Stanley County
US.SD.119	Sully County
US.SD.121	Todd County
US.SD.137	Ziebach County
US.UT.003	Box Elder County
US.UT.005	Cache County
US.UT.009	Daggett County
US.UT.011	Davis County
US.UT.013	Duchesne County
US.UT.029	Morgan County
US.UT.033	Rich County
US.UT.035	Salt Lake County
US.UT.043	Summit County
US.UT.045	Tooele County
US.UT.047	Uintah County
US.UT.049	Utah County
US.UT.051	Wasatch County
US.UT.057	Weber County
US.WA.001	Adams County
US.WA.003	Asotin County
US.WA.005	Benton County
US.WA.007	Chelan County
US.WA.009	Clallam County
US.WA.011	Clark County
US.WA.013	Columbia County
US.WA.015	Cowlitz County
US.WA.017	Douglas County
US.WA.019	Ferry County
US.WA.021	Franklin County
US.WA.023	Garfield County
US.WA.025	Grant County
US.WA.027	Grays Harbor County
US.WA.029	Island County
US.WA.031	Jefferson County
US.WA.033	King County
US.WA.035	Kitsap County
US.WA.037	Kittitas County
US.WA.039	Klickitat County
US.WA.041	Lewis County
US.WA.043	Lincoln County
US.WA.045	Mason County
US.WA.047	Okanogan County
US.WA.049	Pacific County
US.WA.051	Pend Oreille County
US.WA.053	Pierce County
US.WA.055	San Juan County
US.WA.057	Skagit County
US.WA.059	Skamania County
US.WA.061	Snohomish County
US.WA.063	Spokane County
US.WA.065	Stevens County
US.WA.067	Thurston County
US.WA.069	Wahkiakum County
US.WA.071	Walla Walla County
US.WA.073	Whatcom County
US.WA.075	Whitman County
US.WA.077	Yakima County
US.WY.001	Albany County
US.WY.003	Big Horn County
US.WY.005	Campbell County
US.WY.007	Carbon County
US.WY.009	Converse County
US.WY.011	Crook County
US.WY.013	Fremont County
US.WY.015	Goshen County
US.WY.017	Hot Springs County
US.WY.019	Johnson County
US.WY.021	Laramie County
US.WY.023	Lincoln County
US.WY.025	Natrona County
US.WY.027	Niobrara County
US.WY.029	Park County
US.WY.031	Platte County
US.WY.033	Sheridan County
US.WY.035	Sublette County
US.WY.037	Sweetwater County
US.WY.039	Teton County
US.WY.041	Uinta County
US.WY.043	Washakie County
US.WY.045	Weston County
US.AK.100	Haines Borough
US.HI.007	Kauai County
US.HI.009	Maui County
US.HI.001	Hawaii County
US.HI.003	Honolulu County
US.AK.068	Denali Borough
US.AK.070	Dillingham Census Area
US.AK.090	Fairbanks North Star Borough
US.AK.122	Kenai Peninsula Borough
US.AK.150	Kodiak Island Borough
US.AK.170	Matanuska-Susitna Borough
US.AK.180	Nome Census Area
US.AK.185	North Slope Borough
US.AK.188	Northwest Arctic Borough
US.AK.240	Southeast Fairbanks Census Area
US.AK.016	Aleutians West Census Area
US.AK.013	Aleutians East Borough
US.AK.020	Anchorage Municipality
US.AK.050	Bethel Census Area
US.NY.047	Kings County
US.AK.230	Skagway Municipality
US.AK.275	City and Borough of Wrangell
US.AK.195	Petersburg Borough
US.AK.198	Prince of Wales-Hyder Census Area
US.AK.158	Kusilvak Census Area
US.AK.063	Chugach Census Area
US.CT.120	Greater Bridgeport Planning Region
US.CT.140	Naugatuck Valley Planning Region
US.CT.190	Western Connecticut Planning Region
US.CT.110	Capitol Planning Region
US.CT.130	Lower Connecticut River Valley Planning Region
US.CT.170	South Central Connecticut Planning Region
US.CT.180	Southeastern Connecticut Planning Region
US.CT.150	Northeastern Connecticut Planning Region
US.CT.160	Northwest Hills Planning Region
UY.02.12	Las Piedras
UY.02.06	Canelones
UY.02.24	San Ramon
UY.16.01	Ciudad Del Plata
UY.12.01	Nuevo Berlin
UY.09.04	Pan De Azucar
UY.09.01	Aiguá
UY.12.02	Young
UY.05.02	Villa Carmen
UY.09.07	San Carlos
UY.10.01	Municipio A
UY.18.01	Paso De Los Toros
UY.08.03	Jose Batlle Y Ordoñez
UY.03.02	Isidoro Noblia
UY.03.03	Acegua
UY.03.04	Tupambae
UY.03.09	Fraile Muerto
UY.16.03	Ecilda Paullier
UY.19.01	Santa Clara De Olimar
UY.19.02	Municipio de Vergara
UY.18.02	San Gregorio De Polanco
UY.11.02	Guichon
UY.11.03	Quebracho
UY.14.03	La Paloma
UY.14.04	Lascano
UY.15.02	Villa Constitucion
UY.15.01	Pueblo Belen
UY.05.01	Sarandí Del Yí
UY.13.01	Tranqueras
UY.02.03	Aguas Corrientes
UY.04.03	Nueva Palmira
UY.02.30	Toledo
UY.16.04	Rodriguez
UY.02.15	Pando
UY.04.05	Tarariras
UY.02.19	Salinas
UY.02.11	La Paz
UY.01.03	Tomas Gomensoro
UY.01.02	Bella Union
UY.02.01	Nicolich
UY.17.02	Dolores
UY.17.03	Jose Enrique Rodo
UY.02.16	Parque Del Plata
UY.17.01	Cardona
UY.16.02	Libertad
UY.04.02	Nueva Helvecia
UY.02.10	La Floresta
UY.13.02	Vichadero
UY.13.03	Minas De Corrales
UY.08.01	Jose Pedro Varela
UY.08.02	Solis De Mataojo
UY.03.01	Rio Branco
UY.11.01	Porvenir
UY.11.04	Piedras Coloradas
UY.02.14	Montes
UY.02.13	Migues
UY.02.18	Progreso
UY.02.23	San Jacinto
UY.02.05	Barros Blancos
UY.02.20	San Antonio
UY.09.06	Punta Del Este
UY.02.22	San Bautista
UY.10.02	Municipio B
UY.02.25	Santa Rosa
UY.02.26	Sauce
UY.14.01	Castillos
UY.12.03	San Javier
UY.07.02	Sarandí Grande
UY.07.01	Casupá
UY.02.09	Empalme Olmos
UY.02.27	Soca
UY.02.17	Paso Carrasco
UY.02.29	Tala
UY.02.28	Joaquin Suarez
UY.09.05	Piriapolis
UY.04.07	Ombues De Lavalle
UY.04.08	Florencio Sanchez
UY.04.09	Colonia Valdense
UY.02.04	Atlantida
UY.09.03	Maldonado
UY.04.04	Rosario
UY.02.02	Santa Lucia
UY.02.07	Los Cerrillos
UY.14.02	Chuy
UY.04.01	Carmelo
UY.04.06	Juan Lacaze
UY.17.04	Palmitas
UY.01.01	Baltasar Brum
UZ.02.1217081	Qorakŭl Tumani
UZ.07.1512504	Uchkuduk District
UZ.07.1513082	Nurota Tumani
UZ.06.1514190	Chust Tumani
UZ.14.1514338	Bŭstonliq Tumani
VE.11.1125	Municipio Zamora
VE.15.1521	Municipio Zamora
VE.04.0516	Municipio Zamora
VE.17.1711	Municipio Villalba
VE.21.2120	Municipio Valera
VE.07.0814	Municipio Valencia
VE.20.2028	Municipio Uribante
VE.13.1309	Municipio Urdaneta
VE.15.1520	Municipio Urdaneta
VE.04.0515	Municipio Urdaneta
VE.21.2119	Municipio Urdaneta
VE.22.2213	Municipio Urachiche
VE.18.1814	Municipio Turén
VE.09.1004	Municipio Tucupita
VE.17.1710	Municipio Tubores
VE.21.2118	Municipio Trujillo
VE.14.1421	Municipio Tovar
VE.13.1308	Municipio Torres
VE.08.0909	Municipio Tinaco
VE.19.1914	Municipio Sucre
VE.22.2212	Municipio Sucre
VE.04.0513	Municipio Sucre
VE.18.1813	Municipio Sucre
VE.23.2320	Municipio Sucre
VE.14.1420	Municipio Sucre
VE.20.2026	Municipio Sucre
VE.06.0710	Municipio Sucre
VE.16.1612	Municipio Sotillo
VE.05.0611	Municipio Sosa
VE.02.0319	Municipio Simón Rodríguez
VE.11.1120	Municipio Silva
VE.04.0510	Municipio San Sebastián
VE.03.0407	Municipio San Fernando
VE.22.2211	Municipio San Felipe
VE.20.2023	Municipio San Cristóbal
VE.04.0509	Municipio San Casimiro
VE.08.0908	Municipio San Carlos
VE.06.0708	Municipio Roscio
VE.03.0406	Municipio Rómulo Gallegos
VE.05.0610	Municipio Rojas
VE.14.1418	Municipio Rivas Dávila
VE.01.0207	Municipio Autónomo Río Negro
VE.08.0906	Municipio Ricaurte
VE.19.1913	Municipio Ribero
VE.14.1417	Municipio Rangel
VE.07.0811	Municipio Puerto Cabello
VE.15.1517	Municipio Plaza
VE.16.1609	Municipio Piar
VE.06.0706	Municipio Piar
VE.11.1117	Municipio Petit
VE.17.1709	Municipio Península de Macanao
VE.20.2020	Municipio Pedro María Ureña
VE.03.0405	Municipio Pedro Camejo
VE.05.0609	Municipio Pedraza
VE.15.1515	Municipio Paz Castillo
VE.20.2019	Municipio Panamericano
VE.13.1306	Municipio Palavecino
VE.23.2315	Municipio Guajira
VE.15.1514	Municipio Páez
VE.18.1808	Municipio Páez
VE.03.0404	Municipio Páez
VE.18.1807	Municipio Ospino
VE.05.0608	Municipio Obispos
VE.22.2209	Municipio Nirgua
VE.03.0403	Municipio Muñoz
VE.13.1305	Municipio Morán
VE.19.1912	Municipio Montes
VE.07.0809	Municipio Montalbán
VE.11.1114	Municipio Miranda
VE.23.2314	Municipio Miranda
VE.14.1413	Municipio Miranda
VE.20.2018	Municipio Michelena
VE.19.1911	Municipio Mejía
VE.11.1113	Municipio Mauroa
VE.16.1608	Municipio Maturín
VE.17.1708	Municipio Mariño
VE.19.1910	Municipio Mariño
VE.23.2313	Municipio Maracaibo
VE.23.2312	Municipio Mara
VE.17.1706	Municipio Maneiro
VE.20.2017	Municipio Lobatera
VE.19.1909	Municipio Libertador
VE.14.1412	Municipio Libertador
VE.20.2016	Municipio Libertador
VE.02.0311	Municipio Libertad
VE.15.1512	Municipio Lander
VE.14.1411	Municipio Justo Briceño
VE.20.2014	Municipio Junín
VE.13.1304	Municipio Jiménez
VE.20.2012	Municipio Jáuregui
VE.13.1303	Municipio Iribarren
VE.15.1511	Municipio Independencia
VE.02.0307	Municipio Independencia
VE.06.0705	Municipio Heres
VE.18.1805	Municipio Guanarito
VE.18.1804	Municipio Guanare
VE.15.1510	Municipio Guaicaipuro
VE.07.0804	Municipio Guacara
VE.17.1705	Municipio Gómez
VE.04.0503	Municipio Girardot
VE.08.0903	Municipio Girardot
VE.20.2009	Municipio García de Hevia
VE.11.1110	Municipio Federación
VE.08.0902	Municipio Tinaquillo
VE.11.1109	Municipio Falcón
VE.05.0607	Municipio Ezequiel Zamora
VE.18.1803	Municipio Esteller
VE.21.2106	Municipio Escuque
VE.17.1703	Municipio Díaz
VE.11.1108	Municipio Democracia
VE.15.1508	Municipio Cristóbal Rojas
VE.13.1302	Municipio Crespo
VE.20.2006	Municipio Córdoba
VE.23.2305	Municipio Colón
VE.11.1106	Municipio Colina
VE.16.1605	Municipio Cedeño
VE.06.0702	Municipio Cedeño
VE.06.0701	Municipio Caroní
VE.07.0802	Municipio Carlos Arvelo
VE.11.1105	Municipio Carirubana
VE.16.1604	Municipio Caripe
VE.20.2005	Municipio Cárdenas
VE.21.2105	Municipio Carache
VE.14.1406	Municipio Campo Elías
VE.11.1103	Municipio Buchivacoa
VE.22.2203	Municipio Bruzual
VE.15.1504	Municipio Brión
VE.11.1102	Municipio Bolívar
VE.22.2202	Municipio Bolívar
VE.16.1603	Municipio Bolívar
VE.05.0605	Municipio Bolívar
VE.20.2004	Municipio Bolívar
VE.21.2102	Municipio Boconó
VE.19.1905	Municipio Bermúdez
VE.19.1904	Municipio Benítez
VE.07.0801	Municipio Bejuma
VE.05.0604	Municipio Barinas
VE.23.2302	Municipio Baralt
VE.20.2003	Municipio Ayacucho
VE.01.0203	Municipio Autónomo Atures
VE.01.0202	Municipio Autónomo Atabapo
VE.14.1405	Municipio Arzobispo Chacón
VE.17.1702	Municipio Arismendi
VE.19.1903	Municipio Arismendi
VE.05.0603	Municipio Arismendi
VE.18.1802	Municipio Araure
VE.02.0302	Municipio Aragua
VE.08.0901	Municipio Anzoátegui
VE.09.1001	Municipio Antonio Díaz
VE.19.1901	Municipio Andrés Eloy Blanco
VE.14.1402	Municipio Andrés Bello
VE.02.0301	Municipio Anaco
VE.14.1401	Municipio Alberto Adriani
VE.11.1101	Municipio Acosta
VE.16.1601	Municipio Acosta
VE.03.0401	Municipio Achaguas
VE.15.1501	Municipio Acevedo
VE.01.0201	Municipio Autónomo Alto Orinoco
VE.01.0204	Municipio Autónomo Autana
VE.01.0206	Municipio Autónomo Manapiare
VE.01.0205	Municipio Autónomo Maroa
VE.04.0512	Municipio Santos Michelena
VE.05.0612	Municipio Andrés Eloy Blanco
VE.06.0704	Municipio Gran Sabana
VE.07.0813	Municipio San Joaquín
VE.11.1122	Municipio Tocópero
VE.11.1118	Municipio Píritu
VE.19.1906	Municipio Bolívar
VE.17.1704	Municipio García
VE.18.1812	Municipio Santa Rosalía
VE.18.1806	Municipio Monseñor José Vicente de Unda
VE.05.0602	Municipio Antonio José de Sucre
VE.12.1214	Municipio Santa María de Ipire
VE.14.1415	Municipio Padre Noguera
VE.20.2025	Municipio Simón Rodríguez
VE.18.1809	Municipio Papelón
VE.21.2113	Municipio Pampán
VE.02.0303	Municipio Fernando de Peñalver
VE.02.0314	Municipio Píritu
VE.02.0305	Municipio Francisco de Miranda
VE.21.2112	Municipio Motatán
VE.12.1201	Municipio Camaguán
VE.12.1213	Municipio San José de Guaribe
VE.02.0321	Municipio Turistico Diego Bautista Urbaneja
VE.07.0805	Municipio Juan José Mora
VE.21.2108	Municipio Juan Vicente Campo Elías
VE.20.2008	Municipio Francisco de Miranda
VE.15.1519	Municipio Sucre
VE.04.0506	Municipio José Rafael Revenga
VE.11.1107	Municipio Dabajuro
VE.15.1507	Municipio Chacao
VE.12.1205	Municipio Leonardo Infante
VE.02.0304	Municipio Francisco del Carmen Carvajal
VE.11.1124	Municipio Urumaco
VE.14.1419	Municipio Santos Marquina
VE.13.1307	Municipio Simón Planas
VE.18.1811	Municipio San Rafael de Onoto
VE.12.1212	Municipio Juan Germán Roscio
VE.15.1518	Municipio Simón Bolívar
VE.02.0308	Municipio Juan Antonio Sotillo
VE.15.1505	Municipio Buroz
VE.11.1121	Municipio Sucre
VE.08.0905	Municipio Pao de San Juan Bautista
VE.12.1202	Municipio Chaguaramas
VE.19.1908	Municipio Cruz Salmerón Acosta
VE.18.1801	Municipio Agua Blanca
VE.21.2110	Municipio Miranda
VE.21.2117	Municipio Sucre
VE.23.2319	Municipio Simón Bolívar
VE.23.2309	Municipio La Cañada de Urdaneta
VE.23.2311	Municipio Machiques de Perijá
VE.23.2303	Municipio Cabimas
VE.12.1209	Municipio José Tadeo Monagas
VE.15.1509	Municipio El Hatillo
VE.04.0505	Municipio José Félix Ribas
VE.22.2210	Municipio Peña
VE.15.1513	Municipio Los Salias
VE.04.0511	Municipio Santiago Mariño
VE.04.0501	Municipio Bolívar
VE.16.1606	Municipio Ezequiel Zamora
VE.12.1210	Municipio Ortiz
VE.23.2310	Municipio Lagunillas
VE.02.0316	Municipio San Juan de Capistrano
VE.03.0402	Municipio Biruaca
VE.16.1602	Municipio Aguasay
VE.02.0310	Municipio José Gregorio Monagas
VE.06.0703	Municipio El Callao
VE.14.1423	Municipio Zea
VE.11.1111	Municipio Jacura
VE.23.2304	Municipio Catatumbo
VE.06.0709	Municipio Sifontes
VE.22.2208	Municipio Manuel Monge
VE.11.1104	Municipio Cacique Manaure
VE.19.1907	Municipio Cajigal
VE.16.1613	Municipio Uracoa
VE.20.2024	Municipio Seboruco
VE.21.2101	Municipio Andrés Bello
VE.14.1414	Municipio Obispo Ramos de Lora
VE.04.0504	Municipio José Angel Lamas
VE.22.2201	Municipio Arístides Bastidas
VE.13.1301	Municipio Andrés Eloy Blanco
VE.05.0601	Municipio Alberto Arvelo Torrealba
VE.22.2206	Municipio José Antonio Páez
VE.14.1416	Municipio Pueblo Llano
VE.09.1003	Municipio Pedernales
VE.20.2010	Municipio Guásimos
VE.02.0309	Municipio Juan Manuel Cajigal
VE.04.0518	Municipio Ocumare de La Costa de Oro
VE.14.1422	Municipio Tulio Febres Cordero
VE.04.0507	Municipio Libertador
VE.11.1119	Municipio San Francisco
VE.21.2111	Municipio Monte Carmelo
VE.07.0808	Municipio Miranda
VE.07.0803	Municipio Diego Ibarra
VE.08.0907	Municipio Rómulo Gallegos
VE.14.1409	Municipio Guaraque
VE.22.2214	Municipio Veroes
VE.12.1207	Municipio Julián Mellado
VE.06.0707	Bolivariano Angostura
VE.22.2204	Municipio Cocorote
VE.02.0312	Municipio Manuel Ezequiel Bruzual
VE.11.1115	Municipio Monseñor Iturriza
VE.04.0502	Municipio Camatagua
VE.22.2207	Municipio La Trinidad
VE.18.1810	Municipio San Genaro de Boconoito
VE.21.2115	Municipio Rafael Rangel
VE.05.0606	Municipio Cruz Paredes
VE.14.1404	Municipio Aricagua
VE.25.0101	Municipio Libertador
VE.20.2021	Municipio Rafael Urdaneta
VE.20.2022	Municipio Samuel Darío Maldonado
VE.14.1410	Municipio Julio César Salas
VE.11.1123	Municipio Unión
VE.12.1215	Municipio Pedro Zaraza
VE.02.0306	Municipio Guanta
VE.20.2029	Municipio San Judas Tadeo
VE.21.2109	Municipio La Ceiba
VE.23.2308	Municipio Jesús María Semprún
VE.02.0313	Municipio Pedro María Freites
VE.08.0904	Municipio Lima Blanco
VE.26.2401	Municipio Vargas
VE.12.1208	Municipio Francisco de Miranda
VE.02.0315	Municipio San José de Guanipa
VE.02.0317	Municipio Santa Ana
VE.02.0318	Municipio Simón Bolívar
VE.02.0320	Municipio Sir Arthur Mc Gregor
VE.04.0508	Municipio Mario Briceño Iragorry
VE.04.0517	Municipio Francisco Linares Alcántara
VE.06.0711	Municipio Padre Pedro Chien
VE.07.0806	Municipio Libertador
VE.07.0807	Municipio Los Guayos
VE.07.0810	Municipio Naguanagua
VE.07.0812	Municipio San Diego
VE.09.1002	Municipio Casacoima
VE.11.1112	Municipio Los Taques
VE.11.1116	Municipio Palmasola
VE.12.1203	Municipio El Socorro
VE.12.1204	Municipio San Gerónimo de Guayabal
VE.12.1206	Municipio Las Mercedes
VE.12.1211	Municipio José Félix Ribas
VE.14.1403	Municipio Antonio Pinto Salinas
VE.14.1407	Municipio Caracciolo Parra Olmedo
VE.14.1408	Municipio Cardenal Quintero
VE.15.1502	Municipio Andrés Bello
VE.15.1503	Municipio Baruta
VE.15.1506	Municipio Carrizal
VE.15.1516	Municipio Pedro Gual
VE.16.1607	Municipio Libertador
VE.16.1610	Municipio Punceres
VE.16.1611	Municipio Santa Bárbara
VE.17.1701	Municipio Antolín del Campo
VE.17.1707	Municipio Marcano
VE.19.1902	Municipio Andrés Mata
VE.19.1915	Municipio Valdez
VE.20.2001	Municipio Andrés Bello
VE.20.2002	Municipio Antonio Rómulo Costa
VE.20.2007	Municipio Fernández Feo
VE.20.2011	Municipio Independencia
VE.20.2015	Municipio Libertad
VE.20.2013	Municipio José María Vargas
VE.20.2027	Municipio Torbes
VE.21.2103	Municipio Bolívar
VE.21.2104	Municipio Candelaria
VE.21.2107	Municipio José Felipe Márquez Cañizales
VE.21.2114	Municipio Pampanito
VE.21.2116	Municipio San Rafael de Carvajal
VE.22.2205	Municipio Independencia
VE.23.2301	Municipio Almirante Padilla
VE.23.2306	Municipio Francisco Javier Pulgar
VE.23.2307	Municipio Jesús Enrique Lossada
VE.23.2316	Municipio Rosario de Perijá
VE.23.2317	Municipio San Francisco
VE.23.2318	Municipio Santa Rita
VE.23.2321	Municipio Valmore Rodríguez
VI.010.20800	Christiansted
VI.010.73900	Southcentral
VI.020.28900	Cruz Bay
VI.030.17200	Charlotte Amalie
VI.030.78400	Tutu
VN.79.726	Tân Uyên
VN.82.1577922	Xã Lai Vung
VN.86.837	Huyện Thạnh Phú
VN.86.833	Huyện Mỏ Cày Nam
VN.86.832	Huyện Chợ Lách
VN.86.831	Huyện Châu Thành
VN.86.834	Huyện Giồng Trôm
VN.86.835	Huyện Bình Đại
VN.86.836	Huyện Ba Tri
VN.86.829	Thành Phố Bến Tre
VN.82.815	Thành Phố Mỹ Tho
VN.82.816	Thị Xã Gò Công
VN.82.824	Huyện Gò Công Đông
VN.82.823	Huyện Gò Công Tây
VN.82.822	Huyện Chợ Gạo
VN.82.821	Huyện Châu Thành
VN.82.818	Huyện Tân Phước
VN.80.703	Thành Phố Tây Ninh
VN.80.709	Huyện Hòa Thành
VN.80.708	Huyện Châu Thành
VN.80.711	Huyện Bến Cầu
VN.80.710	Huyện Gò Dầu
VN.80.712	Huyện Trảng Bàng
VN.80.707	Huyện Dương Minh Châu
VN.80.706	Huyện Tân Châu
VN.80.705	Huyện Tân Biên
VN.79.760	Quận Một
VN.79.769	Quận Hai
VN.79.770	Quận Ba
VN.79.773	Quận Bốn
VN.79.774	Quận Năm
VN.79.775	Quận Sáu
VN.79.778	Quận Bảy
VN.79.763	Quận Chín
VN.79.771	Quận Mười
VN.79.772	Quận Mười Một
VN.79.768	Phu Nhuan
VN.79.766	Quận Tân Bình
VN.79.765	Quận Bình Thạnh
VN.79.764	Quận Gò Vấp
VN.79.762	Quận Thủ Đức
VN.79.784	Huyện Hóc Môn
VN.79.783	Huyện Củ Chi
VN.79.785	Huyện Bình Chánh
VN.79.786	Huyện Nhà Bè
VN.79.787	Huyện Cần Giờ
VN.79.747	Thành Phố Vũng Tàu
VN.79.748	Thành Phố Bà Rịa
VN.79.754	Thị Xã Phú Mỹ
VN.79.750	Huyện Châu Đức
VN.79.753	Huyện Đất Đỏ
VN.79.751	Huyện Xuyên Mộc
VN.79.755	Huyện Côn Đảo
VN.86.855	Thành phố Vĩnh Long
VN.86.857	Huyện Long Hồ
VN.86.858	Huyện Mang Thít
VN.86.860	Huyện Tam Bình
VN.86.861	Thị Xã Bình Minh
VN.86.859	Huyện Vũng Liêm
VN.86.862	Huyện Trà Ôn
VN.86.842	Thành Phố Trà Vinh
VN.86.847	Huyện Châu Thành
VN.86.845	Huyện Cầu Kè
VN.86.846	Huyện Tiểu Cần
VN.86.849	Huyện Trà Cú
VN.86.850	Huyện Duyên Hải
VN.92.941	Thành Phố Sóc Trăng
VN.92.946	Huyện Long Phú
VN.92.943	Huyện Kế Sách
VN.92.944	Huyện Mỹ Tú
VN.92.947	Huyện Mỹ Xuyên
VN.92.949	Huyện Thạnh Trị
VN.92.950	Thị Xã Vĩnh Châu
VN.92.916	Quận Ninh Kiều
VN.92.933	Huyện Châu Thành
VN.92.917	Quận Ô Môn
VN.92.923	Quận Thốt Nốt
VN.92.934	Huyện Phụng Hiệp
VN.92.935	Vị Thủy District
VN.92.936	Huyện Long Mỹ
VN.82.866	Thành Phố Cao Lãnh
VN.82.867	Sa Dec city
VN.82.877	Huyện Châu Thành
VN.82.875	Huyện Lấp Vò
VN.82.873	Huyện Cao Lãnh
VN.82.874	Huyện Thanh Bình
VN.82.871	Huyện Tam Nông
VN.82.869	Huyện Tân Hồng
VN.91.899	Thành Phố Rạch Giá
VN.91.905	Huyện Châu Thành
VN.91.906	Huyện Giồng Riềng
VN.91.904	Huyện Tân Hiệp
VN.91.907	Huyện Gò Quao
VN.91.908	Huyện An Biên
VN.91.909	Huyện An Minh
VN.91.910	Huyện Vĩnh Thuận
VN.91.903	Huyện Hòn Đất
VN.91.900	Thành Phố Hà Tiên
VN.91.912	Huyện Kiên Hải
VN.91.911	Thành Phố Phú Quốc
VN.56.582	Thành Phố Phan Rang-Tháp Chàm
VN.56.586	Huyện Ninh Hải
VN.56.587	Huyện Ninh Phước
VN.56.585	Huyện Ninh Sơn
VN.52.622	Thành Phố Pleiku
VN.52.627	Huyện Chư Păh
VN.52.628	Huyện Ia Grai
VN.52.631	Huyện Đức Cơ
VN.52.632	Huyện Chư Prông
VN.52.633	Huyện Chư Sê
VN.52.637	Huyện Krông Pa
VN.52.624	Thị Xã A Yun Pa
VN.52.630	Huyện Kông Chro
VN.52.623	Thị Xã An Khê
VN.52.629	Huyện Mang Yang
VN.52.625	Huyện KBang
VN.66.643	Thành Phố Buôn Ma Thuột
VN.68.664	Huyện Krông Nô
VN.66.646	Huyện Ea Súp
VN.80.794	Thành Phố Tân An
VN.80.808	Huyện Châu Thành
VN.80.805	Huyện Tân Trụ
VN.80.806	Huyện Cần Đước
VN.80.807	Huyện Cần Giuộc
VN.80.804	Huyện Thủ Thừa
VN.80.800	Huyện Thạnh Hóa
VN.80.801	Huyện Đức Huệ
VN.80.802	Huyện Đức Hòa
VN.80.799	Huyện Tân Thạnh
VN.80.796	Huyện Tân Hưng
VN.80.797	Huyện Vĩnh Hưng
VN.15.080	Thành Phố Lào Cai
VN.15.086	Huyện Bảo Thắng
VN.15.088	Huyện Sa Pa
VN.15.082	Huyện Bát Xát
VN.15.083	Huyện Mường Khương
VN.15.085	Huyện Bắc Hà
VN.15.087	Huyện Bảo Yên
VN.15.089	Huyện Văn Bàn
VN.12.110	Huyện Than Uyên
VN.25.148	Thành Phố Hòa Bình
VN.25.151	Huyện Kỳ Sơn
VN.25.150	Huyện Đà Bắc
VN.25.155	Huyện Tân Lạc
VN.25.152	Huyện Lương Sơn
VN.25.153	Huyện Kim Bôi
VN.25.157	Huyện Lạc Sơn
VN.25.159	Huyện Lạc Thủy
VN.25.158	Huyện Yên Thủy
VN.08.024	Thành Phố Hà Giang
VN.08.030	Huyện Vị Xuyên
VN.08.031	Huyện Bắc Mê
VN.08.028	Huyện Yên Minh
VN.08.029	Huyện Quản Bạ
VN.08.026	Huyện Đồng Văn
VN.08.027	Huyện Mèo Vạc
VN.08.032	Huyện Hoàng Su Phì
VN.08.034	Huyện Bắc Quang
VN.01.268	Quận Hà Đông
VN.01.269	Thị Xã Sơn Tây
VN.01.278	Huyện Thanh Oai
VN.01.277	Huyện Chương Mỹ
VN.01.274	Huyện Hoài Đức
VN.01.275	Huyện Quốc Oai
VN.01.276	Huyện Thạch Thất
VN.01.273	Huyện Đan Phượng
VN.01.272	Huyện Phúc Thọ
VN.01.271	Huyện Ba Vì
VN.01.279	Huyện Thường Tín
VN.01.280	Huyện Phú Xuyên
VN.01.281	Huyện Ứng Hòa
VN.01.282	Huyện Mỹ Đức
VN.40.412	Thành Phố Vinh
VN.40.431	Huyện Hưng Nguyên
VN.40.430	Huyện Nam Đàn
VN.40.429	Huyện Nghi Lộc
VN.40.413	Thị Xã Cửa Lò
VN.40.425	Huyện Diễn Châu
VN.40.426	Huyện Yên Thành
VN.40.427	Huyện Đô Lương
VN.40.428	Huyện Thanh Chương
VN.40.424	Huyện Anh Sơn
VN.40.422	Huyện Con Cuông
VN.40.423	Huyện Tân Kỳ
VN.40.421	Huyện Quỳnh Lưu
VN.40.420	Huyện Quỳ Hợp
VN.40.416	Huyện Quỳ Châu
VN.40.415	Huyện Quế Phong
VN.40.418	Huyện Tương Dương
VN.40.417	Huyện Kỳ Sơn
VN.33.336	Thành Phố Thái Bình
VN.33.344	Huyện Vũ Thư
VN.33.340	Huyện Ðông Hưng
VN.33.343	Huyện Kiến Xương
VN.33.342	Huyện Tiền Hải
VN.33.341	Huyện Thái Thụy
VN.33.338	Huyện Quỳnh Phụ
VN.33.339	Huyện Hưng Hà
VN.14.116	Thành Phố Sơn La
VN.14.120	Huyện Mường La
VN.14.118	Huyện Quỳnh Nhai
VN.14.119	Huyện Thuận Châu
VN.14.126	Huyện Sông Mã
VN.14.125	Huyện Mai Sơn
VN.14.121	Huyện Bắc Yên
VN.14.124	Huyện Yên Châu
VN.14.122	Huyện Phù Yên
VN.14.123	Huyện Mộc Châu
VN.31.307	Quận Kiến An
VN.31.308	Quận Đồ Sơn
VN.31.312	Huyện An Dương
VN.31.311	Huyện Thủy Nguyên
VN.31.313	Huyện An Lão
VN.31.314	Huyện Kiến Thụy
VN.31.315	Huyện Tiên Lãng
VN.31.317	Huyện Cát Hải
VN.11.094	Thành Phố Điện Biên Phủ
VN.11.101	Huyện Điện Biên Đông
VN.11.099	Huyện Tuần Giáo
VN.11.098	Huyện Tủa Chùa
VN.11.095	Thị Xã Mưòng Lay
VN.12.108	Huyện Sìn Hồ
VN.12.109	Huyện Phong Thổ
VN.12.107	Huyện Mưòng Tè
VN.22.193	Hạ Long District
VN.22.195	Cẩm Phả District
VN.22.196	Thành Phố Uông Bí
VN.22.205	Huyện Đông Triều
VN.22.206	Thị Xã Quảng Yên
VN.22.204	Huyện Hoành Bồ
VN.22.202	Huyện Ba Chẽ
VN.22.199	Huyện Tiên Yên
VN.22.198	Huyện Bình Liêu
VN.22.201	Huyện Hải Hà
VN.22.194	Thành Phố Móng Cái
VN.22.203	Huyện Vân Đồn
VN.22.207	Huyện Cô Tô
VN.01.001	Quận Ba Đình
VN.01.005	Quận Cầu Giấy
VN.01.017	Huyện Đông Anh
VN.01.006	Quận Đống Đa
VN.01.018	Huyện Gia Lâm
VN.01.007	Quận Hai Bà Trưng
VN.01.002	Quận Hoàn Kiếm
VN.01.016	Huyện Sóc Sơn
VN.01.003	Quận Tây Hồ
VN.01.020	Huyện Thanh Trì
VN.01.009	Quận Thanh Xuân
VN.68.672	Thành Phố Đà Lạt
VN.68.673	Thành Phố Bảo Lộc
VN.68.680	Huyện Bảo Lâm
VN.68.681	Huyện Đạ Huoai
VN.68.682	Huyện Đạ Tẻh
VN.68.683	Huyện Cát Tiên
VN.68.679	Huyện Di Linh
VN.68.678	Huyện Đức Trọng
VN.68.677	Huyện Đơn Dương
VN.68.676	Huyện Lâm Hà
VN.68.675	Huyện Lạc Dương
VN.37.369	Thành Phố Ninh Bình
VN.37.376	Huyện Kim Sơn
VN.37.377	Huyện Yên Mô
VN.37.375	Huyện Yên Khánh
VN.37.370	Thị Xã Tam Điệp
VN.37.374	Huyện Hoa Lư
VN.37.373	Huyện Gia Viễn
VN.37.372	Huyện Nho Quan
VN.38.380	Thành Phố Thanh Hóa
VN.38.407	Huyện Tĩnh Gia
VN.38.404	Huyện Nông Cống
VN.38.403	Huyện Như Thanh
VN.38.402	Huyện Như Xuân
VN.38.406	Huyện Quảng Xương
VN.38.382	Thành Phố Sầm Sơn
VN.38.399	Huyện Hoằng Hóa
VN.38.405	Huyện Đông Sơn
VN.38.398	Huyện Thiệu Hóa
VN.38.394	Huyện Yên Định
VN.38.397	Huyện Triệu Sơn
VN.38.395	Huyện Thọ Xuân
VN.38.396	Huyện Thường Xuân
VN.38.389	Huyện Ngọc Lặc
VN.38.388	Huyện Lang Chánh
VN.38.390	Huyện Cẩm Thủy
VN.38.393	Huyện Vĩnh Lộc
VN.38.400	Huyện Hậu Lộc
VN.38.401	Huyện Nga Sơn
VN.38.392	Huyện Hà Trung
VN.38.381	Thị Xã Bỉm Sơn
VN.38.391	Huyện Thạch Thành
VN.38.386	Huyện Bá Thước
VN.38.387	Huyện Quan Sơn
VN.38.385	Huyện Quan Hóa
VN.38.384	Huyện Mường Lát
VN.44.461	Thành Phố Đông Hà
VN.44.467	Huyện ĐaKrông
VN.44.465	Huyện Hướng Hóa
VN.44.470	Huyện Hải Lăng
VN.44.462	Thị Xã Quảng Trị
VN.44.469	Huyện Triệu Phong
VN.44.468	Huyện Cam Lộ
VN.44.466	Huyện Gio Linh
VN.44.464	Huyện Vĩnh Linh
VN.44.450	Thành Phố Đồng Hới
VN.44.457	Huyện Lệ Thủy
VN.44.456	Huyện Quảng Ninh
VN.44.455	Huyện Bố Trạch
VN.44.453	Huyện Tuyên Hóa
VN.44.452	Huyện Minh Hóa
VN.24.256	Thành Phố Bắc Ninh
VN.24.258	Huyện Yên Phong
VN.24.259	Huyện Quế Võ
VN.24.260	Huyện Tiên Du
VN.24.263	Huyện Gia Bình
VN.24.262	Huyện Thuận Thành
VN.24.222	Huyện Việt Yên
VN.24.221	Huyện Yên Dũng
VN.24.217	Huyện Lạng Giang
VN.24.216	Huyện Tân Yên
VN.24.223	Huyện Hiệp Hòa
VN.24.215	Huyện Yên Thế
VN.24.218	Huyện Lục Nam
VN.24.219	Huyện Lục Ngạn
VN.24.220	Huyện Sơn Động
VN.48.491	Quận Thanh Khê
VN.48.493	Quận Sơn Trà
VN.48.494	Quận Ngũ Hành Sơn
VN.48.490	Quận Liên Chiểu
VN.48.497	Huyện Hòa Vang
VN.48.498	Huyện Hoàng Sa
VN.79.718	Thành Phố Thủ Dầu Một
VN.79.725	Thành Phố Thuận An
VN.79.721	Thị Xã Bến Cát
VN.75.695	Huyện Đồng Phú
VN.75.690	Thị Xã Bình Long
VN.75.692	Huyện Lộc Ninh
VN.75.696	Huyện Bù Đăng
VN.91.883	Long Xuyên City
VN.91.884	Thành phố Châu Đốc
VN.91.894	Huyện Thoại Sơn
VN.91.892	Huyện Châu Thành
VN.91.893	Huyện Chợ Mới
VN.91.888	Huyện Phú Tân
VN.91.889	Huyện Châu Phú
VN.91.891	Huyện Tri Tôn
VN.91.890	Thị Xã Tịnh Biên
VN.91.887	Thị Xã Tân Châu
VN.91.886	Huyện An Phú
VN.19.165	Thị Xã Sông Công
VN.19.173	Huyện Phú Bình
VN.19.172	Huyện Phổ Yên
VN.19.171	Huyện Đại Từ
VN.19.167	Huyện Định Hóa
VN.19.168	Huyện Phú Lương
VN.19.169	Huyện Đồng Hỷ
VN.19.170	Huyện Võ Nhai
VN.04.051	Huyện Hòa An
VN.04.046	Huyện Trà Lĩnh
VN.04.047	Huyện Trùng Khánh
VN.04.048	Huyện Hạ Lang
VN.04.053	Huyện Thạch An
VN.04.052	Huyện Nguyên Bình
VN.04.044	Huyện Thông Nông
VN.04.045	Huyện Hà Quảng
VN.04.043	Huyện Bảo Lac
VN.48.502	Thành Phố Tam Kỳ
VN.48.503	Thành Phố Hội An
VN.48.513	Huyện Thăng Bình
VN.48.509	Huyện Quế Sơn
VN.48.508	Huyện Duy Xuyên
VN.48.507	Huyện Điện Bàn
VN.48.506	Huyện Đại Lộc
VN.48.510	Huyện Nam Giang
VN.48.511	Huyện Phước Sơn
VN.48.512	Huyện Hiệp Đức
VN.48.514	Huyện Tiên Phước
VN.48.517	Huyện Núi Thành
VN.20.178	Thành Phố Lạng Sơn
VN.20.182	Huyện Văn Lãng
VN.20.183	Huyện Cao Lộc
VN.20.184	Huyện Vặn Quan
VN.20.187	Huyện Chi Lăng
VN.20.188	Huyện Lộc Bình
VN.20.189	Huyện Đình Lập
VN.20.186	Huyện Hũu Lũng
VN.20.185	Huyện Bắc Sơn
VN.20.181	Huyện Bình Gia
VN.20.180	Huyện Tràng Định
VN.75.731	Thành Phố Biên Hòa
VN.75.735	Huyện Vĩnh Cửu
VN.75.738	Huyện Thống Nhất
VN.75.740	Huyện Long Thành
VN.75.742	Huyện Nhơn Trạch
VN.75.732	Thị Xã Long Khánh
VN.75.741	Huyện Xuân Lộc
VN.75.734	Huyện Tân Phú
VN.52.550	Huyện Tuy Phước
VN.52.549	Thị Xã An Nhơn
VN.52.551	Huyện Vân Canh
VN.52.547	Huyện Tây Sơn
VN.52.548	Phu Cat District
VN.52.545	Huyện Phù Mỹ
VN.52.543	Thị Xã Hoài Nhơn
VN.52.546	Huyện Vĩnh Thạnh
VN.52.544	Huyện Hoài Ân
VN.52.542	Huyện An Lão
VN.68.593	Thành Phố Phan Thiết
VN.68.598	Huyện Hàm Thuận Nam
VN.68.597	Huyện Hàm Thuận Bắc
VN.68.596	Huyện Bắc Bình
VN.68.595	Huyện Tuy Phong
VN.68.599	Huyện Tánh Linh
VN.68.600	Huyện Đức Linh
VN.68.602	Huyện Phú Quý
VN.25.243	Thành Phố Vĩnh Yên
VN.25.248	Huyện Tam Đảo
VN.01.250	Huyện Mê Linh
VN.25.251	Huyện Yên Lạc
VN.25.252	Huyện Vĩnh Tường
VN.25.246	Huyện Lập Thạch
VN.25.227	Thành Phố Việt Trì
VN.25.228	Thị xã Phú Thọ
VN.25.233	Huyện Phù Ninh
VN.25.232	Huyện Thanh Ba
VN.25.235	Huyện Cẩm Khê
VN.25.236	Huyện Tam Nông
VN.25.238	Huyện Thanh Sơn
VN.25.234	Huyện Yên Lập
VN.25.231	Huyện Hạ Hòa
VN.25.230	Huyện Đoan Hùng
VN.42.436	Thành Phố Hà Tĩnh
VN.42.446	Huyện Cẩm Xuyên
VN.42.447	Huyện Kỳ Anh
VN.42.444	Huyện Hương Khê
VN.42.445	Huyện Thạch Hà
VN.42.443	Huyện Can Lộc
VN.42.442	Huyện Nghi Xuân
VN.42.437	Thị Xã Hồng Lĩnh
VN.42.440	Huyện Ðức Thọ
VN.42.439	Huyện Hương Sơn
VN.56.568	Thành Phố Nha Trang
VN.56.574	Huyện Diên Khánh
VN.56.569	Thành Phố Cam Ranh
VN.56.575	Huyện Khánh Sơn
VN.56.573	Huyện Khánh Vĩnh
VN.56.572	Thị Xã Ninh Hòa
VN.56.571	Huyện Vạn Ninh
VN.51.608	Thành Phố Kon Tum
VN.51.615	Huyện Đắk Hà
VN.51.613	Huyện Kon Plông
VN.51.612	Huyện Đắk Tô
VN.51.616	Huyện Sa Thầy
VN.51.611	Huyện Ngọc Hồi
VN.51.610	Huyện Đắk Glei
VN.51.522	Thành Phố Quảng Ngãi
VN.51.528	Huyện Tư Nghĩa
VN.51.527	Huyện Sơn Tịnh
VN.51.524	Huyện Bình Sơn
VN.51.525	Huyện Trà Bồng
VN.51.529	Huyện Sơn Hà
VN.51.531	Huyện Minh Long
VN.51.532	Huyện Nghĩa Hành
VN.51.533	Huyện Mộ Đức
VN.51.535	Huyện Ba Tơ
VN.51.534	Huyện Đức Phổ
VN.51.536	Huyện Lý Sơn
VN.37.356	Thành Phố Nam Định
VN.37.358	Huyện Mỹ Lộc
VN.37.359	Huyện Vụ Bản
VN.37.362	Huyện Nam Trực
VN.37.363	Huyện Trực Ninh
VN.37.364	Huyện Xuân Trường
VN.37.365	Huyện Giao Thủy
VN.37.366	Huyện Hải Hậu
VN.37.361	Huyện Nghĩa Hưng
VN.37.347	Thành Phố Phủ Lý
VN.37.349	Thị Xã Duy Tiên
VN.37.350	Huyện Kim Bảng
VN.37.351	Huyện Thanh Liêm
VN.37.352	Huyện Bình Lục
VN.37.353	Huyện Lý Nhân
VN.46.474	Thành Phố Huế
VN.46.479	Thị Xã Hương Thủy
VN.46.478	Huyện Phú Vang
VN.46.477	Huyện Quảng Ðiền
VN.46.476	Huyện Phong Điền
VN.46.480	Thị Xã Hương Trà
VN.46.481	Huyện A Lưới
VN.46.483	Huyện Nam Đông
VN.46.482	Huyện Phú Lộc
VN.66.555	Thành Phố Tuy Hòa
VN.66.561	Huyện Sông Hinh
VN.66.560	Huyện Sơn Hòa
VN.66.559	Huyện Tuy An
VN.66.557	Thị Xã Sông Cầu
VN.66.558	Huyện Đồng Xuân
VN.15.132	Thành Phố Yên Bái
VN.15.133	Nghĩa Lộ
VN.15.138	Huyện Trấn Yên
VN.15.140	Huyện Văn Chấn
VN.15.141	Huyện Yên Bình
VN.15.135	Huyện Lục Yên
VN.15.139	Huyện Trạm Tấu
VN.15.137	Huyện Mù Cang Chải
VN.19.063	Huyện Bạch Thông
VN.19.064	Huyện Chợ Đồn
VN.19.061	Huyện Ba Bể
VN.19.062	Huyện Ngân Sơn
VN.19.066	Huyện Na Rì
VN.96.959	Huyện Giá Rai
VN.96.956	Huyện Hồng Dân
VN.96.964	Thành Phố Cà Mau
VN.96.967	Huyện Thới Bình
VN.96.966	Huyện U Minh
VN.96.968	Huyện Trần Văn Thời
VN.96.969	Huyện Cái Nước
VN.96.970	Huyện Đầm Dơi
VN.96.973	Huyện Ngọc Hiển
VN.31.288	Thành Phố Hải Dương
VN.31.295	Huyện Cẩm Giàng
VN.31.296	Huyện Bình Giang
VN.31.297	Huyện Gia Lộc
VN.31.300	Huyện Thanh Miện
VN.31.299	Huyện Ninh Giang
VN.31.298	Huyện Tứ Kỳ
VN.31.294	Huyện Thanh Hà
VN.31.293	Huyện Kim Thành
VN.31.291	Huyện Nam Sách
VN.31.292	Thị Xã Kinh Môn
VN.31.290	Thành Phố Chí Linh
VN.33.332	Huyện Tiên Lữ
VN.33.331	Huyện Kim Động
VN.33.333	Huyện Phù Cừ
VN.33.329	Huyện Ân Thi
VN.33.330	Huyện Khoái Châu
VN.33.328	Huyện Mỹ Hào
VN.33.323	Thành Phố Hưng Yên
VN.19.164	Thành Phố Thái Nguyên
VN.04.040	Thành Phố Cao Bằng
VN.08.070	Thành Phố Tuyên Quang
VN.08.076	Huyện Sơn Dương
VN.08.074	Huyện Hàm Yên
VN.08.073	Huyện Chiêm Hóa
VN.08.072	Huyện Na Hang
VN.24.213	Thành phố Bắc Giang
VN.19.058	Thành Phố Bắc Kạn
VN.96.954	Thành phố Bạc Liêu
VN.66.656	Huyện Lắk
VN.68.663	Huyện Đắk Mil
VN.66.655	Huyện Krông Ana
VN.66.653	Huyện Krông Bông
VN.66.654	Huyện Krông Pắk
VN.66.651	Huyện Ea Kar
VN.66.652	Huyện M’Đrắk
VN.66.648	Huyện Cư M’Gar
VN.66.650	Huyện Krông Năng
VN.66.645	Huyện Ea H'Leo
VN.68.662	Huyện Cư Jút
VN.24.261	Thị Xã Từ Sơn
VN.96.957	Huyện Phước Long
VN.96.960	Huyện Đông Hải
VN.24.264	Huyện Lương Tài
VN.19.060	Huyện Pác Nặm
VN.19.065	Huyện Chợ Mới
VN.79.752	Huyện Long Điền
VN.12.106	Huyện Tam Đường
VN.15.084	Huyện Si Ma Cai
VN.08.035	Huyện Quang Bình
VN.11.096	Huyện Mường Nhé
VN.11.097	Huyện Mường Chà
VN.11.102	Huyện Mường Ảng
VN.04.042	Huyện Bảo Lâm
VN.25.154	Huyện Cao Phong
VN.22.200	Huyện Đầm Hà
VN.25.240	Huyện Tân Sơn
VN.25.247	Huyện Tam Dương
VN.25.249	Huyện Bình Xuyên
VN.01.004	Quận Long Biên
VN.01.008	Quận Hoàng Mai
VN.40.414	Thị Xã Thái Hòa
VN.40.432	Thị Xã Hoàng Mai
VN.42.441	Huyện Vũ Quang
VN.48.495	Quận Cẩm Lệ
VN.48.505	Huyện Đông Giang
VN.48.504	Huyện Tây Giang
VN.48.515	Huyện Bắc Trà My
VN.48.518	Huyện Phú Ninh
VN.51.526	Huyện Tây Trà
VN.51.614	Huyện Kon Rẫy
VN.52.635	Huyện Ia Pa
VN.52.626	Huyện Đak Đoa
VN.79.767	Tân Phú District
VN.68.665	Huyen Dak Song
VN.56.584	Huyen Bac Ai
VN.91.902	Kien Luong Town
VN.92.948	Huyen Nga Nam
VN.96.971	Huyen Nam Can
VN.04.050	Huyen Phuc Hoa
VN.25.237	Huyen Lam Thao
VN.56.570	Huyện Cam Lâm
VN.68.660	Thành Phố Gia Nghĩa
VN.68.594	Thị Xã La Gi
VN.92.919	Cái Răng
VN.92.932	Huyện Châu Thành A
VN.75.737	Huyện Trảng Bom
VN.75.691	Huyện Bù Gia Mập
VN.75.693	Huyện Bù Đốp
VN.75.697	Huyện Chơn Thành
VN.75.689	Thị Xã Đồng Xoài
VN.79.724	Thành Phố Dĩ An
VN.79.720	Huyện Dầu Tiêng
VN.82.817	Thị xã Cai Lậy
VN.82.868	Thị Xã Hồng Ngự
VN.86.838	Huyện Mỏ Cày Bắc
VN.92.918	Quận Bình Thủy
VN.92.926	Huyện Phong Điền
VN.92.927	Huyện Thới Lai
VN.92.925	Huyện Cờ Đỏ
VN.92.924	Huyện Vĩnh Thạnh
VN.92.931	Thành Phố Ngã Bảy
VN.92.930	Thành Phố Vị Thanh
VN.92.945	Huyện Cù Lao Dung
VN.96.972	Huyện Phú Tân
VN.04.049	Huyện Quảng Uyên
VN.01.019	Quận Nam Từ Liêm
VN.42.448	Huyện Lộc Hà
VN.96.961	Huyện Hoà Bình
VN.33.326	Huyện Văn Giang
VN.33.327	Huyện Yên Mỹ
VN.25.239	Huyện Thanh Thuỷ
VN.25.244	Thị xã Phúc Yên
VN.12.105	Thành phố Lai Châu
VN.44.458	Thị xã Ba Đồn
VN.33.325	Huyện Văn Lâm
VN.11.100	Huyện Điện Biên
VN.01.021	Quảng trường Ba Đình
VN.92.942	Huyện Châu Thành
VN.11.103	Huyện Nậm Pồ
WS.10.7669207	Sagaga Le Usoga
XK.10097358.28	Vushtrri
XK.10097357.27	Komuna e Vitisë
XK.10096138.03	Komuna e Ferizajt
XK.10097358.15	Komuna e Mitrovicës
XK.10097361.26	Komuna e Thërandës
XK.10097358.25	Komuna e Skenderajt
XK.10097361.21	Prizren
XK.10097360.20	Komuna e Prishtinës
XK.10097360.19	Podujevo
XK.10097359.18	Komuna e Pejës
XK.10096859.22	Orahovac
XK.10097360.13	Lipjan
XK.10097358.12	Komuna e Leposaviqit
XK.10097357.10	Kamenica
XK.10097359.11	Komuna e Klines
XK.10096138.09	Komuna e Kaçanikut
XK.10097359.08	Komuna e Istogut
XK.10097357.06	Komuna e Gjilanit
XK.10097360.07	Komuna e Drenasit
XK.10097361.02	Komuna e Dragashit
XK.10096859.01	Komuna e Deçanit
XK.10096859.05	Komuna e Gjakovës
XK.10097360.04	Kosovo Polje
XK.10096138.23	Opština Štrpce
XK.10096138.24	Komuna e Shtimes
XK.10097360.16	Novo Brdo
XK.10097360.17	Komuna e Obiliqit
XK.10097361.14	Komuna e Malisheves
XK.10097358.29	Komuna e Zubin Potokut
XK.10097358.30	Komuna e Zveçanit
XK.10097360.31	Komuna e Graçanicës
XK.10096138.32	Hani i Elezit
XK.10096859.33	Komuna e Junikut
XK.10097357.34	Komuna e Kllokotit
XK.10097361.35	Komuna e Mamushës
XK.10097357.36	Komuna e Parteshit
XK.10097357.37	Komuna e Ranillugut
YE.08.1807	Az Zaydīyah
YE.08.1824	Zabīd
YE.23.1102	Yarīm
YE.22.1730	Washḩah
YE.23.1111	Al ‘Udayn
YE.10.2702	Aţ Ţawīlah
YE.20.1419	Ash Sharafayn
YE.19.2905	Shahārah
YE.16.2305	Sanhan
YE.15.2215	Şa‘dah
YE.20.1413	Radā‘
YE.15.2205	Rāziḩ
YE.23.1104	An Nādirah
YE.25.1506	Al Mukhā’
YE.25.1501	Māwīyah
YE.14.2612	Marib City
YE.23.1107	Al Makhādir
YE.08.1820	Khawlān
YE.19.2919	Khamir
YE.10.2701	Shibām Kawkabān
YE.19.2902	Ḩūth
YE.04.1928	Huraidhah
YE.14.2609	Ḩarīb
YE.22.1702	Harad District
YE.16.2301	Hamdān
YE.22.1728	Hajjah City District
YE.23.1116	Dhī as Sufāl
YE.11.2008	Madīnat Dhamār
YE.08.1817	Bayt al Faqīh
YE.21.1610	Barţ al ‘Anān
YE.08.1810	Bājil
YE.19.2915	‘Amrān
YE.15.2208	Haydan
YE.22.1704	Abs
YE.22.1713	Qafl Shamer
YE.23.1109	Hazm Al Udayn
YE.23.1101	Al Qafr
YE.22.1717	Al Maghrabah
YE.26.1310	Bani Al Harith
YE.25.1523	Sama
YE.25.1512	Al Misrakh
YE.25.1511	Sabir Al Mawadim
YE.25.1513	Dimnat Khadir
YE.25.1515	Ash Shamayatayn
YE.25.1509	Jabal Habashy
YE.21.1604	Az Zahir
YE.21.1612	Kharab Al Marashi
YE.22.1715	Al Mahabishah
YE.22.1703	Midi
YE.22.1727	Bani Al Awam
YE.08.1805	Al Munirah
YE.08.1814	Ad Durayhimi
YE.08.1813	Al Marawi'ah
YE.08.1821	Al Hawak
YE.08.1804	As Salif
YE.08.1818	Jabal Ra's
YE.04.1920	Rakhyah
YE.11.2011	Dawran Aness
YE.05.2105	Usaylan
YE.15.2213	Al Hashwah
YE.15.2204	Ghamr
YE.15.2202	Qatabir
YE.15.2203	Monabbih
YE.16.2302	Arhab
YE.24.2510	Al Qabbaytah
YE.14.2604	Harib Al Qaramish
YE.19.2901	Harf Sufyan
YE.19.2911	Raydah
YE.23.1105	Ash Sha'ir
YE.23.1103	Ar Radmah
YE.23.1106	As Saddah
YE.23.1117	Mudhaykhirah
YE.23.1110	Far Al Udayn
YE.18.3009	Al Husha
YE.18.3003	Qa'atabah
YE.27.3102	Al Jabin
YE.27.3105	Al Jafariyah
YE.27.3104	Kusmah
YE.27.3103	As Salafiyah
YE.23.1115	As Sayyani
YE.23.1118	Al Mashannah
YE.23.1114	As Sabrah
YE.23.1108	Hubaysh
YE.23.1112	Jiblah
YE.23.1113	Ba'dan
YE.01.1209	Ahwar
YE.01.1202	Mudiyah
YE.01.1201	Al Mahfad
YE.01.1206	Rasad
YE.01.1203	Jayshan
YE.01.1205	Sibah
YE.01.1204	Lawdar
YE.01.1208	Al Wade'a
YE.01.1211	Khanfir
YE.01.1207	Sarar
YE.01.1210	Zingibar
YE.20.1417	Sabah
YE.20.1414	Al Quraishyah
YE.20.1418	Ar Ryashyyah
YE.20.1401	Na'man
YE.20.1408	Mukayras
YE.20.1402	Nati'
YE.20.1411	As Sawadiyah
YE.20.1407	At Taffah
YE.20.1412	Radman Al Awad
YE.20.1406	Dhi Na'im
YE.20.1409	Al Bayda City
YE.20.1403	Maswarah
YE.20.1416	Al A'rsh
YE.20.1404	As Sawma'ah
YE.20.1405	Az Zahir
YE.25.1510	Mashra'a Wa Hadnan
YE.25.1516	Al Wazi'iyah
YE.25.1514	As Silw
YE.25.1517	Hayfan
YE.25.1521	Al Ma'afer
YE.25.1522	Al Mawasit
YE.25.1507	Dhubab
YE.25.1520	Salh
YE.25.1508	Mawza
YE.25.1504	Shara'b Ar Rawnah
YE.25.1505	Maqbanah
YE.25.1503	Shara'b As Salam
YE.21.1605	Al Hazm
YE.21.1609	Al Khalq
YE.21.1606	Al Maton
YE.21.1603	Al Matammah
YE.21.1607	Al Maslub
YE.21.1608	Al Ghayl
YE.21.1601	Khabb wa ash Sha'af
YE.21.1602	Al Humaydat
YE.21.1611	Rajuzah
YE.22.1722	Ku'aydinah
YE.22.1706	Mustaba
YE.22.1723	Wadhrah
YE.22.1718	Kuhlan Affar
YE.22.1719	Sharas
YE.22.1711	Khayran Al Muharraq
YE.22.1721	Ash Shahil
YE.22.1726	Najrah
YE.22.1725	Ash Shaghadirah
YE.22.1720	Mabyan
YE.22.1716	Al Miftah
YE.22.1708	Al Jamimah
YE.22.1712	Aslem
YE.22.1707	Kushar
YE.08.1815	As Sukhnah
YE.08.1825	Al Garrahi
YE.08.1812	Bura
YE.08.1816	Al Mansuriyah
YE.08.1801	Az Zuhrah
YE.08.1809	Ad Dahi
YE.08.1819	Hays
YE.08.1826	At Tuhayat
YE.08.1811	Al Hajjaylah
YE.08.1808	Al Mighlaf
YE.08.1806	Al Qanawis
YE.08.1802	Alluheyah
YE.04.1922	Adh Dhlia'ah
YE.04.1923	Yabuth
YE.04.1924	Hajr
YE.04.1908	Shibam
YE.04.1909	Sah
YE.04.1916	Ghayl Bin Yamin
YE.04.1919	Wadi Al Ayn
YE.04.1921	Amd
YE.04.1913	Ar Raydah Wa Qusayar
YE.04.1918	Daw'an
YE.04.1914	Ad Dis
YE.04.1915	Ash Shihr
YE.04.1917	Ghayl Ba Wazir
YE.28.1927	Qulensya Wa Abd Al Kuri
YE.04.1925	Brom Mayfa
YE.04.1929	Al Mukalla City
YE.04.1910	Sayun
YE.28.1926	Hidaybu
YE.04.1902	Thamud
YE.04.1903	Al Qaf
YE.04.1904	Zamakh wa Manwakh
YE.04.1912	As Sawm
YE.04.1905	Hagr As Sai'ar
YE.04.1911	Tarim
YE.04.1901	Rumah
YE.04.1907	Al Qatn
YE.04.1906	Al Abr
YE.11.2009	Mayfa'at Anss
YE.11.2001	Al Hada
YE.11.2006	Wusab Al Ali
YE.11.2004	Maghirib Ans
YE.11.2002	Jahran
YE.11.2012	Al Manar
YE.11.2003	Jabal Ash sharq
YE.11.2007	Wusab As Safil
YE.11.2005	Utmah
YE.05.2113	Ataq
YE.05.2117	Rudum
YE.05.2110	Nisab
YE.05.2107	Bayhan
YE.05.2114	Habban
YE.05.2111	Hatib
YE.05.2116	Mayfa'a
YE.05.2108	Merkhah Al Ulya
YE.05.2109	Merkhah As Sufla
YE.05.2112	As Said
YE.05.2101	Dhar
YE.05.2104	Arma
YE.05.2103	Jardan
YE.05.2106	Ain
YE.05.2102	Al Talh
YE.05.2115	Ar Rawdah
YE.15.2207	Al Dhaher
YE.15.2206	Shada'a
YE.15.2209	Saqayn
YE.15.2201	Baqim
YE.15.2212	As Safra
YE.15.2210	Majz
YE.15.2214	Kitaf wa Al Boqe'e
YE.16.2303	Nihm
YE.16.2307	Bani Matar
YE.16.2306	Bilad Ar Rus
YE.16.2309	Al Haymah Al Kharijiyah
YE.16.2310	Manakhah
YE.16.2316	Jihanah
YE.16.2308	Al Haymah Ad Dakhiliyah
YE.16.2311	Sa'fan
YE.02.2405	Attawahi
YE.02.2407	Craiter
YE.02.2404	Al Buraiqeh
YE.02.2408	Khur Maksar
YE.02.2403	Al Mansura
YE.02.2402	Ash Shaikh Outhman
YE.02.2406	Al Mualla
YE.24.2511	Tur Al Bahah
YE.24.2514	Al  Hawtah
YE.24.2505	Habil Jabr
YE.24.2504	Yahr
YE.24.2506	Halimayn
YE.24.2508	Al Milah
YE.24.2507	Radfan
YE.24.2503	Al Maflahy
YE.24.2502	Yafa'a
YE.24.2509	Al Musaymir
YE.24.2501	Al Had
YE.24.2512	Al Maqatirah
YE.24.2513	Al Madaribah Wa Al Arah
YE.14.2605	Bidbadah
YE.14.2613	Marib
YE.14.2601	Majzar
YE.14.2603	Medghal
YE.14.2602	Raghwan
YE.14.2606	Sirwah
YE.14.2611	Al Abdiyah
YE.14.2610	Mahliyah
YE.14.2608	Rahabah
YE.14.2607	Al Jubah
YE.10.2707	Bani Sa'd
YE.10.2704	Al Khabt
YE.10.2703	Ar Rujum
YE.10.2708	Al Mahwait City
YE.10.2706	Hufash
YE.10.2705	Milhan
YE.03.2801	Shahan
YE.03.2807	Sayhut
YE.03.2802	Hat
YE.03.2804	Al Ghaydah
YE.03.2809	Huswain
YE.03.2808	Qishn
YE.03.2805	Man'ar
YE.03.2806	Al Masilah
YE.19.2912	Jabal Iyal Yazid
YE.19.2903	Al Ashah
YE.19.2907	Suwayr
YE.19.2906	Al Madan
YE.19.2917	Thula
YE.19.2913	As Sudah
YE.19.2908	Habur Zulaymah
YE.19.2904	Al Qaflah
YE.19.2916	Maswar
YE.19.2914	As Sawd
YE.19.2910	Kharif
YE.19.2918	Iyal Surayh
YE.19.2909	Dhi Bin
YE.18.3006	Ad Dhale'e
YE.18.3005	Al Hussein
YE.18.3002	Damt
YE.18.3008	Al Azariq
YE.18.3001	Juban
YE.18.3004	Ash Shu'ayb
YE.27.3101	Bilad At Ta'am
ZA.07.DC32	Ehlanzeni District
ZA.02.ETH	eThekwini Metropolitan Municipality
ZA.11.CPT	City of Cape Town
ZA.05.BUF	Buffalo City Metropolitan Municipality
ZA.05.DC10	Sarah Baartman District Municipality
ZA.05.DC12	Amathole District Municipality
ZA.05.DC13	Chris Hani District Municipality
ZA.11.DC2	Cape Winelands District Municipality
ZA.02.DC25	Amajuba District Municipality
ZA.09.DC35	Capricorn District Municipality
ZA.10.DC37	Bojanala Platinum District Municipality
ZA.10.DC39	Dr Ruth Segomotsi Mompati District Municipality
ZA.11.DC4	Eden District Municipality
ZA.10.DC40	Dr Kenneth Kaunda District Municipality
ZA.05.DC44	Alfred Nzo District Municipality
ZA.11.DC5	Central Karoo District Municipality
ZA.06.EKU	Ekurhuleni Metropolitan Municipality
ZA.06.JHB	City of Johannesburg Metropolitan Municipality
ZA.06.TSH	City of Tshwane Metropolitan Municipality
ZA.11.DC1	West Coast District Municipality
ZA.05.DC14	Joe Gqabi District Municipality
ZA.05.DC15	OR Tambo District Municipality
ZA.03.DC16	Xhariep District Municipality
ZA.03.DC18	Lejweleputswa District Municipality
ZA.03.DC19	Thabo Mofutsanyana District Municipality
ZA.03.DC20	Fezile Dabi District Municipality
ZA.02.DC21	Ugu District Municipality
ZA.02.DC22	uMgungundlovu District Municipality
ZA.02.DC23	uThukela District Municipality
ZA.02.DC24	uMzinyathi District Municipality
ZA.02.DC26	Zululand District Municipality
ZA.02.DC28	uThungulu District Municipality
ZA.02.DC29	iLembe District Municipality
ZA.11.DC3	Overberg District Municipality
ZA.07.DC30	Gert Sibande District Municipality
ZA.07.DC31	Nkangala District Municipality
ZA.09.DC33	Mopani District Municipality
ZA.09.DC34	Vhembe District Municipality
ZA.09.DC36	Waterberg District Municipality
ZA.10.DC38	Ngaka Modiri Molema District Municipality
ZA.06.DC42	Sedibeng District Municipality
ZA.02.DC43	Sisonke District Municipality
ZA.08.DC45	John Taolo Gaetsewe District Municipality
ZA.09.DC47	Sekhukhune District Municipality
ZA.06.DC48	West Rand District Municipality
ZA.08.DC6	Namakwa District Municipality
ZA.08.DC7	Pixley ka Seme District Municipality
ZA.08.DC8	Siyanda District Municipality
ZA.08.DC9	Frances Baard District Municipality
ZA.03.MAN	Mangaung Metropolitan Municipality
ZA.05.NMA	Nelson Mandela Bay Metropolitan Municipality
ZA.02.DC27	uMkhanyakude District Municipality
ZM.03.899821	Petauke District
ZM.07.906042	Monze District
ZM.07.910107	Livingstone District
ZM.07.917743	Choma District
ZM.08.919006	Chingola District
ZW.06.889941	Hwange District
